"","block","Chlamy","mic","temp","well.ID","r.exp"
"1",1,"y","none",8,"1.3.9",-0.0584274875476144
"2",1,"y","none",8,"2.2.2",0.0283685630655371
"3",1,"y","none",8,"2.4.5",0.0422561844588834
"4",2,"y","none",8,"1.1.6",0.152455579321485
"5",2,"y","none",8,"2.2.10",0.198848301834416
"6",2,"y","none",8,"2.3.8",0.141423943929682
"7",1,"y","none",14,"2.2.1",0.53950788407182
"8",1,"y","none",14,"2.2.8",0.625734144892479
"9",1,"y","none",14,"2.4.1",0.612359577022289
"10",2,"y","none",14,"1.3.8",-0.0243704992532584
"11",2,"y","none",14,"2.4.9",0.12147854297159
"12",2,"y","none",14,"2.5.1",0.464166969329163
"13",1,"y","none",20,"1.1.3",0.356402085931866
"14",1,"y","none",20,"1.4.1",0.403142716301573
"15",1,"y","none",20,"1.5.7",1.06008979515922
"16",2,"y","none",20,"1.1.2",0.353753609330687
"17",2,"y","none",20,"2.2.5",0.690302588595085
"18",2,"y","none",20,"2.5.8",0.523871602967993
"19",1,"y","none",25,"1.5.8",0.872734169084047
"20",1,"y","none",25,"1.6.4",1.81292444261888
"21",1,"y","none",25,"1.6.5",1.82483542259415
"22",2,"y","none",25,"1.1.9",1.16834113289103
"23",2,"y","none",25,"1.2.9",0.78734541603354
"24",2,"y","none",25,"2.1.9",0.952375686763995
"25",1,"y","none",30,"3.3.2",1.96385631985909
"26",1,"y","none",30,"13.2.8",1.39850292535509
"27",1,"y","none",30,"19.2.4",1.52246813525871
"28",2,"y","none",30,"1.4.1",1.66706568040074
"29",2,"y","none",30,"16.5.9",1.503015120398
"30",2,"y","none",30,"20.6.6",1.98958306805541
"31",1,"y","none",33,"1.3.1",1.92535824404727
"32",1,"y","none",33,"1.5.9",1.41197364149663
"33",1,"y","none",33,"2.4.3",1.87725778878193
"34",2,"y","none",33,"1.2.3",2.08550154768357
"35",2,"y","none",33,"1.2.9",2.03747759832969
"36",2,"y","none",33,"1.6.4",2.01376224555824
"37",1,"y","none",35,"1.3.4",1.93437848269484
"38",1,"y","none",35,"1.5.10",0.417523742440742
"39",1,"y","none",35,"2.2.7",1.98858396840245
"40",2,"y","none",35,"1.2.3",1.99519148128616
"41",2,"y","none",35,"1.2.6",2.18725178318593
"42",2,"y","none",35,"1.4.1",1.60878644059911
"43",1,"y","none",39,"1.4.1",0.259256765308946
"44",1,"y","none",39,"1.6.4",1.22832630640141
"45",1,"y","none",39,"2.1.2",0.269092818777437
"46",2,"y","none",39,"1.6.6",0.960081881605822
"47",2,"y","none",39,"2.4.2",0.908407063514634
"48",1,"y","none",43,"1.2.4",-0.265472192302044
"49",1,"y","none",43,"1.5.9",-0.233249201680798
"50",1,"y","none",43,"1.6.4",-0.210129337611681
"51",2,"y","none",43,"1.5.3",-0.228947721136236
"52",2,"y","none",43,"2.2.3",-0.262255989911643
"53",2,"y","none",43,"2.6.10",-0.166002481787408
"54",1,"y","1",8,"1.1.10",-0.070235304259096
"55",1,"n","1",8,"1.2.4",-0.0653804910112107
"56",1,"n","1",8,"1.4.2",-0.142906559543019
"57",1,"y","1",8,"1.4.5",0.0850168440996416
"58",1,"n","1",8,"1.6.2",-0.0870273220263931
"59",1,"y","1",8,"2.2.9",0.0233737350169354
"60",2,"y","1",8,"1.2.1",0.17118775866303
"61",2,"n","1",8,"1.3.2",-0.136663930895073
"62",2,"y","1",8,"1.4.9",0.139336382876631
"63",2,"n","1",8,"1.5.10",-0.152602722559258
"64",2,"y","1",8,"2.4.1",-0.00202811005370778
"65",2,"n","1",8,"2.4.9",-0.0922543136219974
"66",1,"n","1",14,"1.2.6",-0.156234053171994
"67",1,"n","1",14,"1.4.8",-0.0907414958691518
"68",1,"y","1",14,"2.3.10",0.636792542512665
"69",1,"n","1",14,"2.4.10",-0.0887767365662743
"70",1,"y","1",14,"2.6.3",0.448813502450043
"71",1,"y","1",14,"2.6.5",0.293059569091715
"72",2,"n","1",14,"1.1.1",-0.116104648050003
"73",2,"n","1",14,"1.3.2",-0.0908878322664185
"74",2,"y","1",14,"1.6.10",0.0224454700106639
"75",2,"n","1",14,"2.1.6",-0.067544932620208
"76",2,"y","1",14,"2.5.5",0.600051060277791
"77",1,"y","1",20,"1.3.10",0.892727766428972
"78",1,"y","1",20,"1.5.10",0.674771968232224
"79",1,"y","1",20,"1.6.5",0.389345670898088
"80",1,"n","1",20,"2.1.1",-0.166588339520461
"81",1,"n","1",20,"2.3.3",-0.173496561525448
"82",1,"n","1",20,"2.3.4",-0.18750328043292
"83",2,"y","1",20,"1.2.2",0.355155366108098
"84",2,"n","1",20,"1.5.1",-0.108033593427878
"85",2,"n","1",20,"1.5.6",-0.0707102811159422
"86",2,"n","1",20,"2.1.4",-0.0606966748891482
"87",2,"y","1",20,"2.3.2",0.429815121952951
"88",2,"y","1",20,"2.5.3",0.0919509002019141
"89",1,"y","1",25,"1.4.4",1.83497527888845
"90",1,"n","1",25,"1.4.10",-0.094074776443382
"91",1,"y","1",25,"1.6.8",1.29037854819258
"92",1,"y","1",25,"2.1.4",1.87979503086306
"93",1,"n","1",25,"2.6.3",-0.107141361462249
"94",1,"n","1",25,"2.6.5",-0.033159629361587
"95",2,"n","1",25,"1.3.7",-0.0875395658619342
"96",2,"y","1",25,"1.3.10",1.0957367897768
"97",2,"y","1",25,"1.4.5",0.825380709728113
"98",2,"n","1",25,"2.1.5",-0.16493069928939
"99",2,"y","1",25,"2.3.10",0.926855356472537
"100",2,"n","1",25,"2.4.2",-0.0998158953143981
"101",1,"n","1",30,"11.4.1",-0.212801929124607
"102",1,"y","1",30,"14.1.10",1.55164411821312
"103",1,"y","1",30,"27.3.1",1.39869624931517
"104",1,"n","1",30,"27.3.6",-0.141700636624795
"105",1,"y","1",30,"27.4.8",1.15042979698162
"106",1,"n","1",30,"29.5.7",-0.135852145542132
"107",2,"y","1",30,"3.3.2",1.14080500239063
"108",2,"n","1",30,"5.4.7",1.07719738484624
"109",2,"y","1",30,"12.3.4",1.40955026127112
"110",2,"y","1",30,"13.6.3",1.84061593970908
"111",2,"n","1",30,"25.2.10",-0.162631580960228
"112",2,"n","1",30,"31.3.6",-0.148434271324208
"113",1,"y","1",33,"1.1.7",1.89254300517646
"114",1,"y","1",33,"1.2.1",1.99848281426618
"115",1,"n","1",33,"1.4.2",2.68410896183809
"116",1,"n","1",33,"2.1.5",-0.0648782467693585
"117",1,"n","1",33,"2.1.10",0.161226460577247
"118",1,"y","1",33,"2.3.4",1.71010425665845
"119",2,"n","1",33,"1.2.8",-0.182380293447432
"120",2,"n","1",33,"1.3.7",-0.129855869847179
"121",2,"n","1",33,"1.6.8",-0.196213591059154
"122",2,"y","1",33,"2.2.1",2.00285084451179
"123",2,"y","1",33,"2.3.1",1.91553114370922
"124",2,"y","1",33,"2.6.1",1.88135649993351
"125",1,"y","1",35,"1.1.9",2.34167158744031
"126",1,"n","1",35,"1.2.9",-0.122765251746451
"127",1,"y","1",35,"1.3.5",2.01508290849113
"128",1,"n","1",35,"1.5.9",-0.107181305461155
"129",1,"n","1",35,"2.3.2",0.272720086651412
"130",1,"y","1",35,"2.3.9",0.449808449787707
"131",2,"y","1",35,"1.1.10",2.41029948364152
"132",2,"n","1",35,"1.2.10",-0.112268858311102
"133",2,"y","1",35,"1.4.3",2.3444282791752
"134",2,"n","1",35,"1.4.6",-0.119339533478804
"135",2,"y","1",35,"2.2.8",2.03167773943616
"136",2,"n","1",35,"2.6.9",-0.152470607567432
"137",1,"y","1",39,"1.3.1",1.35998631737603
"138",1,"y","1",39,"2.1.7",1.88126052225114
"139",1,"n","1",39,"2.3.7",-0.110733230492501
"140",1,"n","1",39,"2.3.9",-0.121574376950538
"141",1,"y","1",39,"2.4.2",0.411585104042827
"142",1,"n","1",39,"2.5.3",-0.101986413737882
"143",2,"y","1",39,"1.3.6",1.12524043896161
"144",2,"n","1",39,"1.3.7",-0.0949185156041322
"145",2,"y","1",39,"2.1.5",1.03005865756883
"146",2,"y","1",39,"2.2.7",0.926627059121722
"147",2,"n","1",39,"2.3.3",-0.108466356137506
"148",2,"n","1",39,"2.5.1",-0.208703196056878
"149",1,"n","1",43,"1.1.7",-0.16119477815594
"150",1,"y","1",43,"1.4.2",-0.36084740963726
"151",1,"y","1",43,"1.6.3",-0.249960836251897
"152",1,"n","1",43,"2.1.8",-0.140044863071803
"153",1,"n","1",43,"2.2.3",-0.127807019857051
"154",1,"y","1",43,"2.4.7",-0.221054143852125
"155",2,"n","1",43,"1.3.8",-0.129543123971935
"156",2,"y","1",43,"1.3.9",-0.22758139072527
"157",2,"y","1",43,"1.6.7",-0.269728182150853
"158",2,"n","1",43,"2.2.2",-0.1302303434841
"159",2,"n","1",43,"2.5.3",-0.0624487613831517
"160",2,"y","1",43,"2.5.7",-0.200497026094331
"161",1,"y","2",8,"1.1.2",-0.0547274412680734
"162",1,"n","2",8,"1.2.2",-0.193155819459221
"163",1,"y","2",8,"1.2.5",0.051708354111251
"164",1,"n","2",8,"2.1.8",-0.233893346241371
"165",1,"n","2",8,"2.4.6",-0.179472544198876
"166",1,"y","2",8,"2.4.9",0.0331292491163207
"167",2,"n","2",8,"1.1.9",-0.0931488341682232
"168",2,"n","2",8,"1.6.5",-0.148368391057597
"169",2,"y","2",8,"1.6.10",0.153375322508338
"170",2,"y","2",8,"2.1.6",0.185575893934651
"171",2,"n","2",8,"2.6.2",-0.113186004218766
"172",2,"y","2",8,"2.6.9",0.216064294326856
"173",1,"y","2",14,"1.1.4",0.632020523414559
"174",1,"n","2",14,"1.1.6",-0.0602721697225026
"175",1,"n","2",14,"1.6.9",-0.197394788533608
"176",1,"y","2",14,"2.2.4",0.656834574265939
"177",1,"n","2",14,"2.3.7",-0.246647003287398
"178",1,"y","2",14,"2.5.2",0.710705188748251
"179",2,"n","2",14,"1.3.1",-0.128366822663696
"180",2,"n","2",14,"1.3.3",-0.0587817445861097
"181",2,"y","2",14,"1.5.8",-0.00704351840367251
"182",2,"y","2",14,"1.6.4",-0.0388274689221677
"183",2,"n","2",14,"2.3.9",-0.0757361906678927
"184",2,"y","2",14,"2.5.6",0.0205968203473745
"185",1,"y","2",20,"1.1.1",0.181652377500664
"186",1,"n","2",20,"1.1.10",-0.261559912284174
"187",1,"y","2",20,"1.4.8",0.347222156929312
"188",1,"y","2",20,"2.1.4",1.22973009224258
"189",1,"n","2",20,"2.2.9",-0.169151353783799
"190",1,"n","2",20,"2.4.8",-0.089833683325076
"191",2,"n","2",20,"1.1.7",-0.0734623180755184
"192",2,"y","2",20,"1.2.1",1.18422937049756
"193",2,"y","2",20,"1.4.2",1.10287430227186
"194",2,"n","2",20,"2.2.7",-0.0630267576404589
"195",2,"y","2",20,"2.4.1",0.79440775594274
"196",2,"n","2",20,"2.4.6",-0.0783117909701006
"197",1,"n","2",25,"1.1.4",-0.122406208446268
"198",1,"n","2",25,"2.2.3",-0.114959673328966
"199",1,"n","2",25,"2.2.8",-0.147862325441486
"200",1,"y","2",25,"2.2.10",1.77455726907973
"201",1,"y","2",25,"2.5.5",1.7711859006372
"202",1,"y","2",25,"2.6.8",1.62376650883886
"203",2,"y","2",25,"1.5.7",0.740267032614237
"204",2,"n","2",25,"2.1.6",-0.107052094808177
"205",2,"n","2",25,"2.3.4",-0.121140486558727
"206",2,"n","2",25,"2.4.4",-0.0712253693859022
"207",2,"y","2",25,"2.4.5",1.00542559417442
"208",2,"y","2",25,"2.4.10",0.682620908056176
"209",1,"y","2",30,"1.2.8",1.54769913512019
"210",1,"n","2",30,"2.2.9",-0.108441775736712
"211",1,"n","2",30,"4.2.3",-0.112858545572896
"212",1,"n","2",30,"10.2.3",-0.244098112537266
"213",1,"y","2",30,"21.3.3",1.7173181613209
"214",1,"y","2",30,"24.6.8",1.42530238105034
"215",2,"n","2",30,"2.2.5",0.0234506188955025
"216",2,"n","2",30,"6.6.3",-0.0885105932884499
"217",2,"n","2",30,"7.1.4",-0.0398851226845702
"218",2,"y","2",30,"14.3.7",0.569719354534678
"219",2,"y","2",30,"19.6.8",1.89604960341662
"220",2,"y","2",30,"30.3.7",1.82514901580781
"221",1,"y","2",33,"1.4.5",2.04864152245182
"222",1,"n","2",33,"2.1.8",-0.02243771837557
"223",1,"y","2",33,"2.2.2",1.92653258600841
"224",1,"n","2",33,"2.2.4",-0.0167299446322138
"225",1,"n","2",33,"2.4.9",-0.133294314407291
"226",1,"y","2",33,"2.6.7",1.89079682777974
"227",2,"y","2",33,"1.4.4",2.04604826571951
"228",2,"n","2",33,"1.5.1",-0.0903200287391042
"229",2,"n","2",33,"1.5.5",-0.138828440104424
"230",2,"y","2",33,"1.6.6",1.98027469132767
"231",2,"n","2",33,"2.1.3",-0.125883602259292
"232",2,"y","2",33,"2.3.2",1.99460187024555
"233",1,"y","2",35,"1.1.1",0.480024779777916
"234",1,"n","2",35,"1.3.7",-0.0646377766490179
"235",1,"y","2",35,"1.6.5",1.97977441332413
"236",1,"y","2",35,"2.1.7",2.28446022212697
"237",1,"n","2",35,"2.2.10",-0.0532121252400127
"238",1,"n","2",35,"2.3.4",0.0389055822007853
"239",2,"n","2",35,"2.3.2",-0.057527990338342
"240",2,"n","2",35,"2.4.4",-0.119456326772079
"241",2,"y","2",35,"2.4.6",2.02957254281432
"242",2,"y","2",35,"2.5.4",2.28022313386338
"243",2,"y","2",35,"2.5.8",2.40383723573099
"244",2,"n","2",35,"2.6.3",-0.100419512720176
"245",1,"y","2",39,"1.1.7",1.9831470658653
"246",1,"y","2",39,"1.1.8",1.85081181462632
"247",1,"n","2",39,"1.2.4",-0.863152785270069
"248",1,"n","2",39,"1.4.7",-0.183060649619191
"249",1,"y","2",39,"2.2.1",0.358909227493489
"250",1,"n","2",39,"2.4.7",-0.174388177381278
"251",2,"y","2",39,"1.2.9",0.949823925876831
"252",2,"n","2",39,"1.3.8",-0.193527643429909
"253",2,"y","2",39,"2.2.5",1.17714755249971
"254",2,"n","2",39,"2.4.1",-0.144008329070709
"255",1,"n","2",43,"1.2.10",-0.137300251337633
"256",1,"y","2",43,"1.4.3",-0.326239614532268
"257",1,"n","2",43,"1.4.6",0.187767862539136
"258",1,"y","2",43,"2.1.6",-0.366417889226375
"259",1,"n","2",43,"2.4.8",-0.150063565984351
"260",1,"y","2",43,"2.6.8",-0.28448042109454
"261",2,"n","2",43,"1.1.5",-0.0616561333639583
"262",2,"y","2",43,"1.1.9",-0.164767453385291
"263",2,"n","2",43,"1.2.3",-0.153846196892688
"264",2,"n","2",43,"1.6.3",-0.128092502597161
"265",2,"y","2",43,"1.6.4",-0.164096698325186
"266",2,"y","2",43,"2.1.9",-0.21420157980023
"267",1,"y","3",8,"1.5.4",0.209417895702006
"268",1,"y","3",8,"1.5.9",0.0405433200212745
"269",1,"n","3",8,"1.6.4",-0.164303175940033
"270",1,"y","3",8,"2.1.5",0.0574248232811684
"271",1,"n","3",8,"2.1.9",-0.165575772842902
"272",1,"n","3",8,"2.2.7",-0.178597676205986
"273",2,"n","3",8,"1.1.3",-0.134662792329955
"274",2,"n","3",8,"1.2.5",-0.130209365858399
"275",2,"y","3",8,"1.4.3",0.251554422561919
"276",2,"y","3",8,"1.6.9",0.198635070499463
"277",2,"y","3",8,"2.4.7",0.0233289734409689
"278",2,"n","3",8,"2.5.6",-0.0857806644099462
"279",1,"n","3",14,"1.3.2",-0.136617057353487
"280",1,"y","3",14,"1.4.2",0.335909482449853
"281",1,"y","3",14,"1.5.3",0.736308559837696
"282",1,"y","3",14,"2.3.6",0.663332405064437
"283",1,"n","3",14,"2.4.8",-0.151094655751305
"284",1,"n","3",14,"2.5.9",-0.215526640586951
"285",2,"y","3",14,"1.2.5",0.373297322434567
"286",2,"n","3",14,"1.2.6",-0.0650823324949308
"287",2,"y","3",14,"1.5.5",0.136333205523683
"288",2,"n","3",14,"1.6.7",-0.104141126707704
"289",2,"n","3",14,"1.6.8",-0.160176128948257
"290",2,"y","3",14,"2.1.8",0.0441784848297274
"291",1,"n","3",20,"1.2.6",-0.136140453668174
"292",1,"n","3",20,"1.3.3",-0.0963219582246252
"293",1,"n","3",20,"1.3.8",-0.154199928729672
"294",1,"y","3",20,"2.1.10",0.353563603393918
"295",1,"y","3",20,"2.2.1",0.328084417044928
"296",1,"y","3",20,"2.2.10",0.46935137784623
"297",2,"y","3",20,"1.2.3",1.13161574656048
"298",2,"n","3",20,"1.5.2",-0.0779486910572263
"299",2,"n","3",20,"2.1.5",-0.0364609830321775
"300",2,"y","3",20,"2.2.9",0.0893809888683453
"301",2,"y","3",20,"2.6.5",1.14488372621038
"302",2,"n","3",20,"2.6.10",-0.0737911601195149
"303",1,"n","3",25,"1.1.6",-0.126377047061037
"304",1,"n","3",25,"1.3.3",-0.0556626237913914
"305",1,"y","3",25,"1.4.1",1.6026792084751
"306",1,"y","3",25,"2.3.2",1.22227494038062
"307",1,"y","3",25,"2.4.8",1.59530939137254
"308",1,"n","3",25,"2.5.7",-0.127326504138899
"309",2,"y","3",25,"1.3.5",0.872228864473093
"310",2,"y","3",25,"1.4.7",1.11549966839809
"311",2,"y","3",25,"1.5.10",1.09090982247621
"312",2,"n","3",25,"2.2.7",-0.120650569720211
"313",2,"n","3",25,"2.3.6",-0.129363287768895
"314",2,"n","3",25,"2.4.3",-0.0821739580403768
"315",1,"n","3",30,"14.1.1",0.0587260328090386
"316",1,"y","3",30,"15.2.4",1.51806651334736
"317",1,"y","3",30,"16.6.7",1.26352829533952
"318",1,"n","3",30,"17.4.9",-0.172809587787337
"319",1,"y","3",30,"22.2.8",1.70098973010721
"320",1,"n","3",30,"23.2.1",-0.278315286646706
"321",2,"n","3",30,"1.3.2",-0.138255112850949
"322",2,"y","3",30,"4.2.5",0.564777380305044
"323",2,"y","3",30,"6.6.1",2.02198242651287
"324",2,"n","3",30,"19.3.2",-0.0939433142852284
"325",2,"y","3",30,"24.3.2",0.510548729241585
"326",2,"n","3",30,"31.2.5",-0.110401543943478
"327",1,"n","3",33,"1.1.4",0.0860154601908902
"328",1,"n","3",33,"1.2.7",-0.0193312697845597
"329",1,"y","3",33,"1.2.9",1.87363089065785
"330",1,"y","3",33,"1.3.6",1.83084100245012
"331",1,"y","3",33,"2.3.5",1.8340019424998
"332",1,"n","3",33,"2.3.9",0.122051623488417
"333",2,"n","3",33,"1.4.7",-0.11517319359853
"334",2,"y","3",33,"1.6.10",2.07312148493986
"335",2,"n","3",33,"2.1.6",-0.105542874908627
"336",2,"n","3",33,"2.2.4",-0.140992276980043
"337",2,"y","3",33,"2.3.6",1.62096459843621
"338",2,"y","3",33,"2.3.7",2.06796834987258
"339",1,"n","3",35,"1.2.3",-0.104829400177765
"340",1,"y","3",35,"1.3.1",1.93739976889662
"341",1,"n","3",35,"1.5.4",-0.0950212557827834
"342",1,"y","3",35,"2.2.5",0.988777075833683
"343",1,"n","3",35,"2.2.8",-0.075683920258357
"344",1,"y","3",35,"2.4.10",1.87708617996653
"345",2,"n","3",35,"1.3.7",-0.0998445890276988
"346",2,"n","3",35,"1.6.7",-0.118476485782227
"347",2,"y","3",35,"2.2.2",2.0259820066861
"348",2,"n","3",35,"2.3.1",-0.147884101839884
"349",2,"y","3",35,"2.3.3",1.73225552128279
"350",2,"y","3",35,"2.4.9",2.12574230530528
"351",1,"n","3",39,"1.3.5",-0.161801494861918
"352",1,"n","3",39,"1.4.2",0.0920472427313014
"353",1,"y","3",39,"1.4.3",1.19509739561281
"354",1,"y","3",39,"2.2.10",1.38489977782473
"355",1,"y","3",39,"2.4.6",0.504835095711359
"356",1,"n","3",39,"2.4.10",-0.201585572640618
"357",2,"y","3",39,"1.1.4",0.993119340961573
"358",2,"n","3",39,"1.1.5",-0.152550039020822
"359",2,"y","3",39,"1.2.2",1.12126732626815
"360",2,"n","3",39,"1.4.5",-0.170957251669323
"361",2,"y","3",39,"1.4.8",1.10508619569892
"362",2,"n","3",39,"2.2.6",-0.11030194448777
"363",1,"n","3",43,"1.3.10",-0.178805049167764
"364",1,"y","3",43,"1.4.9",-0.298116174828248
"365",1,"y","3",43,"1.6.6",-0.224357432606745
"366",1,"n","3",43,"2.2.7",-0.0987958720459264
"367",1,"n","3",43,"2.5.4",-0.155440189278978
"368",1,"y","3",43,"2.6.6",-0.179089507160027
"369",2,"n","3",43,"1.3.7",-0.132307073495249
"370",2,"y","3",43,"2.1.1",-0.308290791982253
"371",2,"y","3",43,"2.1.4",-0.277240281757222
"372",2,"n","3",43,"2.4.8",-0.102510441723082
"373",2,"n","3",43,"2.4.10",-0.0342779934018254
"374",2,"y","3",43,"2.5.2",-0.254749013040008
"375",1,"y","4",8,"1.1.7",-0.0273909409251985
"376",1,"n","4",8,"1.3.2",-0.224250314455331
"377",1,"n","4",8,"2.1.7",-0.102066328894245
"378",1,"y","4",8,"2.2.1",0.0382428499542831
"379",1,"n","4",8,"2.6.1",0.140481110733388
"380",1,"y","4",8,"2.6.5",0.0459472483258372
"381",2,"n","4",8,"1.5.6",-0.102627760889802
"382",2,"y","4",8,"1.6.2",0.174850249400389
"383",2,"y","4",8,"2.3.2",0.158298529772448
"384",2,"n","4",8,"2.4.6",-0.101904300798051
"385",2,"y","4",8,"2.5.1",0.184946065882921
"386",2,"n","4",8,"2.5.7",-0.154245507303604
"387",1,"n","4",14,"1.1.8",-0.0785513623827967
"388",1,"n","4",14,"1.2.9",-0.125964140829081
"389",1,"y","4",14,"1.4.3",0.632574770388368
"390",1,"y","4",14,"1.5.5",0.0648690644400495
"391",1,"y","4",14,"1.6.8",0.383415155074394
"392",1,"n","4",14,"2.2.10",-0.149786815925469
"393",2,"y","4",14,"1.2.7",0.0396909978043146
"394",2,"n","4",14,"1.3.6",-0.0632626769193218
"395",2,"y","4",14,"1.4.5",0.039082848351077
"396",2,"n","4",14,"2.1.9",-0.0909405837216271
"397",2,"y","4",14,"2.5.2",0.498388973018099
"398",2,"n","4",14,"2.6.10",-0.0921247049560902
"399",1,"n","4",20,"1.1.2",0.318511132626083
"400",1,"y","4",20,"1.2.3",0.418138086591145
"401",1,"n","4",20,"1.3.5",-0.206920451434436
"402",1,"y","4",20,"1.5.8",0.965641525501274
"403",1,"n","4",20,"2.3.2",-0.166960074648836
"404",1,"y","4",20,"2.6.6",0.553677397746058
"405",2,"n","4",20,"1.3.2",-0.0770155587983632
"406",2,"n","4",20,"1.4.1",-0.102397424309207
"407",2,"n","4",20,"2.1.10",-0.116225129407076
"408",2,"y","4",20,"2.2.10",0.196454773386301
"409",2,"y","4",20,"2.5.4",0.598827814019439
"410",2,"y","4",20,"2.5.10",1.15998365226338
"411",1,"y","4",25,"1.4.3",1.85048332784402
"412",1,"y","4",25,"2.2.2",1.85998354691043
"413",1,"y","4",25,"2.3.4",1.66596595103807
"414",1,"n","4",25,"2.6.1",-0.142114347252621
"415",1,"n","4",25,"2.6.2",-0.109939322091565
"416",1,"n","4",25,"2.6.9",-0.19399482335827
"417",2,"y","4",25,"1.4.2",0.785209019716782
"418",2,"n","4",25,"1.4.8",-0.039409825001137
"419",2,"n","4",25,"1.5.1",-0.0357108625224069
"420",2,"y","4",25,"2.2.5",0.762505859546416
"421",2,"n","4",25,"2.6.5",-0.0721746350494982
"422",2,"y","4",25,"2.6.8",1.03680464155211
"423",1,"n","4",30,"1.5.8",-0.101834849780413
"424",1,"n","4",30,"8.6.9",-0.145384297683522
"425",1,"y","4",30,"12.5.3",1.26952215222626
"426",1,"n","4",30,"19.4.1",-0.162024850859777
"427",1,"y","4",30,"25.2.5",1.40714228432976
"428",1,"y","4",30,"31.6.4",0.684580636612773
"429",2,"n","4",30,"7.6.9",2.1314406746656
"430",2,"n","4",30,"13.4.5",-0.136201205407789
"431",2,"n","4",30,"16.3.3",-0.138532581269299
"432",2,"y","4",30,"23.3.3",1.39263475313832
"433",2,"y","4",30,"32.1.8",1.50209915100828
"434",2,"y","4",30,"32.2.4",1.49936558207309
"435",1,"n","4",33,"1.2.8",2.45324768271866
"436",1,"n","4",33,"1.6.1",3.16007813826624
"437",1,"n","4",33,"2.2.6",0.175293415848575
"438",1,"y","4",33,"2.3.3",1.6913980088358
"439",1,"y","4",33,"2.4.5",1.70696584340855
"440",1,"y","4",33,"2.6.1",1.90035381068884
"441",2,"n","4",33,"1.5.9",-0.15689052378349
"442",2,"n","4",33,"1.6.3",-0.139657917634585
"443",2,"y","4",33,"2.2.8",2.10997196614853
"444",2,"y","4",33,"2.5.3",2.1044649774341
"445",2,"y","4",33,"2.5.9",1.96630013465262
"446",2,"n","4",33,"2.6.8",-0.145028041325994
"447",1,"n","4",35,"1.4.8",-0.116219030936337
"448",1,"n","4",35,"1.4.9",-0.117053157781538
"449",1,"n","4",35,"1.6.2",-0.170730607354392
"450",1,"y","4",35,"1.6.9",2.04988403274989
"451",2,"n","4",35,"2.4.3",1.27351206025472
"452",1,"y","4",35,"2.5.6",1.93487905661373
"453",2,"y","4",35,"1.1.2",2.31790822137575
"454",2,"y","4",35,"1.4.10",2.24041829259818
"455",2,"y","4",35,"1.5.2",2.00039878140049
"456",2,"n","4",35,"2.1.5",-0.125419744274057
"457",2,"n","4",35,"2.3.4",-0.0897156947504138
"458",1,"n","4",39,"1.2.6",-0.104692628772976
"459",1,"y","4",39,"1.3.10",1.26084610381902
"460",1,"n","4",39,"1.4.4",-0.0791541249170811
"461",1,"y","4",39,"2.5.6",1.3188227465449
"462",1,"y","4",39,"2.5.8",1.42248410870079
"463",1,"n","4",39,"2.6.10",-0.12550579742413
"464",2,"n","4",39,"1.4.7",-0.160980137840727
"465",2,"y","4",39,"1.5.4",1.19773727971114
"466",2,"n","4",39,"2.1.7",-0.159078200148726
"467",2,"n","4",39,"2.2.9",-0.139318963833584
"468",2,"y","4",39,"2.4.9",0.961353209823683
"469",2,"y","4",39,"2.6.3",1.01110754895455
"470",1,"y","4",43,"2.1.7",-0.258313416696889
"471",1,"n","4",43,"2.2.8",-0.165550393715559
"472",1,"y","4",43,"2.3.8",-0.31789754073015
"473",1,"n","4",43,"2.3.10",-0.0878740459288119
"474",1,"y","4",43,"2.4.9",-0.169533189025907
"475",1,"n","4",43,"2.5.10",-0.178555847869465
"476",2,"n","4",43,"1.1.7",-0.0879186410943356
"477",2,"y","4",43,"1.2.1",-0.178408965877562
"478",2,"n","4",43,"2.1.10",-0.0781468367652774
"479",2,"n","4",43,"2.2.7",-0.158566198306726
"480",2,"y","4",43,"2.4.5",-0.214060828626495
"481",2,"y","4",43,"2.5.1",-0.161343114601988
"482",1,"n","5",8,"1.1.1",-0.173557267942739
"483",1,"n","5",8,"1.5.7",-0.125282630570615
"484",1,"y","5",8,"2.1.4",0.0526240472173468
"485",1,"n","5",8,"2.3.9",-0.163303788339928
"486",1,"y","5",8,"2.4.7",0.0595429659423798
"487",1,"y","5",8,"2.5.9",0.00467365742239244
"488",2,"n","5",8,"1.2.7",-0.11179373321734
"489",2,"n","5",8,"1.2.10",-0.100472061853624
"490",2,"y","5",8,"1.5.9",0.182904116476882
"491",2,"y","5",8,"1.6.1",0.256731246240649
"492",2,"y","5",8,"2.2.1",0.185447766499273
"493",2,"n","5",8,"2.3.4",-0.132959573614395
"494",1,"n","5",14,"1.2.1",-0.054178070601708
"495",1,"n","5",14,"1.3.8",-0.0867402148667966
"496",1,"y","5",14,"1.4.9",0.207457287888466
"497",1,"n","5",14,"1.5.1",-0.0967368297203478
"498",1,"y","5",14,"2.5.3",0.401884451904337
"499",1,"y","5",14,"2.6.9",0.608077252351539
"500",2,"y","5",14,"1.1.3",0.208164067496653
"501",2,"n","5",14,"1.1.6",-0.106686659350768
"502",2,"n","5",14,"1.2.2",-0.102226547308256
"503",2,"y","5",14,"2.2.2",-0.0438797141097717
"504",2,"n","5",14,"2.2.9",-0.0664517009866726
"505",2,"y","5",14,"2.3.4",0.306900293698116
"506",1,"y","5",20,"1.6.8",0.884127182863056
"507",1,"n","5",20,"1.6.9",-0.171562287088062
"508",1,"y","5",20,"2.3.8",0.758072411040595
"509",1,"y","5",20,"2.4.9",1.07859249275688
"510",1,"n","5",20,"2.4.10",-0.105655226186326
"511",1,"n","5",20,"2.6.8",-0.158229128795883
"512",2,"y","5",20,"1.2.5",1.19303280492523
"513",2,"y","5",20,"1.2.7",0.203108435857305
"514",2,"y","5",20,"2.1.6",1.16177841786241
"515",2,"n","5",20,"2.4.7",-0.0921446417392782
"516",2,"n","5",20,"2.5.5",-0.048480265392017
"517",2,"n","5",20,"2.6.2",-0.113788205393512
"518",1,"y","5",25,"1.2.8",1.70070050201443
"519",1,"n","5",25,"1.3.1",-0.109326391655192
"520",1,"n","5",25,"2.1.3",-0.172989704259117
"521",1,"y","5",25,"2.2.4",1.14416022543267
"522",1,"n","5",25,"2.5.9",-0.075462605316814
"523",1,"y","5",25,"2.6.10",1.50527189682907
"524",2,"n","5",25,"1.2.1",-0.0926783853551388
"525",2,"y","5",25,"1.4.3",0.826296280902475
"526",2,"y","5",25,"1.5.8",0.787345415577643
"527",2,"n","5",25,"1.6.6",-0.1180287518888
"528",2,"n","5",25,"1.6.9",-0.0973895777193702
"529",2,"y","5",25,"2.6.2",1.06548377329465
"530",1,"y","5",30,"2.3.3",1.75191194558825
"531",1,"n","5",30,"3.5.8",-0.152437045643741
"532",1,"y","5",30,"3.6.1",1.68544061541311
"533",1,"y","5",30,"6.2.9",1.91326778781075
"534",1,"n","5",30,"8.6.5",-0.132973468334441
"535",1,"n","5",30,"30.3.4",-0.149172022830356
"536",2,"n","5",30,"3.5.5",-0.0501781396766357
"537",2,"y","5",30,"14.4.4",0.596415985296785
"538",2,"n","5",30,"21.2.8",-0.102978438115343
"539",2,"y","5",30,"21.4.9",1.57394994704923
"540",2,"n","5",30,"22.4.2",-0.0760222788298552
"541",2,"y","5",30,"30.1.5",1.77860727655791
"542",1,"y","5",33,"1.1.3",2.00607957574807
"543",1,"y","5",33,"1.2.10",1.88808329239364
"544",1,"n","5",33,"1.6.4",2.75205634046728
"545",1,"y","5",33,"1.6.8",2.09634757454379
"546",1,"n","5",33,"2.3.7",-0.200384412720051
"547",1,"n","5",33,"2.4.6",-0.0957540709487706
"548",2,"y","5",33,"1.1.5",2.00800545640909
"549",2,"y","5",33,"1.1.7",2.04844647842297
"550",2,"n","5",33,"1.4.1",-0.127452823556927
"551",2,"y","5",33,"1.4.9",2.0697842393789
"552",2,"n","5",33,"2.1.5",-0.0797533141585548
"553",2,"n","5",33,"2.3.8",-0.119314304565868
"554",1,"n","5",35,"1.1.5",-0.105958438200833
"555",1,"y","5",35,"1.2.4",2.00824424546505
"556",1,"n","5",35,"1.3.6",-0.122944041940172
"557",1,"y","5",35,"2.2.9",1.8022296962009
"558",1,"n","5",35,"2.5.3",0.00957706732970218
"559",1,"y","5",35,"2.6.6",1.04462937488841
"560",2,"y","5",35,"1.3.1",1.9548363859929
"561",2,"n","5",35,"1.3.9",-0.129276488705391
"562",2,"n","5",35,"1.6.8",-0.101524152059816
"563",2,"y","5",35,"2.1.2",1.78458308427341
"564",2,"y","5",35,"2.6.8",2.47704768301907
"565",1,"n","5",39,"1.2.3",-0.1365440255656
"566",1,"n","5",39,"1.2.5",-0.168174624553334
"567",1,"y","5",39,"1.5.5",1.31903640814986
"568",1,"y","5",39,"1.5.7",0.229847096575223
"569",1,"y","5",39,"1.5.9",0.311361577798529
"570",1,"n","5",39,"2.6.4",-0.144805629607767
"571",2,"y","5",39,"1.3.9",1.27951005138178
"572",2,"n","5",39,"2.1.6",-0.0942662243395243
"573",2,"n","5",39,"2.2.8",-0.0827301489620036
"574",2,"y","5",39,"2.4.4",1.13135046993812
"575",2,"y","5",39,"2.5.4",0.894343272139124
"576",2,"n","5",39,"2.5.8",-0.0604385495984751
"577",1,"y","5",43,"1.6.5",-0.217881056404753
"578",1,"n","5",43,"2.1.10",0.358896535934025
"579",1,"n","5",43,"2.2.2",-0.157857023748942
"580",1,"n","5",43,"2.2.4",-0.0808519174874075
"581",1,"y","5",43,"2.4.10",-0.407532183958635
"582",1,"y","5",43,"2.5.7",-0.299595969620655
"583",2,"n","5",43,"1.2.4",-0.139388936833301
"584",2,"n","5",43,"2.1.5",-0.0953674867587267
"585",2,"n","5",43,"2.2.9",-0.0706927082713373
"586",2,"y","5",43,"2.3.3",-0.138884344846235
"587",2,"y","5",43,"2.3.5",-0.244238038548612
"588",2,"y","5",43,"2.5.9",-0.273454401091929
"589",1,"n","6",8,"1.6.9",-0.129589133999595
"590",1,"y","6",8,"1.6.10",-0.0305361207112729
"591",1,"y","6",8,"2.2.6",0.0588194454186641
"592",1,"n","6",8,"2.3.3",-0.101042376667752
"593",2,"n","6",8,"2.4.8",-0.109570761625976
"594",1,"n","6",8,"2.4.10",-0.16480880354712
"595",2,"y","6",8,"1.1.7",-0.0855745682672565
"596",2,"y","6",8,"1.5.1",0.218270830836698
"597",2,"y","6",8,"2.2.3",0.18794065031027
"598",2,"n","6",8,"2.3.9",-0.0635427778651884
"599",2,"n","6",8,"2.6.3",-0.224965504676581
"600",1,"y","6",14,"1.1.1",0.750624882981827
"601",1,"n","6",14,"1.1.2",0.25030593578462
"602",1,"n","6",14,"1.2.5",0.0676834028546474
"603",1,"y","6",14,"1.5.6",0.642983292892905
"604",1,"n","6",14,"2.1.6",-0.118426718896704
"605",1,"y","6",14,"2.6.6",0.659270429423834
"606",2,"n","6",14,"1.2.1",-0.0915933580291532
"607",2,"y","6",14,"2.1.5",0.111775947422203
"608",2,"n","6",14,"2.2.3",-0.0751145413049189
"609",2,"y","6",14,"2.5.10",0.0632865089158662
"610",2,"n","6",14,"2.6.1",-0.101093326418506
"611",1,"y","6",20,"1.1.9",1.05454026588727
"612",1,"n","6",20,"1.2.5",-0.185662500238917
"613",1,"y","6",20,"1.2.7",1.15786810546167
"614",1,"y","6",20,"1.4.6",0.85436706037907
"615",1,"n","6",20,"2.2.2",-0.214277460273499
"616",1,"n","6",20,"2.6.4",-0.220674612669518
"617",2,"y","6",20,"1.1.5",0.814384019718419
"618",2,"n","6",20,"1.2.4",-0.0538265239131419
"619",2,"y","6",20,"2.2.4",0.759953789011322
"620",2,"n","6",20,"2.2.8",-0.100535160308253
"621",2,"y","6",20,"2.4.10",0.693388114434811
"622",2,"n","6",20,"2.5.7",-0.0805532543668766
"623",1,"n","6",25,"1.4.7",-0.0804660627061078
"624",1,"n","6",25,"2.1.2",-0.113544536388194
"625",1,"y","6",25,"2.3.1",1.70624732917163
"626",1,"y","6",25,"2.4.1",1.77780649024436
"627",1,"y","6",25,"2.4.2",1.36569098237971
"628",1,"n","6",25,"2.4.5",-0.217322982982787
"629",2,"n","6",25,"1.2.10",-0.0862054016803569
"630",2,"n","6",25,"1.3.4",-0.0735814551640857
"631",2,"y","6",25,"1.4.4",1.14071750376798
"632",2,"y","6",25,"1.4.9",1.44661870195711
"633",2,"y","6",25,"2.3.9",1.15483762036171
"634",2,"n","6",25,"2.5.5",0.156575951790924
"635",1,"y","6",30,"4.3.2",1.5512220898393
"636",1,"y","6",30,"5.6.5",1.73266934191456
"637",1,"n","6",30,"18.1.9",-0.302083383565537
"638",1,"y","6",30,"18.6.10",1.69584933158383
"639",1,"n","6",30,"22.6.6",-0.267424912590971
"640",1,"n","6",30,"25.1.10",-0.0913920502225834
"641",2,"n","6",30,"2.4.1",-0.109754310534544
"642",2,"y","6",30,"6.1.2",1.8759592669229
"643",2,"n","6",30,"9.1.10",-0.0584094350966037
"644",2,"y","6",30,"14.5.2",0.743242233978742
"645",2,"n","6",30,"23.5.5",0.615721304659585
"646",2,"y","6",30,"24.1.1",1.41472058955388
"647",1,"n","6",33,"1.5.1",2.45573524349123
"648",1,"n","6",33,"2.1.4",2.03102811773382
"649",1,"n","6",33,"2.2.8",0.413501187921229
"650",1,"y","6",33,"2.5.4",1.81978608161828
"651",1,"y","6",33,"2.5.10",1.90696358400181
"652",1,"y","6",33,"2.6.8",1.8185593504969
"653",2,"n","6",33,"1.5.6",-0.167446907684073
"654",2,"y","6",33,"2.1.7",2.34616638228665
"655",2,"n","6",33,"2.2.5",-0.0989687830827425
"656",2,"n","6",33,"2.6.6",-0.171302907746283
"657",2,"y","6",33,"2.6.10",2.26235930516037
"658",1,"n","6",35,"1.5.1",-0.143866027462703
"659",1,"n","6",35,"2.1.5",-0.162006347072082
"660",1,"y","6",35,"2.2.3",1.88850436988153
"661",1,"y","6",35,"2.3.10",1.8849512999029
"662",1,"y","6",35,"2.4.2",1.809013482481
"663",1,"n","6",35,"2.5.7",-0.0672341273130319
"664",2,"y","6",35,"1.2.7",2.50645814522672
"665",2,"n","6",35,"1.4.9",-0.108224201617568
"666",2,"n","6",35,"1.5.6",-0.069751774101171
"667",2,"y","6",35,"2.3.5",2.25517120981291
"668",2,"y","6",35,"2.5.9",2.14642983032412
"669",2,"n","6",35,"2.5.10",-0.140359421473057
"670",1,"n","6",39,"1.1.9",-0.0629410625938905
"671",1,"y","6",39,"1.5.3",1.2836076112575
"672",1,"y","6",39,"1.6.9",1.25695107314365
"673",1,"n","6",39,"2.1.4",-0.182755068883551
"674",1,"y","6",39,"2.3.2",1.31144073920309
"675",1,"n","6",39,"2.3.10",-0.0756453053066676
"676",2,"y","6",39,"1.4.9",0.971240542217506
"677",2,"y","6",39,"1.6.10",0.990390327028062
"678",2,"y","6",39,"2.1.3",1.03277467457796
"679",2,"n","6",39,"2.3.7",-0.134852102652697
"680",2,"n","6",39,"2.5.9",-0.163963277653326
"681",2,"n","6",39,"2.6.9",-0.107874049785817
"682",1,"n","6",43,"1.1.2",-0.181120956740667
"683",1,"n","6",43,"1.2.3",-0.0735116802795378
"684",1,"n","6",43,"1.2.5",0.0451308313825044
"685",1,"y","6",43,"2.2.1",-0.326219671977202
"686",1,"y","6",43,"2.5.1",-0.243677324742969
"687",1,"y","6",43,"2.6.7",-0.142801581277735
"688",2,"n","6",43,"1.1.8",-0.071100127076327
"689",2,"y","6",43,"1.3.6",-0.227310208619301
"690",2,"n","6",43,"1.4.1",-0.0786408432458771
"691",2,"y","6",43,"2.3.1",-0.191536405902354
"692",2,"n","6",43,"2.5.8",-0.104752641829053
"693",2,"y","6",43,"2.6.1",-0.1997457675229
"694",1,"y","7",8,"1.1.6",0.00786723646095788
"695",1,"n","7",8,"1.2.1",-0.0810566446951125
"696",1,"y","7",8,"1.2.7",0.103158172289168
"697",1,"y","7",8,"1.2.8",0.0585254348900821
"698",1,"n","7",8,"1.5.2",-0.177858456076484
"699",1,"n","7",8,"1.6.5",0.245410578430644
"700",2,"n","7",8,"1.1.5",-0.0801352782420946
"701",2,"y","7",8,"1.2.6",0.156906043770294
"702",2,"y","7",8,"1.6.6",-0.0611372458636082
"703",2,"y","7",8,"2.2.8",0.163901823615447
"704",2,"n","7",8,"2.2.9",-0.29412802699917
"705",2,"n","7",8,"2.4.5",-0.0830246289619128
"706",1,"y","7",14,"1.2.8",0.587238449385471
"707",1,"y","7",14,"1.3.10",0.318501408414457
"708",1,"n","7",14,"1.5.7",-0.182184633753574
"709",1,"n","7",14,"2.3.2",-0.125880623654578
"710",1,"y","7",14,"2.4.3",0.389873386822697
"711",1,"n","7",14,"2.5.8",-0.151753516657344
"712",2,"n","7",14,"1.3.4",-0.0768114412366694
"713",2,"n","7",14,"1.4.6",-0.0769744153787711
"714",2,"y","7",14,"1.5.9",0.632916029073462
"715",2,"y","7",14,"2.3.3",0.53708860666356
"716",2,"n","7",14,"2.3.7",-0.0444436481069326
"717",2,"y","7",14,"2.6.9",0.64954930208834
"718",1,"n","7",20,"1.1.6",-0.113860005980491
"719",1,"n","7",20,"1.1.7",-0.22775044871735
"720",1,"y","7",20,"1.6.1",0.812521695300137
"721",1,"y","7",20,"2.1.9",0.633729309805815
"722",1,"n","7",20,"2.3.10",-0.197395042808069
"723",1,"y","7",20,"2.6.3",0.936886561184033
"724",2,"y","7",20,"1.1.8",1.19046775821951
"725",2,"n","7",20,"1.2.9",-0.0700751664658093
"726",2,"y","7",20,"1.3.6",0.597214420762031
"727",2,"y","7",20,"1.4.9",1.09366360985702
"728",2,"n","7",20,"1.6.9",-0.144543061565399
"729",2,"n","7",20,"2.2.3",-0.0786295331737045
"730",1,"y","7",25,"1.5.7",1.12675123382618
"731",1,"n","7",25,"1.6.6",-0.112883104302106
"732",1,"n","7",25,"2.2.1",-0.164145894076991
"733",1,"n","7",25,"2.2.6",-0.247172357058934
"734",1,"y","7",25,"2.4.9",1.33606984677309
"735",1,"y","7",25,"2.5.1",1.68345597366883
"736",2,"y","7",25,"1.2.5",1.85073703607802
"737",2,"y","7",25,"1.3.9",0.894203415169921
"738",2,"y","7",25,"1.4.1",0.513718301899065
"739",2,"n","7",25,"1.5.5",-0.0562081567268926
"740",2,"n","7",25,"1.5.9",-0.0601267805261865
"741",2,"n","7",25,"2.1.1",-0.102627162727811
"742",1,"y","7",30,"6.3.7",1.91090632509652
"743",1,"n","7",30,"11.2.1",-0.190273974638973
"744",1,"y","7",30,"16.2.7",0.586743312368722
"745",1,"n","7",30,"21.3.6",-0.276512283991825
"746",1,"y","7",30,"31.5.5",0.659610363236022
"747",1,"n","7",30,"32.5.8",-0.125877218480201
"748",2,"y","7",30,"6.4.5",0.4834173673644
"749",2,"y","7",30,"8.2.6",0.681271320462426
"750",2,"n","7",30,"8.3.2",-0.0713681844942926
"751",2,"y","7",30,"11.3.6",0.485398610657942
"752",2,"n","7",30,"22.1.3",0.267620536464366
"753",2,"n","7",30,"24.1.5",-0.126049763911752
"754",1,"y","7",33,"1.5.2",1.95465607820714
"755",1,"n","7",33,"2.1.7",-0.0856333126852223
"756",1,"n","7",33,"2.5.1",-0.177413396909369
"757",1,"y","7",33,"2.5.6",1.79762037245443
"758",1,"y","7",33,"2.6.2",1.89039841150195
"759",1,"n","7",33,"2.6.5",-0.103583131977034
"760",2,"y","7",33,"1.2.2",2.03349710931054
"761",2,"n","7",33,"1.3.2",-0.114102259233176
"762",2,"y","7",33,"1.4.2",1.96628286057727
"763",2,"y","7",33,"1.4.6",2.04127102282194
"764",2,"n","7",33,"2.2.6",-0.175699765523938
"765",2,"n","7",33,"2.5.7",-0.14741739799597
"766",1,"n","7",35,"1.2.7",-0.110281710880127
"767",1,"y","7",35,"1.5.6",2.07053104943088
"768",1,"n","7",35,"1.6.8",-0.0659089012247802
"769",1,"y","7",35,"2.1.10",1.90916294725093
"770",1,"n","7",35,"2.3.1",-0.112329167517612
"771",1,"y","7",35,"2.5.4",1.88458517209972
"772",2,"y","7",35,"1.3.6",1.97480170187791
"773",2,"n","7",35,"1.6.6",-0.140566338598181
"774",2,"n","7",35,"2.1.6",-0.155192968726803
"775",2,"y","7",35,"2.2.10",1.95019901283182
"776",2,"n","7",35,"2.5.1",-0.138988128066681
"777",2,"y","7",35,"2.6.10",2.54733803318339
"778",1,"y","7",39,"1.1.6",0.200806048561614
"779",1,"n","7",39,"1.2.9",-0.156282350276353
"780",1,"y","7",39,"2.1.3",1.23049112526938
"781",1,"n","7",39,"2.1.6",0.319361077664189
"782",1,"n","7",39,"2.4.9",-0.118644491386223
"783",1,"y","7",39,"2.5.9",1.34204741387905
"784",2,"n","7",39,"1.2.1",-0.1442992541253
"785",2,"n","7",39,"1.2.6",-0.141008071378007
"786",2,"y","7",39,"1.5.2",0.861703219304452
"787",2,"n","7",39,"2.1.9",-0.149211995327718
"788",2,"y","7",39,"2.3.2",0.842218288945482
"789",2,"y","7",39,"2.4.6",0.88520880566012
"790",1,"n","7",43,"1.1.3",-0.108275837109578
"791",1,"n","7",43,"1.2.9",0.362104366672158
"792",1,"y","7",43,"1.3.2",-0.181263518645873
"793",1,"y","7",43,"1.6.9",-0.249916241870647
"794",1,"n","7",43,"1.6.10",-0.156839958524366
"795",1,"y","7",43,"2.4.5",-0.387367165456567
"796",2,"n","7",43,"1.2.6",-0.162400360456607
"797",2,"n","7",43,"1.3.5",-0.0694233335598692
"798",2,"y","7",43,"1.5.6",-0.1994901766011
"799",2,"y","7",43,"2.3.2",-0.249663008934758
"800",2,"n","7",43,"2.4.3",0.195324648955295
"801",2,"y","7",43,"2.6.4",-0.221879721628779
"802",1,"y","8",8,"1.2.3",0.0653845839854105
"803",1,"n","8",8,"1.5.6",-0.135517787985814
"804",1,"n","8",8,"1.5.8",-0.0975489331272572
"805",1,"y","8",8,"2.2.5",0.0522277236927924
"806",1,"n","8",8,"2.3.7",-0.138183046524983
"807",1,"y","8",8,"2.5.6",0.0492389793023016
"808",2,"y","8",8,"1.4.1",0.298098580116068
"809",2,"y","8",8,"1.4.4",0.329653400617191
"810",2,"y","8",8,"1.5.2",0.190060347090906
"811",2,"n","8",8,"1.6.7",-0.134817855869892
"812",2,"n","8",8,"2.1.2",-0.14663870563803
"813",2,"n","8",8,"2.3.5",-0.0946913807530222
"814",1,"y","8",14,"1.1.5",0.631188656261346
"815",1,"n","8",14,"1.2.2",-0.144097509601404
"816",1,"y","8",14,"1.6.2",0.408429722189532
"817",1,"y","8",14,"2.1.4",0.361921049450353
"818",1,"n","8",14,"2.6.1",-0.0845787237431131
"819",1,"n","8",14,"2.6.4",-0.0606057200097896
"820",2,"y","8",14,"1.3.9",0.0619684491183893
"821",2,"n","8",14,"1.4.7",-0.0905167910241521
"822",2,"y","8",14,"2.2.6",0.119697181260248
"823",2,"n","8",14,"2.3.2",-0.113506036041836
"824",2,"n","8",14,"2.5.3",-0.0592566884782254
"825",2,"y","8",14,"2.5.8",0.536241631338316
"826",1,"y","8",20,"1.5.5",0.43038127064566
"827",1,"n","8",20,"2.2.4",-0.108627637833589
"828",1,"y","8",20,"2.2.8",0.909380707680586
"829",1,"n","8",20,"2.3.5",-0.230419476153715
"830",1,"n","8",20,"2.6.1",-0.167566338179647
"831",1,"y","8",20,"2.6.10",0.711519287822653
"832",2,"n","8",20,"1.1.10",-0.0893232689995608
"833",2,"n","8",20,"1.3.8",-0.100136449293596
"834",2,"y","8",20,"1.6.1",0.589860388701905
"835",2,"y","8",20,"1.6.6",0.651605761806829
"836",2,"n","8",20,"1.6.10",-0.150806855194017
"837",2,"y","8",20,"2.5.6",0.535599333410919
"838",1,"n","8",25,"1.4.9",-0.166667890161773
"839",1,"y","8",25,"1.6.1",1.81261306186032
"840",1,"n","8",25,"2.1.6",-0.120319199450042
"841",1,"n","8",25,"2.3.8",-0.168570392107092
"842",1,"y","8",25,"2.4.4",1.12276040933531
"843",1,"y","8",25,"2.5.6",0.679966773657292
"844",2,"y","8",25,"1.2.4",0.697127215336027
"845",2,"n","8",25,"2.1.2",-0.0945626507314857
"846",2,"y","8",25,"2.1.3",1.08238963732615
"847",2,"n","8",25,"2.1.8",-0.103486477305101
"848",2,"n","8",25,"2.2.4",-0.131879342872577
"849",1,"y","8",30,"8.5.4",1.62804794373856
"850",1,"y","8",30,"10.3.10",1.62512125185025
"851",1,"n","8",30,"11.2.3",-0.179433077199391
"852",1,"n","8",30,"17.5.6",-0.198532568131798
"853",1,"n","8",30,"19.2.1",-0.183901401083124
"854",1,"y","8",30,"24.3.7",1.44556091462424
"855",2,"y","8",30,"13.3.7",0.417633903231177
"856",2,"n","8",30,"13.5.9",-0.0634097314331709
"857",2,"n","8",30,"15.3.8",-0.0993002455523883
"858",2,"n","8",30,"17.1.2",-0.0620732121179876
"859",2,"y","8",30,"24.4.4",1.58926605106684
"860",2,"y","8",30,"26.4.2",1.8598695819547
"861",1,"y","8",33,"1.4.6",1.82611754622341
"862",1,"n","8",33,"1.4.9",-0.06410583910213
"863",1,"y","8",33,"1.5.3",1.5057260187686
"864",1,"n","8",33,"1.5.6",-0.119318708853097
"865",1,"y","8",33,"2.1.9",2.03691161785318
"866",1,"n","8",33,"2.5.3",-0.0790034733071663
"867",2,"y","8",33,"1.1.6",1.80598113544533
"868",2,"y","8",33,"1.1.9",2.04517929263188
"869",2,"n","8",33,"1.2.1",-0.105260274456857
"870",2,"n","8",33,"1.4.8",-0.105787768232394
"871",2,"y","8",33,"2.3.3",2.0097088941551
"872",2,"n","8",33,"2.6.9",-0.0848781508673693
"873",1,"y","8",35,"1.5.5",0.380390198642683
"874",1,"y","8",35,"2.1.6",1.93475602250214
"875",1,"n","8",35,"2.3.3",-0.11531257728577
"876",1,"n","8",35,"2.4.1",0.0990648547754226
"877",1,"y","8",35,"2.4.5",1.69341542707122
"878",1,"n","8",35,"2.6.1",1.87855554198193
"879",2,"n","8",35,"1.2.1",-0.0742603297701746
"880",2,"n","8",35,"1.6.1",-0.262085754553456
"881",2,"y","8",35,"2.1.3",2.18276045866672
"882",2,"n","8",35,"2.4.2",-0.160688719660149
"883",2,"y","8",35,"2.6.5",2.49825815756898
"884",1,"n","8",39,"1.2.2",-0.170836323173998
"885",1,"n","8",39,"1.2.10",-0.109194852443464
"886",1,"y","8",39,"1.4.5",0.377683223967992
"887",1,"y","8",39,"1.6.2",1.24678058861807
"888",1,"n","8",39,"2.3.5",-0.692904655263579
"889",1,"y","8",39,"2.6.9",1.41890104708322
"890",2,"y","8",39,"1.2.3",0.972360528883382
"891",2,"y","8",39,"1.3.2",1.04946640228022
"892",2,"y","8",39,"1.5.3",1.35767053091534
"893",2,"n","8",39,"1.6.8",-0.0761194842025908
"894",2,"n","8",39,"2.1.10",-0.132420802642004
"895",1,"n","8",43,"1.1.8",-0.0656091345131315
"896",1,"y","8",43,"1.3.4",-0.441329813387407
"897",1,"y","8",43,"1.3.7",-0.317715984920658
"898",1,"y","8",43,"1.5.10",-0.30609803289339
"899",1,"n","8",43,"2.4.6",-0.198760365782677
"900",1,"n","8",43,"2.5.3",-0.0858052112214515
"901",2,"n","8",43,"1.1.4",-0.0868193431667224
"902",2,"y","8",43,"1.4.9",-0.349642084245768
"903",2,"n","8",43,"2.4.9",-0.0731762781572884
"904",2,"n","8",43,"2.6.2",0.346517708711381
"905",2,"y","8",43,"2.6.6",-0.330339426740078
"906",2,"y","8",43,"2.6.7",-0.164961805845041
"907",1,"y","9",8,"1.4.3",0.00653640027946337
"908",1,"y","9",8,"1.6.1",0.0321317833770342
"909",1,"n","9",8,"1.6.8",-0.157169457020869
"910",1,"y","9",8,"2.4.1",0.112470534540111
"911",1,"n","9",8,"2.5.7",-0.154784087010627
"912",1,"n","9",8,"2.6.4",-0.137074074138057
"913",2,"y","9",8,"1.4.2",0.182994646423888
"914",2,"y","9",8,"1.4.6",0.269536136266903
"915",2,"n","9",8,"1.4.8",-0.0939175916676814
"916",2,"y","9",8,"1.4.10",0.30193765722173
"917",2,"n","9",8,"2.2.5",-0.103005191730525
"918",2,"n","9",8,"2.6.10",-0.113070940640666
"919",1,"n","9",14,"1.5.2",-0.197486177956263
"920",1,"n","9",14,"1.6.6",-0.111622974464117
"921",1,"n","9",14,"2.3.3",-0.0788407549321025
"922",1,"y","9",14,"2.3.5",0.589941935549261
"923",1,"y","9",14,"2.4.9",0.605279603236769
"924",1,"y","9",14,"2.6.10",0.254348512212271
"925",2,"n","9",14,"1.1.4",-0.0842616244409389
"926",2,"y","9",14,"1.2.3",0.507962720925065
"927",2,"y","9",14,"2.1.3",0.313281824161323
"928",2,"n","9",14,"2.1.10",-0.0801374734226809
"929",2,"n","9",14,"2.2.7",-0.0549404309589393
"930",2,"y","9",14,"2.6.4",0.52565700407211
"931",1,"n","9",20,"1.1.4",-0.179481940991794
"932",1,"y","9",20,"1.2.10",1.00460656355741
"933",1,"n","9",20,"1.5.4",-0.153871111683373
"934",1,"y","9",20,"1.6.7",0.256601486129481
"935",1,"n","9",20,"2.1.7",-0.106290080167232
"936",1,"y","9",20,"2.4.2",1.01659063871775
"937",2,"y","9",20,"1.3.7",0.387395167000834
"938",2,"n","9",20,"1.3.9",-0.0722968633107652
"939",2,"n","9",20,"1.5.7",-0.102831221038292
"940",2,"y","9",20,"2.3.7",0.0451832907757077
"941",2,"n","9",20,"2.4.4",-0.0530349532914398
"942",2,"y","9",20,"2.6.7",1.11982691427316
"943",1,"y","9",25,"1.1.8",1.41792451405588
"944",1,"y","9",25,"1.3.2",1.70055992213582
"945",1,"n","9",25,"2.1.8",-0.215054293923984
"946",1,"n","9",25,"2.2.5",-0.220823667831437
"947",1,"y","9",25,"2.4.3",1.75608746817274
"948",1,"n","9",25,"2.5.4",-0.153826068053897
"949",2,"n","9",25,"1.2.6",-0.0616475071542314
"950",2,"y","9",25,"1.6.7",1.04497034660898
"951",2,"n","9",25,"2.2.3",-0.13703926186154
"952",2,"n","9",25,"2.3.3",-0.115913184323593
"953",2,"y","9",25,"2.5.10",1.04958420150022
"954",2,"y","9",25,"2.6.9",1.16191559727678
"955",1,"y","9",30,"8.1.6",1.66797705553386
"956",1,"n","9",30,"9.2.10",-0.0596159733390645
"957",1,"y","9",30,"16.3.10",0.478309444283089
"958",1,"n","9",30,"23.5.1",-0.249798830520271
"959",1,"y","9",30,"24.1.8",1.40258473845476
"960",1,"n","9",30,"24.4.4",-0.0634589256702874
"961",2,"y","9",30,"3.6.3",2.08630884281233
"962",2,"y","9",30,"8.5.6",1.85723736350222
"963",2,"y","9",30,"11.3.9",1.82349823350826
"964",2,"n","9",30,"13.6.7",-0.119338566463427
"965",2,"n","9",30,"25.3.2",-0.138393994815897
"966",2,"n","9",30,"28.6.10",-0.142881461133224
"967",1,"y","9",33,"1.2.4",1.86589039843984
"968",1,"y","9",33,"1.6.5",1.90877542175833
"969",1,"y","9",33,"1.6.6",1.85598487503842
"970",1,"n","9",33,"2.2.1",-0.152503387571078
"971",1,"n","9",33,"2.2.3",1.99787288277919
"972",1,"n","9",33,"2.3.2",-0.156916890989053
"973",2,"y","9",33,"1.1.4",2.03130207267465
"974",2,"y","9",33,"1.3.5",2.07458206704247
"975",2,"n","9",33,"2.4.2",-0.0949909438915459
"976",2,"n","9",33,"2.4.6",-0.145308384272498
"977",2,"n","9",33,"2.4.9",-0.126920381656194
"978",1,"n","9",35,"1.2.5",-0.172067496736076
"979",1,"y","9",35,"1.2.8",1.85033867440758
"980",1,"y","9",35,"1.4.5",1.79483771238517
"981",1,"y","9",35,"2.1.1",2.10259637374453
"982",1,"n","9",35,"2.4.8",-0.121784427917623
"983",1,"n","9",35,"2.6.2",-0.144798084300471
"984",2,"n","9",35,"1.1.3",-0.109889878199337
"985",2,"y","9",35,"1.1.4",1.8140524978544
"986",2,"y","9",35,"1.3.2",1.99581847711494
"987",2,"n","9",35,"1.4.7",-0.165905934970678
"988",2,"y","9",35,"1.6.5",2.00994056678884
"989",2,"n","9",35,"2.3.6",-0.102223316586691
"990",1,"y","9",39,"1.2.1",0.504828756858378
"991",1,"y","9",39,"1.3.6",1.36056687476212
"992",1,"n","9",39,"1.4.10",-0.148956068343371
"993",1,"y","9",39,"1.5.1",1.33064702685606
"994",1,"n","9",39,"1.5.2",0.08509121054113
"995",1,"n","9",39,"2.6.5",0.91575929916876
"996",2,"y","9",39,"1.2.7",0.865716106609786
"997",2,"n","9",39,"1.3.5",-0.0893281349259163
"998",2,"y","9",39,"1.4.2",0.990390328392302
"999",2,"n","9",39,"1.4.4",-0.272439182398448
"1000",2,"n","9",39,"2.3.4",-0.126809087955013
"1001",1,"y","9",43,"1.1.5",-0.339149836259491
"1002",1,"y","9",43,"1.2.8",-0.234402419197526
"1003",1,"n","9",43,"1.5.1",-0.153854541967912
"1004",1,"n","9",43,"1.6.7",-0.127223052317638
"1005",1,"n","9",43,"2.3.9",-0.140266932359766
"1006",1,"y","9",43,"2.5.8",-0.242490702864884
"1007",2,"n","9",43,"1.3.4",-0.170674188063534
"1008",2,"y","9",43,"1.4.3",-0.153874472403746
"1009",2,"n","9",43,"2.2.4",-0.0846170884257019
"1010",2,"n","9",43,"2.4.2",-0.114229131159508
"1011",2,"y","9",43,"2.4.7",-0.171775638853307
"1012",2,"y","9",43,"2.5.4",-0.153857279615364
"1013",1,"y","10",8,"1.4.1",0.109082273630608
"1014",1,"y","10",8,"1.5.10",-0.0121871465005079
"1015",1,"n","10",8,"2.1.3",-0.126635682625363
"1016",1,"n","10",8,"2.2.10",-0.1096674212851
"1017",1,"y","10",8,"2.5.10",0.0272859335286828
"1018",1,"n","10",8,"2.6.2",-0.114006659239992
"1019",2,"n","10",8,"1.3.1",-0.0855933585674909
"1020",2,"y","10",8,"1.3.9",0.218168222250994
"1021",2,"y","10",8,"1.5.8",0.140609079251989
"1022",2,"n","10",8,"1.6.3",-0.1453219001306
"1023",2,"n","10",8,"1.6.8",-0.144217528338079
"1024",2,"y","10",8,"2.1.8",0.176172655315806
"1025",1,"n","10",14,"1.1.7",-0.106118913901513
"1026",1,"y","10",14,"1.4.7",0.320149298526506
"1027",1,"y","10",14,"1.6.5",0.598237015764339
"1028",1,"n","10",14,"2.1.3",-0.159061190111861
"1029",1,"n","10",14,"2.2.2",-0.0423781887841184
"1030",1,"y","10",14,"2.2.6",0.690999099139462
"1031",2,"n","10",14,"1.1.9",-0.085438808764343
"1032",2,"y","10",14,"1.4.2",0.503998805859557
"1033",2,"n","10",14,"2.2.1",-0.0881777877602571
"1034",2,"y","10",14,"2.4.4",0.490102992440993
"1035",2,"y","10",14,"2.6.7",0.0668548146541182
"1036",2,"n","10",14,"2.6.8",-0.0958824046385392
"1037",1,"y","10",20,"1.4.3",0.851164136155087
"1038",1,"n","10",20,"2.1.6",-0.206970671975115
"1039",1,"y","10",20,"2.4.3",0.585188791103175
"1040",1,"y","10",20,"2.4.4",0.988697837952977
"1041",1,"n","10",20,"2.5.3",-0.133141071665388
"1042",1,"n","10",20,"2.5.5",-0.113170160527061
"1043",2,"y","10",20,"1.1.6",1.13044570395282
"1044",2,"y","10",20,"1.4.8",1.11150223212595
"1045",2,"n","10",20,"1.6.2",-0.0518365140848078
"1046",2,"y","10",20,"1.6.8",0.555658544359496
"1047",2,"n","10",20,"2.5.9",-0.0895602784970684
"1048",2,"n","10",20,"2.6.1",-0.111111906884329
"1049",1,"y","10",25,"1.2.3",0.561097902209456
"1050",1,"n","10",25,"1.3.4",-0.0548889615218558
"1051",1,"n","10",25,"1.5.1",-0.14247463396921
"1052",1,"n","10",25,"1.6.9",-0.0703730494770492
"1053",1,"y","10",25,"2.1.1",1.7667785977329
"1054",1,"y","10",25,"2.6.4",1.75707687574003
"1055",2,"n","10",25,"1.1.8",-0.0920459150892745
"1056",2,"y","10",25,"1.6.8",0.849880453365357
"1057",2,"n","10",25,"2.2.6",-0.0951306819646532
"1058",2,"y","10",25,"2.3.1",1.27905741016209
"1059",2,"n","10",25,"2.5.7",-0.0823205840300737
"1060",1,"y","10",30,"1.3.6",1.67954986893409
"1061",1,"n","10",30,"2.2.10",-0.190549766559209
"1062",1,"n","10",30,"9.5.4",-0.122533761103649
"1063",1,"y","10",30,"11.2.6",1.28327043904618
"1064",1,"n","10",30,"19.6.8",-0.180196693776135
"1065",1,"y","10",30,"30.3.8",1.28998935228102
"1066",2,"n","10",30,"4.2.10",-0.0530386468862652
"1067",2,"y","10",30,"7.1.7",1.98989966119175
"1068",2,"y","10",30,"21.3.2",1.50051703842366
"1069",2,"n","10",30,"24.1.8",1.16587494598696
"1070",2,"n","10",30,"27.2.3",-0.172337389038294
"1071",2,"y","10",30,"28.1.10",1.67596079709161
"1072",1,"y","10",33,"1.1.5",1.82863371286963
"1073",1,"n","10",33,"1.1.9",2.50129731815441
"1074",1,"y","10",33,"1.3.4",1.45916800255097
"1075",1,"n","10",33,"1.4.1",-0.1755921801594
"1076",1,"n","10",33,"2.4.1",0.0119562357597607
"1077",1,"y","10",33,"2.5.5",1.84975071912045
"1078",2,"n","10",33,"1.3.1",-0.164762426323561
"1079",2,"n","10",33,"1.3.8",-0.118641090132279
"1080",2,"y","10",33,"1.3.10",2.0633618592491
"1081",2,"n","10",33,"2.2.2",-0.14569143576614
"1082",2,"y","10",33,"2.3.5",2.00810705774873
"1083",2,"y","10",33,"2.6.3",1.9663102359511
"1084",1,"y","10",35,"1.1.10",1.89853415832105
"1085",1,"n","10",35,"1.5.2",-0.11455508261129
"1086",1,"y","10",35,"1.5.7",1.02598949417419
"1087",1,"y","10",35,"2.1.4",1.92388434923032
"1088",1,"n","10",35,"2.2.1",-0.16843969530623
"1089",1,"n","10",35,"2.6.7",-0.0568957589221913
"1090",2,"y","10",35,"1.1.6",2.04193662083522
"1091",2,"n","10",35,"1.2.2",-0.107347970672162
"1092",2,"y","10",35,"1.2.4",2.40552010249655
"1093",2,"n","10",35,"1.5.9",-0.141507786631046
"1094",2,"n","10",35,"1.6.3",-0.139540305323974
"1095",2,"y","10",35,"2.6.4",2.23578799704684
"1096",1,"y","10",39,"1.1.10",1.35352426285305
"1097",1,"n","10",39,"1.6.8",-0.0438761871667166
"1098",1,"n","10",39,"1.6.10",0.145615937938418
"1099",1,"n","10",39,"2.3.6",-0.0687266476463999
"1100",1,"y","10",39,"2.3.8",1.09488890140266
"1101",1,"y","10",39,"2.5.1",0.574689698512812
"1102",2,"y","10",39,"1.5.8",1.03107819927556
"1103",2,"n","10",39,"1.6.5",-0.18092045996325
"1104",2,"y","10",39,"2.3.9",0.905667949780652
"1105",2,"n","10",39,"2.5.3",-0.138097583053857
"1106",2,"n","10",39,"2.5.6",-0.169318092780913
"1107",1,"y","10",43,"1.1.1",-0.223214682418043
"1108",1,"y","10",43,"1.4.8",-0.318827096694331
"1109",1,"n","10",43,"1.5.2",-0.107434375509271
"1110",1,"n","10",43,"2.1.2",-0.190289108162429
"1111",1,"n","10",43,"2.2.5",-0.185354507384979
"1112",1,"y","10",43,"2.2.6",-0.373500864700283
"1113",2,"n","10",43,"1.1.10",-0.105492391119215
"1114",2,"y","10",43,"1.4.2",-0.272189730243692
"1115",2,"y","10",43,"1.6.1",-0.245184611408926
"1116",2,"y","10",43,"2.3.8",-0.344611337125567
"1117",2,"n","10",43,"2.3.9",0.168575520118879
"1118",2,"n","10",43,"2.4.1",-0.122738612894391
"1119",1,"n","11",8,"1.3.8",-0.200115275653207
"1120",1,"y","11",8,"1.3.10",-0.0384146837311342
"1121",1,"y","11",8,"1.4.7",0.0457874856100575
"1122",1,"n","11",8,"2.3.6",0.155582834057183
"1123",1,"n","11",8,"2.6.9",-0.179429654745848
"1124",1,"y","11",8,"2.6.10",-0.0175091746609112
"1125",2,"y","11",8,"1.2.4",0.150652264140935
"1126",2,"n","11",8,"1.2.8",-0.154002428313464
"1127",2,"n","11",8,"1.5.5",-0.0877577184176461
"1128",2,"n","11",8,"2.1.4",-0.138367314394624
"1129",2,"y","11",8,"2.5.5",0.210926223431079
"1130",1,"n","11",14,"1.3.4",-0.109848058237272
"1131",1,"y","11",14,"1.6.1",0.355511628821573
"1132",1,"y","11",14,"2.1.7",0.450860803662373
"1133",1,"n","11",14,"2.2.3",-0.0750550636580957
"1134",1,"y","11",14,"2.4.5",0.397692417749414
"1135",1,"n","11",14,"2.6.8",-0.142173572901155
"1136",2,"y","11",14,"1.5.2",0.0478460057778152
"1137",2,"y","11",14,"1.5.4",0.481594495171099
"1138",2,"y","11",14,"1.6.3",0.0916533674288588
"1139",2,"n","11",14,"2.1.2",-0.0801120641919976
"1140",2,"n","11",14,"2.6.5",-0.0966859452097665
"1141",2,"n","11",14,"2.6.6",-0.0520825416657899
"1142",1,"y","11",20,"1.2.8",0.589244284392623
"1143",1,"y","11",20,"1.4.7",0.448569536901256
"1144",1,"n","11",20,"1.6.2",-0.154455503688802
"1145",1,"n","11",20,"2.3.9",-0.124930608579393
"1146",1,"y","11",20,"2.4.6",0.408524308634254
"1147",1,"n","11",20,"2.5.8",-0.110297530638286
"1148",2,"y","11",20,"1.3.4",0.525217307958828
"1149",2,"n","11",20,"1.5.10",-0.110478806661676
"1150",2,"n","11",20,"2.1.3",-0.112526835001394
"1151",2,"y","11",20,"2.4.3",1.19284837001915
"1152",2,"n","11",20,"2.6.8",-0.059741374497571
"1153",2,"y","11",20,"2.6.9",0.386474352341424
"1154",1,"y","11",25,"1.1.2",0.831231490827422
"1155",1,"n","11",25,"1.1.7",-0.00367845262747768
"1156",1,"y","11",25,"1.2.4",1.0583151003032
"1157",1,"y","11",25,"1.3.6",1.1476014374265
"1158",1,"n","11",25,"1.5.5",-0.126434843770861
"1159",1,"n","11",25,"2.4.6",-0.131272707199778
"1160",2,"y","11",25,"1.6.2",0.963177342162019
"1161",2,"n","11",25,"2.1.7",-0.089192332789879
"1162",2,"y","11",25,"2.3.5",0.986811630252204
"1163",2,"n","11",25,"2.3.7",-0.0883065605139373
"1164",2,"n","11",25,"2.4.1",-0.111175411573025
"1165",2,"y","11",25,"2.6.3",0.785017064906752
"1166",1,"n","11",30,"2.2.1",0.232843490215966
"1167",1,"y","11",30,"2.3.4",1.49676032016489
"1168",1,"n","11",30,"9.3.5",-0.0213089177014884
"1169",1,"y","11",30,"26.1.4",1.33781177848452
"1170",1,"y","11",30,"26.3.6",1.283197945029
"1171",1,"n","11",30,"27.3.9",-0.0836201002489997
"1172",2,"n","11",30,"6.1.4",-0.0849740325342834
"1173",2,"n","11",30,"9.2.3",-0.0259090740654992
"1174",2,"n","11",30,"20.3.8",-0.14777495988031
"1175",2,"y","11",30,"26.5.3",1.92979443316476
"1176",2,"y","11",30,"30.4.4",1.92842512002811
"1177",2,"y","11",30,"31.3.1",1.99095979143372
"1178",1,"n","11",33,"1.1.8",3.08765690804087
"1179",1,"n","11",33,"1.2.3",-0.0635433134698426
"1180",1,"y","11",33,"1.4.8",2.05659991576917
"1181",1,"y","11",33,"1.5.5",2.06899174951083
"1182",1,"n","11",33,"1.5.8",-0.0107709649594603
"1183",1,"y","11",33,"2.3.6",2.49762278814216
"1184",2,"n","11",33,"1.1.10",-0.0436801608660517
"1185",2,"y","11",33,"1.4.3",1.98381090746883
"1186",2,"n","11",33,"1.5.4",-0.142694906758492
"1187",2,"y","11",33,"1.6.5",1.92350571804852
"1188",2,"n","11",33,"2.3.10",-0.0819764124694603
"1189",2,"y","11",33,"2.5.5",2.20913645630004
"1190",1,"y","11",35,"1.2.1",2.51566850524233
"1191",1,"n","11",35,"1.4.1",-0.0406619800928576
"1192",1,"n","11",35,"2.3.8",-0.107561896167612
"1193",1,"y","11",35,"2.5.5",2.59990766461783
"1194",1,"n","11",35,"2.5.8",-0.012042097968323
"1195",1,"y","11",35,"2.6.3",2.46874682341902
"1196",2,"y","11",35,"1.1.1",1.86735004953604
"1197",2,"y","11",35,"1.3.3",1.94544372148299
"1198",2,"n","11",35,"1.5.5",-0.105031474464767
"1199",2,"y","11",35,"1.6.10",2.35956778101866
"1200",2,"n","11",35,"2.2.3",-0.0841127254059569
"1201",2,"n","11",35,"2.2.6",-0.127269616859533
"1202",1,"n","11",39,"1.2.7",-0.0803943151670475
"1203",1,"y","11",39,"1.5.10",1.41322200548788
"1204",1,"y","11",39,"1.6.3",1.43210686052397
"1205",1,"n","11",39,"2.2.6",-0.11884753366054
"1206",1,"y","11",39,"2.4.5",1.44277195183279
"1207",1,"n","11",39,"2.5.7",-0.0602143031333359
"1208",2,"y","11",39,"1.1.6",1.0996697118566
"1209",2,"y","11",39,"1.5.1",0.814979192367562
"1210",2,"n","11",39,"1.6.9",-0.107401005133504
"1211",2,"y","11",39,"2.3.1",0.96063304722605
"1212",2,"n","11",39,"2.4.3",-0.154941952892552
"1213",2,"n","11",39,"2.5.5",0.189326501507906
"1214",1,"n","11",43,"1.6.2",-0.117023508545113
"1215",1,"n","11",43,"2.3.2",-0.175409606483242
"1216",1,"y","11",43,"2.4.2",-0.45427564985457
"1217",1,"y","11",43,"2.4.4",-0.365551985391513
"1218",1,"n","11",43,"2.5.6",-0.10124029667753
"1219",1,"y","11",43,"2.5.9",-0.307202860637337
"1220",2,"n","11",43,"1.1.3",-0.188276610809799
"1221",2,"n","11",43,"1.3.1",-0.118291869594522
"1222",2,"n","11",43,"1.3.2",-0.155628938282693
"1223",2,"y","11",43,"1.4.7",-0.185689805021958
"1224",2,"y","11",43,"2.1.6",-0.279936471370346
"1225",2,"y","11",43,"2.6.3",-0.164879306163346
"1226",1,"n","12",8,"1.2.6",0.185738829604488
"1227",1,"y","12",8,"1.3.6",0.083474952123611
"1228",1,"y","12",8,"1.4.8",0.0947314032482038
"1229",1,"n","12",8,"1.4.9",-0.19623325594929
"1230",1,"y","12",8,"2.1.6",0.0767816347898083
"1231",1,"n","12",8,"2.6.3",-0.12447547590555
"1232",2,"n","12",8,"1.2.3",-0.144939409864372
"1233",2,"y","12",8,"1.2.9",0.200757110238076
"1234",2,"y","12",8,"1.4.7",0.285089310619466
"1235",2,"n","12",8,"2.1.10",-0.0780736648992323
"1236",2,"y","12",8,"2.2.6",0.172868141262326
"1237",2,"n","12",8,"2.6.6",-0.172522071037506
"1238",1,"y","12",14,"1.2.3",0.420737024430878
"1239",1,"y","12",14,"1.4.1",0.322485212664179
"1240",1,"n","12",14,"1.4.10",-0.0766175262814308
"1241",1,"y","12",14,"2.1.5",0.275583112817709
"1242",1,"n","12",14,"2.1.8",-0.081169370161972
"1243",1,"n","12",14,"2.4.6",-0.11948715668476
"1244",2,"y","12",14,"1.1.5",-0.0214988411026805
"1245",2,"n","12",14,"1.4.8",-0.100939703273014
"1246",2,"y","12",14,"2.1.4",0.100209479251273
"1247",2,"n","12",14,"2.4.7",-0.0877385648020058
"1248",2,"y","12",14,"2.4.8",0.440868541535955
"1249",2,"n","12",14,"2.5.9",-0.0759635547857062
"1250",1,"n","12",20,"1.3.4",-0.203945056930158
"1251",1,"y","12",20,"1.6.4",0.816946591685737
"1252",1,"y","12",20,"2.2.7",1.08235911307219
"1253",1,"n","12",20,"2.5.4",-0.105840448742597
"1254",1,"n","12",20,"2.5.9",-0.151097545421484
"1255",1,"y","12",20,"2.6.7",1.1199113933535
"1256",2,"y","12",20,"1.3.5",0.545125543658874
"1257",2,"y","12",20,"1.4.5",0.418345485414879
"1258",2,"y","12",20,"1.4.10",1.20531759284154
"1259",2,"n","12",20,"1.5.4",-0.106586214578136
"1260",2,"n","12",20,"2.1.1",-0.0889517859233494
"1261",2,"n","12",20,"2.4.8",-0.104912127141686
"1262",1,"y","12",25,"1.2.6",1.65349524431033
"1263",1,"y","12",25,"1.2.9",1.14903338982261
"1264",1,"n","12",25,"1.3.7",-0.183653409869664
"1265",1,"n","12",25,"1.3.9",-0.153146852527743
"1266",1,"n","12",25,"2.1.5",-0.159777793603401
"1267",1,"y","12",25,"2.3.9",1.05474882919251
"1268",2,"y","12",25,"1.1.2",1.1766208565849
"1269",2,"y","12",25,"1.1.4",0.977351751729224
"1270",2,"y","12",25,"1.4.10",1.01882317997018
"1271",2,"n","12",25,"1.5.6",-0.0545388091250265
"1272",2,"n","12",25,"1.6.4",-0.113964289248349
"1273",2,"n","12",25,"2.3.8",-0.102699401281617
"1274",1,"y","12",30,"2.3.1",1.65383591430395
"1275",1,"y","12",30,"6.1.3",1.73975501361395
"1276",1,"y","12",30,"14.3.6",1.54088577599471
"1277",1,"n","12",30,"20.2.7",-0.198624666240212
"1278",1,"n","12",30,"25.4.8",-0.177071816766694
"1279",1,"n","12",30,"29.4.8",-0.125367274654028
"1280",2,"n","12",30,"8.4.9",-0.0752945052088671
"1281",2,"y","12",30,"9.2.2",0.988728428911968
"1282",2,"n","12",30,"11.1.7",0.192405071460878
"1283",2,"n","12",30,"11.2.7",-0.10715285479445
"1284",2,"y","12",30,"18.1.2",1.58360251758296
"1285",2,"y","12",30,"23.2.10",1.74590230562839
"1286",1,"n","12",33,"1.1.1",2.31830611087242
"1287",1,"n","12",33,"1.3.7",-0.118493086462452
"1288",1,"y","12",33,"1.6.10",1.53904451025152
"1289",1,"y","12",33,"2.1.3",1.79240732019308
"1290",1,"n","12",33,"2.3.1",-0.115613785155864
"1291",1,"y","12",33,"2.4.4",1.85307866638659
"1292",2,"n","12",33,"1.2.7",-0.207751552076202
"1293",2,"n","12",33,"2.2.7",1.10450021180254
"1294",2,"n","12",33,"2.2.9",-0.113344652154766
"1295",2,"y","12",33,"2.2.10",1.84992240421164
"1296",2,"y","12",33,"2.5.1",2.09316859029973
"1297",2,"y","12",33,"2.6.4",1.99304021524754
"1298",1,"y","12",35,"1.2.6",1.95367017149103
"1299",1,"n","12",35,"1.2.10",-0.128368206994627
"1300",1,"n","12",35,"1.6.7",-0.138984852963224
"1301",1,"n","12",35,"2.2.2",-0.190583419911394
"1302",1,"y","12",35,"2.5.10",1.9789085307332
"1303",1,"y","12",35,"2.6.10",1.886678268005
"1304",2,"n","12",35,"1.1.7",-0.103092853432989
"1305",2,"y","12",35,"2.1.1",1.92760137538993
"1306",2,"n","12",35,"2.2.4",-0.0750633282064835
"1307",2,"n","12",35,"2.2.5",-0.127291183883922
"1308",2,"y","12",35,"2.5.5",2.05907584636758
"1309",2,"y","12",35,"2.5.6",2.26471093834999
"1310",1,"y","12",39,"1.1.5",0.377683220478505
"1311",1,"n","12",39,"1.4.8",-0.051418541478247
"1312",1,"n","12",39,"1.6.7",-0.12578480595953
"1313",1,"y","12",39,"2.2.9",1.33987140166086
"1314",1,"y","12",39,"2.4.4",1.36008626713901
"1315",1,"n","12",39,"2.6.1",-0.0926768714277176
"1316",2,"n","12",39,"1.3.4",-0.0478497607015028
"1317",2,"y","12",39,"1.4.3",0.839905702895575
"1318",2,"y","12",39,"1.6.1",0.642670111995011
"1319",2,"n","12",39,"2.1.4",-0.151273671252829
"1320",2,"n","12",39,"2.2.3",-0.165164625890723
"1321",2,"y","12",39,"2.3.10",1.00731165885484
"1322",1,"y","12",43,"1.4.4",-0.409383873678907
"1323",1,"n","12",43,"1.5.3",-0.127752270663964
"1324",1,"n","12",43,"1.5.4",0.566986807157957
"1325",1,"y","12",43,"1.6.8",-0.376599911794768
"1326",1,"y","12",43,"2.1.3",-0.253754053714629
"1327",1,"n","12",43,"2.6.3",-0.109240785967812
"1328",2,"y","12",43,"1.1.6",-0.188348508260398
"1329",2,"n","12",43,"1.2.8",-0.155514456074273
"1330",2,"y","12",43,"1.3.10",-0.234489411342325
"1331",2,"n","12",43,"1.4.10",-0.169181131589894
"1332",2,"y","12",43,"1.5.1",-0.153563867529681
"1333",2,"n","12",43,"1.6.6",-0.100636747630907
"1334",1,"n","13",8,"1.2.10",-0.0927005772463003
"1335",1,"n","13",8,"1.6.6",-0.190680346650734
"1336",1,"y","13",8,"2.1.2",0.115184439519606
"1337",1,"n","13",8,"2.4.2",-0.163931258836409
"1338",1,"y","13",8,"2.6.6",0.048585146286692
"1339",1,"y","13",8,"2.6.8",-0.0381973973163975
"1340",2,"n","13",8,"1.1.2",-0.171690750997702
"1341",2,"y","13",8,"1.1.8",0.282113768545131
"1342",2,"y","13",8,"2.1.3",0.183900444626431
"1343",2,"n","13",8,"2.1.5",-0.104058715808886
"1344",2,"n","13",8,"2.4.3",-0.120425920325468
"1345",2,"y","13",8,"2.5.3",-0.0318446924947583
"1346",1,"y","13",14,"1.6.3",0.181853193617038
"1347",1,"n","13",14,"1.6.7",-0.11370238952889
"1348",1,"n","13",14,"2.2.5",-0.184149618062365
"1349",1,"y","13",14,"2.4.2",0.583467797085468
"1350",1,"n","13",14,"2.5.7",-0.226003568333255
"1351",1,"y","13",14,"2.5.10",0.32481464923765
"1352",2,"n","13",14,"1.4.10",-0.100680508391301
"1353",2,"n","13",14,"1.5.1",-0.114529266206872
"1354",2,"y","13",14,"1.6.6",0.638867215433643
"1355",2,"y","13",14,"2.1.1",0.443308208598033
"1356",2,"y","13",14,"2.2.10",0.498853339900893
"1357",2,"n","13",14,"2.4.6",-0.116043876775935
"1358",1,"n","13",20,"1.3.9",-0.129376540331147
"1359",1,"y","13",20,"2.1.5",0.664148251792292
"1360",1,"n","13",20,"2.2.5",-0.197940990661376
"1361",1,"y","13",20,"2.3.1",0.287721793523418
"1362",1,"n","13",20,"2.4.1",-0.154441883769798
"1363",1,"y","13",20,"2.5.6",0.573881153328213
"1364",2,"n","13",20,"1.3.1",-0.129361940305433
"1365",2,"y","13",20,"1.5.9",1.11744704700204
"1366",2,"y","13",20,"2.2.1",0.690302584820074
"1367",2,"n","13",20,"2.3.4",-0.0802934339598746
"1368",2,"y","13",20,"2.5.2",0.545593972736442
"1369",2,"n","13",20,"2.6.6",-0.10246454540438
"1370",1,"n","13",25,"1.2.5",-0.136518404161441
"1371",1,"y","13",25,"1.3.10",1.21770797426564
"1372",1,"n","13",25,"1.4.6",-0.161044912567279
"1373",1,"y","13",25,"1.5.6",1.20859036559493
"1374",1,"y","13",25,"2.1.7",1.24178429914135
"1375",1,"n","13",25,"2.3.7",-0.137302326652599
"1376",2,"y","13",25,"1.1.10",1.82225007022266
"1377",2,"n","13",25,"1.2.7",-0.0651274629007486
"1378",2,"y","13",25,"1.5.2",0.937077449663515
"1379",2,"y","13",25,"2.1.4",0.900647168646212
"1380",2,"n","13",25,"2.2.9",-0.117384052687896
"1381",2,"n","13",25,"2.2.10",-0.0764485008997055
"1382",1,"n","13",30,"3.1.5",-0.149206236093277
"1383",1,"y","13",30,"10.6.5",1.2986408778346
"1384",1,"n","13",30,"11.4.7",-0.221303704869098
"1385",1,"y","13",30,"18.4.3",1.52863463929221
"1386",1,"y","13",30,"19.2.5",1.56028122788951
"1387",1,"n","13",30,"25.6.10",-0.141600398901305
"1388",2,"n","13",30,"19.5.7",-0.0905363200559663
"1389",2,"y","13",30,"23.6.3",1.65790977094046
"1390",2,"y","13",30,"24.4.5",1.63770312168552
"1391",2,"n","13",30,"25.6.9",-0.150536214682455
"1392",2,"n","13",30,"26.3.1",-0.119010239231499
"1393",2,"y","13",30,"29.5.3",1.86455644650257
"1394",1,"n","13",33,"1.2.2",2.85053150152622
"1395",1,"y","13",33,"1.3.9",1.70996015585564
"1396",1,"n","13",33,"1.4.7",2.47051685021679
"1397",1,"y","13",33,"2.1.1",2.52597050481671
"1398",1,"n","13",33,"2.2.7",-0.0494882680069458
"1399",1,"y","13",33,"2.4.10",1.76912347825537
"1400",2,"n","13",33,"1.1.1",-0.099193446402272
"1401",2,"y","13",33,"1.1.8",2.17388308515262
"1402",2,"y","13",33,"1.6.1",2.19737049441107
"1403",2,"n","13",33,"2.4.7",-0.137732468393698
"1404",2,"y","13",33,"2.5.4",2.08604022935592
"1405",2,"n","13",33,"2.5.8",-0.210864773185341
"1406",1,"y","13",35,"1.3.8",1.92408136568296
"1407",1,"n","13",35,"1.4.6",-0.0702154627019574
"1408",1,"n","13",35,"1.4.7",-0.110399846102189
"1409",1,"n","13",35,"2.1.8",-0.0915937985811431
"1410",1,"y","13",35,"2.3.7",1.83059817401754
"1411",1,"y","13",35,"2.4.4",1.82037337218397
"1412",2,"y","13",35,"1.1.9",2.51130369529785
"1413",2,"n","13",35,"1.3.5",-0.0571774705903713
"1414",2,"y","13",35,"1.4.2",2.14478976300677
"1415",2,"n","13",35,"1.4.8",-0.176393674038443
"1416",2,"n","13",35,"1.5.8",-0.0915199794235588
"1417",2,"y","13",35,"2.4.10",2.35520451065361
"1418",1,"y","13",39,"1.1.4",0.323406748763028
"1419",1,"y","13",39,"1.3.7",0.36457082366319
"1420",1,"n","13",39,"2.2.2",-0.172095185737514
"1421",1,"n","13",39,"2.2.5",0.16514461785619
"1422",1,"n","13",39,"2.3.1",-0.122610785213542
"1423",1,"y","13",39,"2.5.2",0.311890734468996
"1424",2,"n","13",39,"1.3.1",-0.169063647081537
"1425",2,"n","13",39,"1.5.5",-0.180650463533624
"1426",2,"n","13",39,"1.6.2",-0.208095951633071
"1427",2,"y","13",39,"2.1.8",0.68550472624286
"1428",2,"y","13",39,"2.2.10",1.1606382071044
"1429",2,"y","13",39,"2.6.1",0.545106279862629
"1430",1,"n","13",43,"1.2.6",-0.132241365127626
"1431",1,"n","13",43,"1.2.7",-0.175741416854206
"1432",1,"y","13",43,"1.3.8",-0.329922963880709
"1433",1,"n","13",43,"2.3.1",-0.156033724221586
"1434",1,"y","13",43,"2.3.7",-0.252958722704684
"1435",1,"y","13",43,"2.6.4",-0.260593117013834
"1436",2,"y","13",43,"1.2.10",-0.266116717739882
"1437",2,"n","13",43,"1.4.6",-0.217633188563763
"1438",2,"y","13",43,"1.5.5",-0.233623889526499
"1439",2,"y","13",43,"1.6.2",-0.249196124514768
"1440",2,"n","13",43,"1.6.9",-0.102862523524987
"1441",2,"n","13",43,"2.4.4",-0.177724034203074
"1442",1,"y","14",8,"1.1.9",0.298084191960996
"1443",1,"n","14",8,"1.3.1",-0.163630868632139
"1444",1,"y","14",8,"1.3.3",0.0700143531847309
"1445",1,"y","14",8,"1.5.1",0.138822495568033
"1446",1,"n","14",8,"2.2.3",-0.150403614964857
"1447",1,"n","14",8,"2.2.4",-0.129319730506574
"1448",2,"y","14",8,"1.1.10",0.221443423454338
"1449",2,"n","14",8,"1.5.7",-0.106348357507819
"1450",2,"n","14",8,"2.1.7",-0.130924893110285
"1451",2,"n","14",8,"2.1.9",-0.116276633550259
"1452",2,"y","14",8,"2.2.2",-0.0520624371640815
"1453",2,"y","14",8,"2.5.9",0.190503893386119
"1454",1,"y","14",14,"1.3.5",0.621006099800638
"1455",1,"y","14",14,"1.3.6",0.0422625492619071
"1456",1,"n","14",14,"1.3.9",-0.0312218563517075
"1457",1,"n","14",14,"2.2.7",-0.20510676541876
"1458",1,"n","14",14,"2.4.7",-0.115364973208037
"1459",1,"y","14",14,"2.5.5",0.386366323385268
"1460",2,"y","14",14,"1.3.7",0.287958476024356
"1461",2,"n","14",14,"1.4.1",-0.0945179240435912
"1462",2,"n","14",14,"1.4.4",-0.0994786090419512
"1463",2,"y","14",14,"2.3.10",0.472612792425472
"1464",2,"y","14",14,"2.4.3",0.0675424957854752
"1465",2,"n","14",14,"2.5.4",-0.0780399193720702
"1466",1,"y","14",20,"1.1.8",0.922516320044426
"1467",1,"y","14",20,"1.4.9",1.09268009819451
"1468",1,"n","14",20,"2.3.6",-0.119492728583749
"1469",1,"n","14",20,"2.4.7",-0.161958479894722
"1470",1,"n","14",20,"2.5.7",-0.21996172283909
"1471",1,"y","14",20,"2.6.5",0.745092778002598
"1472",2,"n","14",20,"1.1.9",-0.0757775785692228
"1473",2,"y","14",20,"1.2.10",1.22702064581789
"1474",2,"n","14",20,"1.3.3",-0.0747226869254467
"1475",2,"y","14",20,"2.1.2",0.296749030360321
"1476",2,"n","14",20,"2.5.1",-0.0587533542790607
"1477",2,"y","14",20,"2.6.4",1.17245358129049
"1478",1,"n","14",25,"1.1.3",-0.168097296857672
"1479",1,"y","14",25,"1.1.9",1.6679224483525
"1480",1,"y","14",25,"1.4.5",1.33617603032753
"1481",1,"n","14",25,"2.3.6",-0.147447411559166
"1482",1,"y","14",25,"2.3.10",1.16117069093836
"1483",1,"n","14",25,"2.6.7",-0.0552626452498197
"1484",2,"y","14",25,"1.3.1",1.05062060630599
"1485",2,"n","14",25,"1.3.6",-0.113139917404852
"1486",2,"y","14",25,"2.1.10",1.06908846524651
"1487",2,"y","14",25,"2.5.1",0.859181311697027
"1488",2,"n","14",25,"2.5.3",-0.0641849513125912
"1489",2,"n","14",25,"2.6.6",-0.0881410943151899
"1490",1,"n","14",30,"4.6.10",-0.17362643371027
"1491",1,"n","14",30,"7.1.1",-0.193891355618344
"1492",1,"n","14",30,"8.4.4",-0.180935651044602
"1493",1,"y","14",30,"10.4.2",1.70251840046362
"1494",1,"y","14",30,"11.1.9",1.66460332546092
"1495",1,"y","14",30,"25.3.7",1.41083927836874
"1496",2,"y","14",30,"2.1.10",2.03414673741348
"1497",2,"y","14",30,"7.1.5",0.921381859427604
"1498",2,"n","14",30,"11.3.10",1.08751070437062
"1499",2,"n","14",30,"13.6.1",-0.0957632634686907
"1500",2,"y","14",30,"21.6.4",1.62800808356886
"1501",2,"n","14",30,"29.6.9",-0.114010734035932
"1502",1,"n","14",33,"1.2.6",3.48733032334661
"1503",1,"y","14",33,"1.6.2",1.49247276175385
"1504",1,"y","14",33,"2.1.6",2.42430380477773
"1505",1,"y","14",33,"2.2.5",1.86574562155312
"1506",1,"n","14",33,"2.4.8",-0.157572561150483
"1507",1,"n","14",33,"2.6.10",-0.0922370191632697
"1508",2,"n","14",33,"1.3.3",-0.131558442891657
"1509",2,"y","14",33,"1.5.2",2.03371190935917
"1510",2,"n","14",33,"1.5.7",-0.12278281350685
"1511",2,"y","14",33,"2.1.2",1.99333365902321
"1512",2,"y","14",33,"2.5.2",2.0680499700513
"1513",2,"n","14",33,"2.5.6",-0.175114206102756
"1514",1,"n","14",35,"1.1.3",-0.0906448522127805
"1515",1,"n","14",35,"1.4.2",-0.120157899469
"1516",1,"n","14",35,"1.4.3",-0.176940262605518
"1517",1,"y","14",35,"1.6.4",1.5615692444407
"1518",1,"y","14",35,"2.2.4",1.80841894194063
"1519",1,"y","14",35,"2.4.9",1.8117267197071
"1520",2,"n","14",35,"1.1.8",-0.100364773709058
"1521",2,"n","14",35,"1.3.8",-0.183717480958252
"1522",2,"y","14",35,"1.4.5",2.27503525651443
"1523",2,"y","14",35,"2.1.10",2.36230171195488
"1524",2,"n","14",35,"2.4.5",-0.104102600195809
"1525",2,"y","14",35,"2.6.7",2.5974959906557
"1526",1,"y","14",39,"1.1.2",1.1695623925193
"1527",1,"y","14",39,"1.3.9",1.41422112552141
"1528",1,"n","14",39,"1.5.4",-0.0991665104373731
"1529",1,"n","14",39,"1.5.8",-0.152088738479607
"1530",1,"y","14",39,"2.1.8",0.290171913003561
"1531",1,"n","14",39,"2.2.3",-0.049470842467967
"1532",2,"n","14",39,"2.1.1",-0.112083949903302
"1533",2,"y","14",39,"2.2.2",1.05960505635979
"1534",2,"y","14",39,"2.4.7",1.23126207239042
"1535",2,"n","14",39,"2.4.8",-0.163963521678817
"1536",2,"n","14",39,"2.5.2",-0.127489710307735
"1537",2,"y","14",39,"2.5.7",0.995172764032358
"1538",1,"y","14",43,"1.1.4",-0.234013360871292
"1539",1,"n","14",43,"1.3.5",-0.0479922789916492
"1540",1,"y","14",43,"1.4.10",-0.449045344051405
"1541",1,"y","14",43,"1.5.6",-0.287541972166727
"1542",1,"n","14",43,"2.3.6",-0.181974215404155
"1543",1,"n","14",43,"2.5.2",-0.219388706910447
"1544",2,"n","14",43,"1.3.3",-0.125093502046946
"1545",2,"y","14",43,"1.5.9",-0.279602009369473
"1546",2,"n","14",43,"1.6.5",-0.122247109648913
"1547",2,"y","14",43,"2.2.8",-0.164212569124145
"1548",2,"n","14",43,"2.6.8",-0.0868517425605094
"1549",2,"y","14",43,"2.6.9",-0.19852318495614
"1550",1,"y","15",8,"1.1.3",0.38977204353972
"1551",1,"n","15",8,"1.1.4",0.178804568514459
"1552",1,"y","15",8,"1.3.7",0.122286767820281
"1553",1,"y","15",8,"2.3.2",0.00287379440339978
"1554",1,"n","15",8,"2.4.3",-0.122374936121673
"1555",1,"n","15",8,"2.5.2",-0.233548333437964
"1556",2,"n","15",8,"1.1.1",-0.116517570990021
"1557",2,"n","15",8,"2.1.1",-0.117853647126751
"1558",2,"n","15",8,"2.3.1",-0.0998065765468837
"1559",2,"y","15",8,"2.6.8",0.159533780472717
"1560",1,"n","15",14,"1.2.7",-0.0979255752819352
"1561",1,"n","15",14,"1.5.4",-0.224644191533935
"1562",1,"y","15",14,"2.1.9",0.616881825181669
"1563",1,"n","15",14,"2.3.1",-0.194337906286664
"1564",1,"y","15",14,"2.5.1",0.44898731474212
"1565",1,"y","15",14,"2.5.6",0.616911153024995
"1566",2,"n","15",14,"1.5.10",-0.127229019366996
"1567",2,"n","15",14,"2.3.5",-0.0487149665146751
"1568",2,"y","15",14,"2.3.6",0.145530464313584
"1569",2,"y","15",14,"2.4.1",0.576862783328861
"1570",2,"n","15",14,"2.4.2",-0.0631190288633496
"1571",2,"y","15",14,"2.5.7",0.626010857136037
"1572",1,"y","15",20,"1.2.2",0.727026855457473
"1573",1,"y","15",20,"1.2.9",0.323176753958435
"1574",1,"n","15",20,"1.6.3",-0.221124789092497
"1575",1,"n","15",20,"2.3.7",-0.0838051390318078
"1576",1,"n","15",20,"2.4.5",-0.134925833267246
"1577",1,"y","15",20,"2.5.2",0.632786617953716
"1578",2,"y","15",20,"1.2.6",1.16476220323894
"1579",2,"y","15",20,"1.4.4",0.555658545235333
"1580",2,"n","15",20,"1.4.7",-0.0984946254420847
"1581",2,"y","15",20,"2.1.9",0.554213321150839
"1582",2,"n","15",20,"2.2.6",-0.0732217156742067
"1583",2,"n","15",20,"2.3.1",-0.0610918404127483
"1584",1,"n","15",25,"1.4.8",-0.0572449218782256
"1585",1,"y","15",25,"1.6.3",0.507365403543479
"1586",1,"y","15",25,"1.6.10",1.858288070852
"1587",1,"n","15",25,"2.3.3",-0.0909291371668172
"1588",1,"n","15",25,"2.4.10",-0.05114304752447
"1589",1,"y","15",25,"2.5.3",1.58065829285325
"1590",2,"n","15",25,"1.1.3",-0.0515254694489526
"1591",2,"y","15",25,"1.5.3",0.915815865911663
"1592",2,"n","15",25,"2.2.2",-0.0968763315262903
"1593",2,"n","15",25,"2.5.9",-0.0953701471844626
"1594",2,"y","15",25,"2.6.4",0.599805876461955
"1595",1,"n","15",30,"7.4.6",-0.0961614743272868
"1596",1,"y","15",30,"14.1.7",1.60748571683341
"1597",1,"n","15",30,"22.1.1",-0.183374013482859
"1598",1,"n","15",30,"23.2.6",-0.166231142449212
"1599",1,"y","15",30,"26.4.4",1.28071893793175
"1600",1,"y","15",30,"30.2.7",1.28348430113558
"1601",2,"y","15",30,"3.6.6",2.0586114082626
"1602",2,"n","15",30,"7.3.2",0.047611536106005
"1603",2,"y","15",30,"10.4.8",0.22000462818461
"1604",2,"y","15",30,"12.4.3",1.41649010545392
"1605",2,"n","15",30,"23.4.9",0.866513055568939
"1606",2,"n","15",30,"27.4.4",-0.148296697923985
"1607",1,"n","15",33,"1.1.2",-0.18019918840635
"1608",1,"y","15",33,"1.5.10",1.90618307090385
"1609",1,"y","15",33,"2.3.8",1.8502372446523
"1610",1,"n","15",33,"2.4.7",-0.0893296752943932
"1611",1,"n","15",33,"2.5.2",-0.210107193508476
"1612",1,"y","15",33,"2.6.9",1.86800104647621
"1613",2,"y","15",33,"1.2.5",2.21352232596683
"1614",2,"y","15",33,"2.1.1",1.99089169614724
"1615",2,"n","15",33,"2.1.10",-0.157538946683097
"1616",2,"n","15",33,"2.4.4",-0.17895431893222
"1617",2,"y","15",33,"2.6.2",2.2627478456194
"1618",2,"n","15",33,"2.6.7",-0.215039000486436
"1619",1,"n","15",35,"1.3.2",-0.155051442322078
"1620",1,"y","15",35,"1.4.10",2.13332191322031
"1621",1,"n","15",35,"2.1.9",-0.0741385309008111
"1622",1,"y","15",35,"2.4.7",1.79417899021445
"1623",1,"n","15",35,"2.5.9",-0.0992996701838525
"1624",1,"y","15",35,"2.6.9",1.83590504098287
"1625",2,"y","15",35,"1.2.8",2.54723434109529
"1626",2,"y","15",35,"2.1.4",2.41017118974683
"1627",2,"n","15",35,"2.1.8",-0.160648392034841
"1628",2,"n","15",35,"2.2.1",-0.134488838033104
"1629",2,"y","15",35,"2.3.9",2.14721067344037
"1630",2,"n","15",35,"2.4.1",-0.12851414300209
"1631",1,"y","15",39,"1.1.3",0.298650062291683
"1632",1,"n","15",39,"1.3.8",-0.254842125840256
"1633",1,"y","15",39,"1.6.1",0.417387029939667
"1634",1,"n","15",39,"2.1.10",-0.130511230392356
"1635",1,"n","15",39,"2.2.4",-0.101602884068099
"1636",1,"y","15",39,"2.5.5",1.30563485658461
"1637",2,"y","15",39,"1.2.5",0.88712839718182
"1638",2,"y","15",39,"1.4.10",1.1128488705825
"1639",2,"n","15",39,"1.5.7",-0.0844910774305098
"1640",2,"n","15",39,"2.6.4",-0.180429782925738
"1641",2,"y","15",39,"2.6.8",1.07469774135329
"1642",2,"n","15",39,"2.6.10",-0.0706546570062552
"1643",1,"y","15",43,"1.2.2",-0.333133972627306
"1644",1,"y","15",43,"1.5.8",-0.937208279797442
"1645",1,"n","15",43,"2.2.10",-0.151360856640784
"1646",1,"y","15",43,"2.3.5",-0.285864755416888
"1647",1,"n","15",43,"2.4.3",-0.195217100499759
"1648",1,"n","15",43,"2.5.5",-0.1058387006237
"1649",2,"y","15",43,"1.2.7",-0.270565707245819
"1650",2,"n","15",43,"1.4.5",-0.117882543002414
"1651",2,"n","15",43,"1.4.8",-0.134444339111744
"1652",2,"y","15",43,"2.1.8",-0.265375921887383
"1653",2,"n","15",43,"2.3.10",-0.092978770227118
"1654",1,"n","all",8,"1.3.5",-0.0996301242564166
"1655",1,"y","all",8,"1.4.10",-0.0131715145354727
"1656",1,"y","all",8,"2.3.8",0.00245372511321129
"1657",1,"y","all",8,"2.4.4",0.0560759518919942
"1658",1,"n","all",8,"2.5.3",-0.111283018148382
"1659",1,"n","all",8,"2.6.7",-0.21685903188648
"1660",2,"y","all",8,"2.2.7",0.14513351676421
"1661",2,"n","all",8,"2.3.3",-0.0784169223837689
"1662",2,"y","all",8,"2.3.10",0.191761098531354
"1663",2,"n","all",8,"2.4.2",-0.0856382565364488
"1664",2,"y","all",8,"2.5.8",0.151125786262502
"1665",2,"n","all",8,"2.6.1",-0.129803169115394
"1666",1,"y","all",14,"1.2.10",0.308959776238939
"1667",1,"y","all",14,"1.4.4",0.629294174746187
"1668",1,"n","all",14,"1.5.10",-0.150484131257368
"1669",1,"n","all",14,"1.6.10",-0.117659561975798
"1670",1,"n","all",14,"2.3.8",-0.236446351924085
"1671",1,"y","all",14,"2.6.2",0.0179613609133438
"1672",2,"y","all",14,"1.1.8",0.0315836493982333
"1673",2,"n","all",14,"1.2.8",-0.051293772763535
"1674",2,"y","all",14,"1.4.3",0.203762970855496
"1675",2,"y","all",14,"1.6.1",0.463741663190596
"1676",2,"n","all",14,"2.2.4",-0.120026934489018
"1677",1,"n","all",20,"1.3.2",-0.198939023071638
"1678",1,"n","all",20,"1.5.6",-0.123686725007342
"1679",1,"y","all",20,"1.5.9",0.933651114903175
"1680",1,"y","all",20,"2.1.3",0.222017274877938
"1681",1,"y","all",20,"2.2.6",0.913307602554543
"1682",1,"n","all",20,"2.5.10",-0.0568077390039173
"1683",2,"y","all",20,"1.1.4",0.458300732207073
"1684",2,"y","all",20,"1.2.8",0.473374855860789
"1685",2,"n","all",20,"1.6.3",-0.111763026611023
"1686",2,"y","all",20,"2.1.7",0.375128768476359
"1687",2,"n","all",20,"2.1.8",-0.0868399897286916
"1688",2,"n","all",20,"2.3.6",-0.118333113320932
"1689",2,"n","all",25,"1.1.1",0.720034419609722
"1690",1,"y","all",25,"1.2.10",0.831231489054687
"1691",1,"y","all",25,"1.5.2",1.32497042945109
"1692",1,"n","all",25,"1.5.4",1.49201218924152
"1693",1,"n","all",25,"2.3.5",0.401562503617918
"1694",1,"n","all",25,"2.5.2",-0.0938978834389248
"1695",2,"n","all",25,"1.2.2",-0.0968203883421025
"1696",2,"y","all",25,"1.6.10",0.805620778622611
"1697",2,"n","all",25,"2.3.2",-0.101120357094076
"1698",2,"y","all",25,"2.4.8",0.959112564275135
"1699",1,"y","all",30,"2.4.2",1.69786794561066
"1700",1,"n","all",30,"8.1.3",-0.138150453617142
"1701",1,"n","all",30,"8.1.8",-0.0624854555486006
"1702",1,"n","all",30,"13.4.2",-0.214016511093406
"1703",1,"y","all",30,"15.1.2",1.34524200509407
"1704",1,"y","all",30,"32.5.1",1.42059095116738
"1705",2,"n","all",30,"10.4.4",-0.0647827250584827
"1706",2,"y","all",30,"10.6.2",2.10133054831681
"1707",2,"n","all",30,"21.3.7",-0.134290003603208
"1708",2,"n","all",30,"23.6.1",0.699368696845986
"1709",2,"y","all",30,"24.2.8",1.68099846896432
"1710",2,"y","all",30,"29.1.8",2.02660682351845
"1711",1,"y","all",33,"1.1.10",2.11591347015834
"1712",1,"n","all",33,"1.3.5",2.74803454919915
"1713",1,"n","all",33,"1.4.4",-0.0115488976775623
"1714",1,"y","all",33,"1.6.3",2.06217299098544
"1715",1,"n","all",33,"2.3.10",-0.0766108861127256
"1716",1,"y","all",33,"2.6.4",2.00988331227662
"1717",2,"n","all",33,"1.2.10",-0.130135330631101
"1718",2,"n","all",33,"1.5.10",-0.138003317980391
"1719",2,"y","all",33,"1.6.7",2.06415153999517
"1720",2,"n","all",33,"1.6.9",-0.138996540998572
"1721",2,"y","all",33,"2.1.9",2.23089409271221
"1722",2,"y","all",33,"2.3.4",2.13477033141558
"1723",1,"n","all",35,"1.1.4",0.300295586004692
"1724",1,"y","all",35,"2.1.2",2.17721430940108
"1725",1,"n","all",35,"2.2.6",-0.00889269064573667
"1726",1,"y","all",35,"2.3.5",0.577721823434856
"1727",1,"y","all",35,"2.5.1",2.56373914307271
"1728",1,"n","all",35,"2.6.4",-0.103978674469017
"1729",2,"y","all",35,"1.1.5",2.3175405152003
"1730",2,"y","all",35,"1.4.4",2.40666210998833
"1731",2,"n","all",35,"1.5.4",-0.0849159576098307
"1732",2,"n","all",35,"1.6.2",-0.160370675085246
"1733",2,"y","all",35,"2.2.9",1.91334024226572
"1734",2,"n","all",35,"2.3.8",-0.100664131683564
"1735",1,"n","all",39,"1.3.4",-0.0495842320692702
"1736",1,"y","all",39,"1.6.6",0.490155378826935
"1737",1,"n","all",39,"2.3.4",-0.0949025293525118
"1738",1,"y","all",39,"2.5.4",1.39007632056593
"1739",1,"y","all",39,"2.5.10",1.53878171413731
"1740",1,"n","all",39,"2.6.7",-0.0844472066111178
"1741",2,"n","all",39,"1.3.10",-0.155912794494266
"1742",2,"n","all",39,"1.4.6",-0.128341356409317
"1743",2,"y","all",39,"1.6.3",0.892440535476913
"1744",2,"y","all",39,"2.1.2",1.07958664696027
"1745",2,"n","all",39,"2.6.2",-0.10313918389076
"1746",1,"n","all",43,"1.2.1",-0.152362915908196
"1747",1,"y","all",43,"1.3.6",-0.382891947221214
"1748",1,"y","all",43,"1.6.1",-0.24889860916794
"1749",1,"n","all",43,"2.3.4",-0.794991836530301
"1750",1,"n","all",43,"2.6.9",-0.211418819775184
"1751",1,"y","all",43,"2.6.10",-0.31922276276436
"1752",2,"y","all",43,"1.1.2",-0.190847924371412
"1753",2,"n","all",43,"2.1.2",-0.156613326639906
"1754",2,"n","all",43,"2.1.7",-0.145667810106976
"1755",2,"y","all",43,"2.2.10",-0.147435656914042
"1756",2,"n","all",43,"2.3.6",-0.0867811985104142
