"","block","mic","rep","id","T.min","T.min.min","T.min.max","T.min.na","T.max","T.max.min","T.max.max","T.max.na","T.opt","T.opt.min","T.opt.max","r.max","r.max.min","r.max.max","T.br.min","T.br.min.min","T.br.min.max","T.br.min.na","T.br.max","T.br.max.min","T.br.max.max","T.br.max.na","a","b","tmax","d.t","a.mod","b.mod","tmax.mod","d.t.mod"
"1",1,"2",1,"b1.m2.r1",0.917573108563133,-6.27863716261691,7.01331330446271,0,42.940721356286,42.6546640159249,43.2969513678109,0,35.0965865522769,33.7897067324531,36.5776342398206,2.22644939810746,2.06946891319146,2.39820806025629,19.9953188714119,18.0765797261285,21.9641865545998,0,41.2493967679922,40.8004000657891,41.7761961777447,0,0.0383282973630878,-1.0358143553396,43.9691833494466,4.0044474558035,0.0382233484537081,-1.02335644663808,43.9843068229487,3.97589989882514
"2",1,"15",1,"b1.m15.r1",3.10203526803025,-5.07684448335204,9.77295972211174,0,42.3533246108067,41.3344683494268,43.138683067899,0,31.9392662699694,30.5859677587463,33.0326006249648,1.76161845867387,1.48187924174685,1.99914769973537,16.9722412913687,13.2184202229383,20.1025429305317,0,39.8966002727479,38.9163717830585,40.6809754516377,0,0.0485646650048581,-1.11409387777324,44.3126875617271,8,0.0486602142006886,-1.13419800135058,44.3009244284371,8
"3",1,"7",1,"b1.m7.r1",2.83855818856474,-1.00004721975386,5.87075674451751,0,42.838019038217,42.5485410059564,43.312534072836,0,32.3989092226325,31.8393857264297,32.9086068417509,1.79643565194639,1.69338878630411,1.91454302200543,17.1642438565492,15.4392553792915,18.5224682619595,0,40.3776025429239,40.0972194071177,40.8544855962505,0,0.047667773534407,-1.10075437370483,44.829120730497,8,0.0476552387048474,-1.09794828579646,44.8551354978527,8
"4",1,"4",2,"b1.m4.r2",2.7345717077392,-13.011209094965,11.8879001133863,0,42.6589627659969,41.6233513594555,43.6390907379813,0,34.0366110608337,31.7263835872973,36.3238732581723,1.7588515200455,1.40964543569873,2.10018427154925,19.13727731164,13.7170123186905,23.007305989461,0,40.7015020674756,39.3628094901666,41.687585740844,0,0.0373442186766771,-1.10279615257951,44.161825348075,4.98997655413293,0.0380692783935343,-1.16600521191195,44.2538103082651,5.16719410467585
"5",1,"14",3,"b1.m14.r3",4.52561607187975,1.43085970969133,8.17590272304407,0,43.0256672167922,42.4004856586596,43.4239184820162,0,32.7394502697985,32.1606503252797,33.2720958050712,1.80798871069466,1.65694322050798,1.92237465834247,17.9952709540366,16.5294392253678,19.7321290274368,0,40.6022619926916,39.9718580636105,40.9330900819002,0,0.0486405891109274,-1.18921470298236,45.1170330009886,8,0.0487325896051465,-1.20585715019078,45.0652238278622,8
"6",1,"1",3,"b1.m1.r3",2.51074592628164,-7.29825239362176,9.58440673032482,0,42.7560427126427,41.7028324004185,43.8416742643357,0,32.2925867826693,30.9147138648465,33.6720284704767,1.8454219754095,1.53258299731356,2.10692755152939,17.0150791634006,12.98389140049,20.5343712029057,0,40.3109795809536,39.2311131247557,41.297677405313,0,0.0484772325613923,-1.08341855968535,44.6670697861968,8,0.0484471693202858,-1.09574519320825,44.6625929109769,8
"7",1,"8",1,"b1.m8.r1",4.15505701159664,-2.33026893132451,8.47526406522247,0,42.883451368111,42.4314106832666,43.336904444065,0,33.4475241916406,32.3197562798958,34.779115470215,1.9323082826568,1.78008994741751,2.09906082795764,18.8261673686642,16.9183241672872,20.9143247182215,0,40.703306510616,40.0792984054327,41.1962563555639,0,0.0437614638219021,-1.18116343498686,44.5367099416396,6.25382643951777,0.0436988257061142,-1.18856851689408,44.5968565424957,6.30305516438314
"8",1,"2",2,"b1.m2.r2",3.1844344833537,-5.25086625793124,9.69169742805557,0,42.2691870083571,41.3540118331266,43.1444831617429,0,31.9879149056759,30.8045443481093,33.191096012728,1.91470611749898,1.63846420341556,2.21067565669458,17.1748434602566,13.5641858675479,20.3280104122057,0,39.8417428555076,38.9584411511793,40.7013928303854,0,0.0511973498265225,-1.11995741771205,44.1169037566438,8,0.0510636257619793,-1.12401099135399,44.082575983584,8
"9",1,"7",2,"b1.m7.r2",-3.15099564853568,-33.2656487045513,10.6199363089593,0,42.6365454493078,41.7223814442413,43.184167021437,0,34.8640307091678,32.0551665597923,37.9583792876722,1.82955847052195,1.37840852863573,2.11700587402157,18.2410375977411,10.4251126597555,24.6896219165406,0,40.9954034518532,39.824942672874,42.1134230339194,0,0.0327624910621271,-0.899758193891053,43.6779505855427,3.64956782286957,0.0327459778981868,-0.936767853843869,43.6816508330358,3.7863685061488
"10",1,"7",3,"b1.m7.r3",2.56228891386928,-2.67024704551913,6.62714302128381,0,42.747495234324,42.3775662756363,43.0686704979894,0,33.3985604877597,32.2874771749139,34.5789683809232,1.90191958850083,1.78078871742034,2.00843733739191,18.3593764443173,16.8829961796197,19.8635290952912,0,40.6346559145385,40.1225338410773,41.0245897361822,0,0.0413492384203774,-1.10205660427395,44.3747106960493,5.84051769964522,0.041295349453375,-1.1075313231577,44.3771069528273,5.8784434218315
"11",1,"14",1,"b1.m14.r1",4.88979455606337,-1.69546653663061,10.5662275635528,0,42.770408838566,41.9451762340481,43.7232068192985,0,32.5549852665465,31.473999475306,33.5659223019571,1.79348076996738,1.56011796620885,1.99587589543839,18.0085863162289,15.0078260515102,20.7870287182041,0,40.3690502914745,39.5456428110115,41.2509309495373,0,0.0491181072808213,-1.21171976950861,44.8997041126641,8,0.0490970031201033,-1.21275356676966,44.8803177399411,8
"12",1,"12",2,"b1.m12.r2",6.1013055410678,1.19522799469415,10.9820707127902,0,42.4910121589917,41.9284996589369,42.8114994971722,0,33.4029660507141,32.1982635993565,34.8145012361921,1.9702974108685,1.77344162902546,2.1275320398071,19.6649758610385,17.7069788290037,21.5159509342599,0,40.39768056645,39.7112697665482,40.9908826648417,0,0.0455424084204639,-1.29252079913387,44.2739460202953,6.19344623085986,0.045574927745649,-1.31959651997805,44.2742720996168,6.20233975693858
"13",1,"15",3,"b1.m15.r3",-0.157815056419101,-14.8474670391099,7.58110170618168,0,41.9809022066218,41.3018133640969,43.206411945204,0,31.2234861911425,29.5917084665313,32.718825501232,1.60108960428065,1.36953170666159,1.87336721379047,15.2175860956158,9.57726082021177,18.9534099582789,0,39.4669755254056,38.7744260932442,40.7087537705311,0,0.0440606958324215,-0.965712522672778,43.9947838302859,8,0.0439436709838152,-0.951901995825743,44.0759055865486,8
"14",1,"none",2,"b1.mnone.r2",3.34686114235212,-6.17116427339273,9.85856856597832,0,42.2143098506396,41.4875643791906,43.266847158054,0,31.8305295609119,30.4531122482703,33.0268248053686,1.62068937490147,1.39530207522762,1.8839826422746,16.8715051454223,12.6547010256001,20.1604831041714,0,39.7628348205426,38.9802072756927,40.7601226430868,0,0.0460779146834846,-1.12029200400803,44.4184369420946,8,0.046059914946328,-1.1146740382971,44.4516161249345,8
"15",1,"11",3,"b1.m11.r3",7.6437017904149,-3.28098165446385,12.2638973719236,0,42.6501615958411,42.2612298702224,43.5858947546629,0,35.3818614850663,33.7361405523676,38.2753488027888,1.95476066513457,1.71702851564626,2.33809442718704,22.0808279302044,18.8484011424572,25.4993924019173,0,41.0716779860464,40.3575019657684,42.0479231841856,0,0.0381603736438144,-1.34090567684394,43.9994269390145,3.89439967848734,0.0377965750754187,-1.31016348756328,44.0136694604134,3.77464536337764
"16",1,"10",1,"b1.m10.r1",1.60973523893094,-6.75096704074837,8.63174022502351,0,42.6567752350467,41.9539487126299,43.2254253230041,0,32.9016723615124,31.5544438387738,34.6451223806733,1.85484444421462,1.63892467732356,2.02762206488287,17.4819507997122,14.3034093056974,19.8754253976183,0,40.4217712941186,39.7103118893736,41.1017911326466,0,0.0429848302203194,-1.05382989610701,44.3383336584461,6.62967745715177,0.0425932592894255,-1.09204574868332,44.3716598586353,6.49848185330974
"17",1,"9",2,"b1.m9.r2",-0.50683031577626,-17.8736789831222,10.1269529884243,0,42.5998334056139,41.9120458129497,43.3967291627675,0,33.7127146296116,31.8479160185469,36.0420554887594,1.73048681178427,1.49850923890995,1.97928048283099,17.7141136725819,12.7495801035178,22.3147288380724,0,40.693318595152,39.776214834964,41.6381897041821,0,0.0354070908276199,-0.976300745564937,44.0059589584409,4.87670570063896,0.0352743946970778,-0.985755257335274,44.0797494173806,4.94037135405108
"18",1,"1",1,"b1.m1.r1",1.97052684065574,-4.86178156457859,7.13332000680147,0,42.7179092190663,42.0836888091437,43.3519192142207,0,32.202723822186,31.3276040096431,33.0644962815232,1.85409679020521,1.67762074688485,2.0272848066246,16.7909635174931,14.200025250147,19.3010222799598,0,40.2504144609518,39.6209527425885,40.8621764448758,0,0.0483903932183941,-1.05749833840189,44.5904737766545,8,0.0484464867524129,-1.06669135963438,44.6030296848542,8
"19",1,"11",1,"b1.m11.r1",-30.7925960217757,-46.0604375758263,-20.3444641925096,0,42.5966300014988,42.1223859292566,43.2244917829308,0,35.9503043683025,34.6666328269378,37.2505254680269,2.08701315378479,1.76592670987174,2.41517612447214,24.8250309521682,21.236544588405,27.7906598547394,0,41.0252801477372,40.4497244184562,41.6398472065804,0,0.150178290979825,-0.001,42.5977706301977,6.59716893128981,0.149093108090406,-0.001,42.5834472225631,6.64139165866153
"20",1,"12",1,"b1.m12.r1",1.9183144129098,-2.36750288709552,7.1857636484513,0,42.4148959621546,41.7832403405598,42.7561166961442,0,31.9832821980972,31.3257309759968,32.755025914447,1.88574619716263,1.72107561230386,2.02137321511515,16.6399192606123,14.6775863184988,18.9502487256804,0,39.9796807551479,39.4094981920777,40.3314070342753,0,0.0495723391287405,-1.05440618379292,44.2818998608263,8,0.0495734679402396,-1.06683550573473,44.2315566289509,8
"21",1,"all",3,"b1.mall.r3",4.49573162766956,-10.9588366991908,11.0453609886,0,42.5635412979158,41.6769074923476,43.7494376973246,0,33.6951026370154,31.8473218956157,35.6521494671623,1.94158529775509,1.62886563085347,2.28777097424347,19.3631939075289,14.9942165514581,22.8528749633277,0,40.5391003830052,39.4929557201683,41.637081172215,0,0.0424055260961667,-1.19529940472168,44.0926894181125,5.57560035835395,0.0420683173031987,-1.20133919034511,44.1589689752289,5.58735828790163
"22",1,"14",2,"b1.m14.r2",4.55938704717644,-1.06490327087247,9.1174274477633,0,42.2437956472766,41.687332468647,42.8209335378815,0,32.2634837485473,31.4196622133636,32.9510839938962,2.05976551734714,1.85213268236279,2.2537349598723,17.9486113035143,15.7555679872385,20.2680411471405,0,39.8758818497219,39.3159191761328,40.4379015115504,0,0.0541998571320102,-1.20165256066639,44.0536317652916,8,0.0544073185081426,-1.20858622443587,44.0511616712197,8
"23",1,"3",3,"b1.m3.r3",6.55845464118008,2.41078483436598,10.0737154637437,0,42.8051959423786,42.2171733168181,43.2433427471124,0,32.7994990322964,32.11008440572,33.4932121115584,1.82903817521021,1.65026465132738,1.99237384400379,18.8119818478911,16.8814365501311,20.5757783177549,0,40.4267059434175,39.8482548931798,40.8552298023615,0,0.0506985878496063,-1.3153042842299,44.9663841721983,8,0.0507016305065507,-1.307924969228,44.9243649193433,8
"24",1,"3",1,"b1.m3.r1",3.24088500736238,0.499530973682473,5.94083161288664,0,42.484557792622,42.1940979764273,42.8627567456041,0,32.2080595518752,31.7646956532904,32.604312806583,1.89601947834724,1.80454788113741,1.98916801088842,17.296218644736,15.9969265712953,18.4517574696585,0,40.0565460342836,39.7638197202225,40.4267053591391,0,0.0502364285509782,-1.12257799997441,44.3694325778871,8,0.0502846168974185,-1.12061633163494,44.3897147149947,8
"25",1,"10",3,"b1.m10.r3",2.70867182919847,-3.64498044453725,9.75894063662901,0,42.5621021108594,41.5387059664676,43.1223979689453,0,32.0393642602099,30.9652043351761,33.0869028059672,1.73690284557927,1.50477364047346,1.93542787477655,16.858235230719,14.00340495054,20.219922160727,0,40.1067518815568,39.1899320429114,40.6317842391694,0,0.0473587945671854,-1.09332373182563,44.5831437353494,8,0.0475791844569229,-1.11248007362718,44.5010405794907,8
"26",1,"9",3,"b1.m9.r3",1.40507043423332,-3.96558018444451,6.9405719463369,0,42.7049520305972,42.2565727404204,42.9644219284317,0,33.5020048922773,32.2569831319962,34.7591692288134,1.8641871123267,1.727046360856,1.96676659046706,18.0709571575279,16.3988911261419,19.7759982980754,0,40.6364928667616,40.0622431814342,41.0917975000892,0,0.039293396697599,-1.052268114637,44.2795267385934,5.54516286349916,0.0394512928314652,-1.06915158934225,44.2737019810904,5.5710348294141
"27",1,"6",3,"b1.m6.r3",2.12360071031361,-1.67689268941769,5.60173436259179,0,42.9730598311301,42.685501593673,43.2212730996696,0,33.3478301966383,32.4635174527861,34.3333107719107,1.77240142520466,1.68621776573192,1.85168730651127,17.9471777406644,16.6390829341545,19.1090275990871,0,40.7681996592767,40.3942999506536,41.1181459405053,0,0.0397564610532804,-1.08010568045716,44.6899920572618,6.08964984669715,0.0398117043187676,-1.08743807613938,44.7110748908624,6.08790090750907
"28",1,"13",2,"b1.m13.r2",4.07138448128039,-1.90150728495178,8.77145887544309,0,42.6732292912374,41.8494984708224,43.1379433824664,0,32.2396703285776,31.3223182897279,33.0550623774551,1.75375130001281,1.56187919049886,1.93596720753666,17.4373942165793,14.8515797323159,19.8316299967653,0,40.2193867733706,39.4438973110718,40.6823792085981,0,0.0482359203302306,-1.16202655769943,44.7091955925415,8,0.0480973135073218,-1.16076837462914,44.660052329222,8
"29",1,"5",2,"b1.m5.r2",1.7750514790752,-3.91487290717208,8.65559325468497,0,42.1959967182256,41.398601925643,42.6617610229799,0,31.7425388411127,30.7957026356201,32.7383857281013,1.85460281798051,1.63273510784402,2.03416488759754,16.4581674868099,14.007636281865,19.700048876164,0,39.7575440977955,39.0001319323543,40.2454550235717,0,0.0495323203397605,-1.04607181266458,44.0614411732994,8,0.0495523574077799,-1.07139050057898,44.0261973749996,8
"30",1,"3",2,"b1.m3.r2",1.37941118990444,-6.7024283665753,7.10039829654534,0,42.9710861299144,42.3950042985048,43.4516514423908,0,33.2854752359031,32.1010475312896,34.9165726464826,1.91190645177673,1.74754997618838,2.04114086123377,17.8258464978769,15.6127853795691,20.2305694035294,0,40.7887710401775,40.2010420929246,41.3795929983652,0,0.0420901609653531,-1.04928537091477,44.6143745529316,6.205440096033,0.042414667140087,-1.07362373570141,44.6487781520159,6.39235651823808
"31",1,"12",3,"b1.m12.r3",9.45843484852174,5.68379449349758,12.2827743175923,0,42.6142850630412,42.2261025707653,43.1905880374513,0,33.6428699054071,32.7911000974475,35.330776015494,1.90532286068922,1.73534811247479,2.08376875125792,20.8727809229595,19.1295277196024,22.93226877044,0,40.559290683735,40.003835196559,41.1165444112372,0,0.049016036659675,-1.51982970243352,44.6985959096192,6.80365329466141,0.0486785392815828,-1.54281344841877,44.8087157854089,6.76223470800855
"32",1,"4",1,"b1.m4.r1",0.521976159575405,-7.04563605020879,7.36008964683941,0,42.9635261717153,42.4342140719669,43.389112004603,0,34.0004501255034,32.4369276380601,35.4486914628643,1.93598040538269,1.7504139227555,2.06315535733201,18.3881157186141,16.1340014829558,20.4735437517648,0,40.9898148474457,40.4183699852591,41.5015421797131,0,0.0384714046307633,-1.01677174084491,44.3920286372757,5.13089514398,0.038371572972206,-1.03346807168473,44.3865237261566,5.15073637724025
"33",1,"none",3,"b1.mnone.r3",2.87227804219082,-3.19737424935372,9.55293033453491,0,42.1318220457978,41.2636744691142,42.7245123788992,0,31.8430681020096,30.8197830379418,32.7656113418692,1.85477325232052,1.590889127952,2.05428822560732,16.895017518248,14.2271262811162,19.972600929355,0,39.7208218565306,38.8927440026537,40.2843962930551,0,0.0502379456710531,-1.1023585400491,44.0847505983799,8,0.0501991491907898,-1.12097095899878,44.0358711386865,8
"34",1,"8",3,"b1.m8.r3",0.604209267327978,-6.36185249037737,8.13606529686703,0,42.188933853629,41.472778089149,42.756638587735,0,31.5875159437925,30.5391475091051,32.5881578717526,1.80052560896116,1.57989023414157,1.97506803441743,15.8967615523538,12.8456251386213,19.2820278130293,0,39.7015050942113,39.0098073525051,40.3013489545097,0,0.0479904015428001,-0.992506948143246,44.0484919287376,8,0.0480054831437608,-1.00948102483721,44.0144911142951,8
"35",1,"6",2,"b1.m6.r2",2.31122170465578,-2.09815578812996,4.94187719942328,0,42.6232429811262,42.4532961256372,42.9485940214408,0,33.2057572941856,32.3476183175314,34.170320914789,1.87657477874443,1.80706587564596,1.96302078358166,18.0201406340838,16.7904177975278,19.1031940094738,0,40.4879629337085,40.1728744209844,40.8532723360646,0,0.0411546643548774,-1.09281448655514,44.2526364802107,5.94327689132385,0.0411885567762029,-1.08834052813076,44.2697909593626,5.92371887935798
"36",1,"1",2,"b1.m1.r2",-7.49905362556077,-46.2942234459309,6.27144703641768,0.378378378378378,42.7575392445497,42.2077659461707,43.4144971819725,0.374374374374374,37.5316501222471,35.1617611365609,42.0439683089344,1.83040558856246,1.443934416845,2.2361685029156,19.9092597841716,8.49981431695913,26.1007783600359,0.374374374374374,41.8019514720223,40.896124730782,42.8536286161642,0.374374374374374,0.0270950506360282,-0.813444182921241,43.2722373568036,1.81029819637289,0.0247519867448211,-0.711288340924283,43.1694318396131,1.02170396746044
"37",1,"15",2,"b1.m15.r2",2.91001576059622,-7.15040735660367,9.83498072297888,0,43.0103288795355,41.9131845033297,44.4352941087731,0,32.4588617972416,30.9741076009631,34.0107042208726,1.68029683938069,1.418155484128,1.96793874672134,17.1606858262624,12.6699037617424,20.4823246454825,0,40.536408475199,39.4456039531492,41.8811987796217,0,0.0454716512251843,-1.10234991650306,45.1439386630053,8,0.0452943168320749,-1.09184156181525,45.1391899883191,8
"38",1,"all",1,"b1.mall.r1",4.83892856176372,-2.42353907145026,8.76012333734173,0,42.5415930322939,42.2547495172179,43.0485017146506,0,34.1739915157828,32.9430642419084,35.9550121410358,2.16856660549536,2.02120736902817,2.38794659558886,20.1394536497193,17.8097362310878,21.9045135641133,0,40.6772623725613,40.1567158935693,41.2706490085541,0,0.0425333289732462,-1.2237073439442,43.8908797895386,4.8755710594521,0.042379319431127,-1.21231788212893,43.9054493257227,4.87227211701783
"39",1,"9",1,"b1.m9.r1",6.76631060373831,2.58619693901948,11.0614905677553,0,42.3897512553147,41.6907036071353,42.957550858478,0,32.6160037391581,31.6834160011982,33.3399125488783,1.90762869428033,1.67919178672741,2.10992960009089,18.8935424806729,16.9671509662709,21.1255491986072,0,40.0735473174896,39.414644693836,40.6380443625453,0,0.0530925517361501,-1.33744331837389,44.5218447341262,8,0.0532207794224523,-1.34907412992968,44.4946243482849,8
"40",1,"all",2,"b1.mall.r2",4.04585441603896,-2.58087483286009,8.59270036131563,0,42.7832773442379,42.5284345973549,43.2079724111013,0,34.9749456693004,33.6100211132091,36.3797548760243,2.18415558486013,2.01504432843677,2.34579990487235,20.6577588885075,18.7124199419974,22.3467942820407,0,41.0669026160637,40.587589975684,41.564870554601,0,0.0397482350761846,-1.17309955642357,43.9586392562157,4.14902518636137,0.0396654616235581,-1.16216677962182,43.9693601802809,4.15191642395084
"41",1,"none",1,"b1.mnone.r1",1.60365313175139,-10.753084062059,9.08516476731233,0,42.2804637611505,41.2311231937364,43.0917895643381,0,31.7444647560558,30.166444984649,33.1356016463096,1.81720754475217,1.48277175413929,2.09760015315623,16.3434145466302,11.5080962696717,19.9615213625462,0,39.8156715706333,38.8352873746861,40.6625395367332,0,0.0485566325533817,-1.03868728269689,44.15827972128,8,0.0485808938846776,-1.05019544144795,44.0877387365246,8
"42",1,"5",3,"b1.m5.r3",3.86648375749126,1.08381349436939,6.4345478998695,0,42.660095071798,42.4228731830489,42.9127128195708,0,32.8457935727707,32.3029595696642,33.6068585483396,2.02827041454909,1.94260853542834,2.10905193138895,18.2631618184404,17.2495486674411,19.1668845851957,0,40.3834935457018,40.0489669929903,40.6697946171365,0,0.0486387477752268,-1.17255642277248,44.4038280590444,7.15779128802451,0.0486655905356396,-1.18901238506639,44.4349248476362,7.1723200417728
"43",1,"6",1,"b1.m6.r1",1.61660164732651,-4.03397365249748,6.94320266059855,0,42.5339573293059,42.1051655254544,42.9949358858147,0,32.4917101407492,31.6573030396179,33.8464253005405,1.87604628395022,1.73241697858192,2.00378588926548,17.1556904865441,15.3476299032874,19.0212087021356,0,40.2241007101222,39.7314764680938,40.7924261767928,0,0.0458691147474993,-1.05149330337108,44.2681135777314,7.17385942900295,0.0462967328620823,-1.09109054441837,44.3553153520523,7.29308087936834
"44",1,"2",3,"b1.m2.r3",4.61665895824156,-7.64007656244157,12.7199142055917,0,42.8235995389644,41.8213039680815,43.5139154739573,0,34.4174231758262,32.4259893305116,36.5112653928072,2.04464398654392,1.65674537539521,2.36154777055753,20.1925286221269,16.0364821967545,24.1347544404352,0,40.9400906919264,39.7948555333086,41.845296577524,0,0.041475660986663,-1.19901915320305,44.242533629234,4.98189299416695,0.0419221415060631,-1.26913735512835,44.3301512119319,5.19839418355584
"45",1,"8",2,"b1.m8.r2",5.94144188473069,1.63150363309981,10.3356547219606,0,42.3439882129609,41.750353187794,42.8450398921918,0,32.4556813757762,31.7241641678605,33.1723588562979,1.92149739033344,1.72983256304222,2.0918040978194,18.4624185698506,16.497985956386,20.6303419433502,0,40.0086866954894,39.4289535356239,40.4746554133788,0,0.0528132791377184,-1.28330475043852,44.4012836130645,8,0.0528576705638085,-1.29170128331092,44.3759338416211,8
"46",1,"5",1,"b1.m5.r1",4.45078458941587,1.47126515152708,6.47337443568601,0,42.3836700812482,42.1328382046297,42.7405825642199,0,32.349328047954,31.9543588163425,32.7254973546459,2.0272055777486,1.93149382212605,2.12313169114736,17.9210407130926,16.6265267588017,18.8052761531721,0,40.010952591119,39.7839796521581,40.3675862348996,0,0.0532673356672616,-1.194837425687,44.226834274674,8,0.0532702060608403,-1.18687006282968,44.2422560557121,8
"47",1,"10",2,"b1.m10.r2",-1.20579593373312,-14.9403267803839,7.29555665618854,0,42.0695119798739,41.1752325765089,43.0888243987573,0,31.08031439633,29.5916579505147,32.6162836757528,1.61087467603938,1.33305247928579,1.84602868595085,14.7363330382761,9.42750014292794,18.9497661398833,0,39.4936148436086,38.6137586544503,40.5303168041493,0,0.043727893532428,-0.92545111845604,44.0184991619248,8,0.0437108766917542,-0.926820788399559,44.0352361462285,8
"48",1,"4",3,"b1.m4.r3",4.85497052355338,-2.51560248985644,10.796734659781,0,42.4878485098438,41.7015219693652,43.4045501002916,0,32.2693956394,31.1507058853723,33.2234182030898,1.75366946237815,1.51434681393943,1.98655895879531,17.810379566237,14.5976237895004,20.7641857020037,0,40.0627174334865,39.2812337150082,40.8992717826335,0,0.0489045429749555,-1.20526636478744,44.6009533796215,8,0.0489009928621677,-1.19606068169799,44.570870396314,8
"49",1,"13",1,"b1.m13.r1",6.14271852353194,-2.72711755295373,11.2067905884393,0,42.213267730502,41.3708170996688,43.3090825227541,0,32.3437478588304,31.1934028951687,33.5662666204397,1.91060129762309,1.61976478856276,2.21912143913137,18.4965135922889,14.6532313131961,21.1008894931188,0,39.8693153867002,39.0363499328404,40.8814042783194,0,0.0532257503947501,-1.29894544687344,44.248926485968,8,0.052957633935419,-1.28125068983479,44.249343020584,8
"50",1,"13",3,"b1.m13.r3",2.57052832501144,-6.12889146627134,8.83078211770754,0,42.1863560058932,41.4783919510816,43.2283573333537,0,31.7004084866097,30.5540782446554,32.7503660937421,1.64092385681089,1.43230889421908,1.84393709569707,16.5908460601978,12.3805791300179,19.2962521877433,0,39.7186528150578,38.9526036381244,40.6410920694522,0,0.0461720107456767,-1.08431856348532,44.3014628894775,8,0.0462639582886105,-1.08419791513337,44.3259429265515,8
"51",1,"11",2,"b1.m11.r2",7.15112091061463,-1.02421089418876,12.0797115027765,0,42.5236040574964,42.1375563460298,43.0557472704467,0,35.4414068843669,33.6228104781185,37.7188290069139,2.0231952285181,1.8180053582853,2.30313422004911,22.1203426901914,19.2954743849946,25.0856337058922,0,40.9860306553385,40.35876136098,41.9051596942265,0,0.0380933455447145,-1.31600004270025,43.7070782757889,3.59534533900769,0.0380285986302403,-1.29721404287503,43.7532363578476,3.5880039044359
"52",2,"15",1,"b2.m15.r1",3.98468194633042,-1.02733897595193,8.68074318416044,0,42.2905919643883,41.8376576550957,42.8979146749781,0,32.3293816735418,31.4951357889656,33.0169850116439,2.15307895222079,1.94161711924924,2.36211131532984,17.8703006873559,15.5597271936243,19.8532789684998,0,39.9469733458428,39.5033680103558,40.5426023719091,0,0.0551587401539764,-1.17030902964221,44.0215169900282,8,0.0551267525290836,-1.17263155334677,44.0467986911995,8
"53",2,"none",1,"b2.mnone.r1",4.83510296538252,-1.2290767334059,10.5540009892307,0,42.5531633756702,41.6651397650996,43.2374163720616,0,32.5369203531419,31.5979518938089,33.5118524910847,2.00719163686838,1.77240022990538,2.25120272660149,18.1389666977623,15.4557408765028,20.9018948361902,0,40.1937715187988,39.4592104758423,40.922734282654,0,0.0531501196429843,-1.21589679102745,44.4565787466855,8,0.0530261182610509,-1.23111503720788,44.4335538293189,8
"54",2,"6",3,"b2.m6.r3",3.19965771336148,-0.649489673516433,6.77964783035617,0,42.5224830686689,42.0599892453125,42.8344971500133,0,32.3671604378991,31.8504562243512,32.9282059251767,2.15740477766949,2.00584869429805,2.2983865494613,17.578536995924,15.8999437925507,19.0919241278482,0,40.1246291446583,39.6993456048649,40.4513717110399,0,0.0543755869238571,-1.12372597968264,44.1864443539188,8,0.0543219764416198,-1.12405943150566,44.1461467901108,8
"55",2,"13",3,"b2.m13.r3",2.41794923775415,-1.93433522162103,6.64592921316882,0,42.4225100670419,42.1184328247747,42.9151298641966,0,32.2297506282772,31.5772754880076,32.8061999720034,2.07584209814079,1.92901705133392,2.23064498870462,17.178694438427,15.2117184750359,18.8326026483233,0,40.0273813954351,39.6563483647631,40.4823086698229,0,0.0526245174694538,-1.08004447639355,44.1417854830825,8,0.0527068137521698,-1.08222580022783,44.1539084741848,8
"56",2,"14",3,"b2.m14.r3",3.16887761863794,-6.07643815059825,8.58399377007023,0,42.6567686053084,42.1544789593683,43.3213596287571,0,32.9911622469495,31.8357203314854,34.6590455820748,2.05811064938765,1.89128785778045,2.28073741648323,18.2125869257247,15.4924084482563,20.4887605774395,0,40.4419534526715,39.7928372635836,41.1156621473425,0,0.0481978300808383,-1.1313801572911,44.2728405367781,7.13598830411394,0.0489472247766295,-1.16860359535201,44.4148354531093,7.20318889662437
"57",2,"1",2,"b2.m1.r2",2.99611865244564,-1.15121696627256,6.58457977522014,0,42.4184028257652,42.170925519884,42.9675449446737,0,32.2563677759094,31.5861459405257,32.8231152645066,2.01174388184759,1.85484030911254,2.14089605228541,17.3488616842551,15.4848738482398,18.8701458309866,0,40.0428580100018,39.7025826225019,40.5294051136905,0,0.0519958058058032,-1.11149445703994,44.2350599286819,8,0.0518829815240456,-1.10143742293747,44.2650170301775,8
"58",2,"11",3,"b2.m11.r3",3.89361165137653,-0.238279852653414,7.78278821640632,0,42.567461329589,42.0356140713709,42.8871916291578,0,32.5239018764963,31.9236093781461,33.0972488144745,2.22171109878455,2.01651369096366,2.35878200428621,17.9778731599652,16.2680281482523,19.7263404450412,0,40.1974669509352,39.709708574539,40.5140246357081,0,0.0555571875596457,-1.16496246992141,44.2329446341176,8,0.055602795558672,-1.18037607668668,44.2087656066186,8
"59",2,"7",3,"b2.m7.r3",3.09826833877209,-1.36099651641399,7.27288861703036,0,42.4207283736894,41.8907987508902,42.8088935835335,0,32.291652894457,31.6391420933178,32.9337052336955,2.11562259969185,1.92972042477243,2.26045621495247,17.4895104737959,15.7367957105518,19.5535859080726,0,40.0346811570034,39.5420516089764,40.4224866513781,0,0.0538985765268534,-1.11734184156005,44.1352652308838,8,0.0540047434929174,-1.13696296696003,44.1242384190391,8
"60",2,"12",3,"b2.m12.r3",2.24723632342346,-2.72689150408164,7.29453346326093,0,42.4303914226066,41.8278087358853,42.8353941965306,0,31.9906649382128,31.2036782295228,32.6689473949489,1.8930458972089,1.72973542488318,2.06151348497565,16.8084556694613,14.5477348208401,18.909963577634,0,39.9620368212546,39.4089751058456,40.4105636656396,0,0.0498678428307101,-1.0711658467852,44.2341692231067,8,0.0497574802431609,-1.06713913789005,44.2090065089152,8
"61",2,"15",2,"b2.m15.r2",6.92979013403744,1.81052033122362,11.5464619250416,0,42.4585045535922,41.6430334779409,43.0456311490928,0,32.8035164523911,31.8990340238199,33.6945992023486,2.23114544746631,1.95528227014676,2.50356762771969,19.2312132052678,16.9730983715982,21.6216897743654,0,40.1805349430609,39.450238496208,40.7797737049528,0,0.0581239553059476,-1.37219982771572,44.2907192835029,8,0.0580049180326038,-1.37459118759525,44.2650408586653,8
"62",2,"10",1,"b2.m10.r1",2.33344447694263,-9.68755903151318,9.31897183683802,0,42.3269301846046,41.7097002701688,43.2474222102666,0,32.5570904585768,31.1202899679098,34.4245958414288,2.01925405264694,1.7508707882496,2.27726545054599,17.641640926297,13.9813236569778,20.2951557716656,0,40.0526174742079,39.3125745719904,40.9505629092762,0,0.0487757132078279,-1.08828857074507,43.9434485149212,7.71773994727492,0.0518189609275447,-1.14635862594081,44.1129586940167,7.8014819430501
"63",2,"8",3,"b2.m8.r3",0.84088085270788,-7.15364527695962,6.61941964641035,0,42.5000440257193,41.818896403564,43.0955559886984,0,31.9614678782596,31.0270238881478,32.8471685082131,1.98626606493929,1.77913909957852,2.20542797295548,16.3528598901842,13.3670349415082,18.9978608552162,0,40.0365541221309,39.3757067951287,40.6245485566606,0,0.0502682792220089,-1.00176246717197,44.1722559498639,8,0.0502961101247771,-1.00179737684815,44.1603384193892,8
"64",2,"9",1,"b2.m9.r1",2.86444950053193,-1.15521759988803,6.23718801287046,0,42.5337257634273,42.1618779291608,42.9091551531492,0,32.2920048769637,31.762275491794,32.8122885399074,2.0515424878682,1.91490339029237,2.17935515542275,17.3378870492601,15.6276043679217,18.8053163811159,0,40.1172223407396,39.7487395638151,40.4761570242564,0,0.0524462233255673,-1.1047546372201,44.2639322026871,8,0.0523794284295225,-1.10191297084509,44.2745991721242,8
"65",2,"3",2,"b2.m3.r2",2.98708478281217,-0.879493345445777,6.58263806494894,0,42.436787291232,42.0351453852673,42.8600346739002,0,32.2412683870214,31.6814104750622,32.8306190923902,2.05202879720728,1.89508569582539,2.19429851000075,17.3486562468413,15.7578756987285,19.0471351508568,0,40.035391882915,39.6398299907463,40.4483645365057,0,0.0527323213866193,-1.10996218833482,44.1801098897803,8,0.0527745898384843,-1.11220385235082,44.1768106773743,8
"66",2,"8",1,"b2.m8.r1",2.68771633344523,-4.29238105700763,7.25287970127212,0,42.2847276050508,41.8254794807486,43.0414824870685,0,32.1383704913527,31.2072158561184,32.872747068695,2.12454519077495,1.92321971561778,2.32629378896267,17.2905858770939,14.4989557648146,19.4080761681324,0,39.8931588733252,39.4303939570079,40.5978160101893,0,0.0538726894357549,-1.094310373018,43.936794172656,8,0.0537255810228897,-1.07058965460715,43.9606241942207,8
"67",2,"9",3,"b2.m9.r3",3.83780318794516,0.906936758284369,6.99027472504619,0,42.2993252836572,41.8487044646897,42.5487259749798,0,32.2467915964345,31.7772159122671,32.7262331044823,2.11001674687481,1.9696191159276,2.21270280121355,17.7026906547439,16.2859114554229,19.0642325863263,0,39.9290777962077,39.5162119806552,40.1882340656411,0,0.0545386670341816,-1.16011248731344,44.0385433678756,8,0.0546422208233354,-1.17343793411572,44.0150084159108,8
"68",2,"12",1,"b2.m12.r1",2.03780117194736,-4.57056807891836,8.47304553721635,0,42.4448235624292,41.7236623574105,43.071506153023,0,32.114269898078,31.0374083569133,33.0003181021662,2.06492612182082,1.81157611493254,2.27519738845177,16.924760804581,14.0809101355959,19.8371037943002,0,40.0317415928835,39.2848400287704,40.6151528585244,0,0.0523837739197628,-1.05960758633896,44.1261356128425,8,0.0523165096751704,-1.06968962274738,44.0865949639822,8
"69",2,"1",1,"b2.m1.r1",4.5004478440516,1.04195034395592,7.75828359983401,0,42.463528737201,42.0396312898578,42.8544023186813,0,32.5392402632983,32.0004035250328,33.0659956791666,2.22731947106949,2.08172341817177,2.39764829562703,18.2071015317311,16.6522011739309,19.6440655455748,0,40.117785799746,39.7296354446081,40.5318444435216,0,0.056193590184409,-1.2038041046695,44.1512849749396,8,0.0563341643896686,-1.20289703137571,44.136704710673,8
"70",2,"9",2,"b2.m9.r2",1.48692879932118,-3.88228832990646,5.39380169416114,0,42.3813257555003,41.9457462129317,42.9219347656889,0,31.9796263937901,31.4164469250863,32.6617159507923,1.9936581738528,1.84605225014938,2.14551147603017,16.612952751074,14.5126275346245,18.4070943267521,0,39.9485624562511,39.5196556470383,40.4481701051349,0,0.0508257846080059,-1.03297820404064,44.1002735226025,8,0.0508881735286219,-1.03165061315746,44.1207332810182,8
"71",2,"6",1,"b2.m6.r1",2.25765123324046,-6.97909638938366,8.91810781574721,0,42.5530282133059,41.6137531718635,43.6301862409408,0,32.287424931234,30.9777025348488,33.4000054911203,2.06155459801699,1.77902279741968,2.36492433761275,17.1451743824233,13.5688687949586,20.1711198719446,0,40.1503170569523,39.371150718323,41.2904904095701,0,0.0519960049178091,-1.07238224968388,44.2912216357733,8,0.052025919467953,-1.07958606494652,44.3054986811211,8
"72",2,"8",2,"b2.m8.r2",3.66831986380592,0.574355520710837,6.83244468356587,0,42.4321521038519,42.0361958947415,42.7354483569749,0,32.379265794774,31.9094093948364,32.8578336685726,2.15098192737527,2.03822525199646,2.27412116784152,17.7590764628538,16.38043643555,19.0930690104784,0,40.0694364250304,39.6774365096546,40.3529509884073,0,0.054631338651044,-1.15168739083844,44.146736617965,8,0.0547561203773324,-1.16025127600552,44.1279608371479,8
"73",2,"10",3,"b2.m10.r3",2.94150528983554,-3.17368958475925,8.91995492468156,0,42.2898439378216,41.5686256304483,42.9173408713221,0,32.0931380327759,31.1662707601676,33.0559677256556,2.01468896881953,1.77851469346135,2.26343909235857,17.2292712759589,14.5672013287736,19.938735630814,0,39.8924805935783,39.1685792035899,40.4663131404509,0,0.0525737321709682,-1.10785621618805,44.0612095627922,8,0.0529715978250431,-1.14084390637578,44.0379818843744,8
"74",2,"5",2,"b2.m5.r2",3.39829706432066,0.16170929796638,6.1876584381059,0,42.5283039094857,42.1925475132987,42.8189806459048,0,32.3508991332969,31.8872469652965,32.7887873685731,2.04813624097197,1.93473531728675,2.1566407156784,17.5507580276457,16.1549779040226,18.8377241597237,0,40.1338038727048,39.7981532800472,40.4060879109268,0,0.0526532360566805,-1.13359563275561,44.2936676045446,8,0.0527653064610316,-1.13969812932131,44.2875515941686,8
"75",2,"5",1,"b2.m5.r1",2.21002710491775,-7.29632714321772,8.19072784029525,0,42.3376751945575,41.6037384354396,43.352827077749,0,32.0798552146173,30.8672134023155,33.1146243264774,2.03508215334496,1.78268215534165,2.30599094380065,16.975416483798,13.3317448310581,19.8840317809853,0,39.9229570142094,39.2157166782063,40.8904497560562,0,0.0520363891537461,-1.06802725515689,44.0476514824461,8,0.0520868098828052,-1.0558504164762,44.0254036036592,8
"76",2,"4",3,"b2.m4.r3",2.55984023754538,-4.3390162807743,9.09911152632299,0,42.5349006635901,41.8204099343063,43.2807218318989,0,32.2066758934333,31.1729260246657,33.2241513332251,1.98886328334503,1.75905806756459,2.19491714145792,17.1046036367331,13.8837628615464,19.8143636751332,0,40.1037183349503,39.3132524599168,40.7783799999493,0,0.0511932961742881,-1.08698695735086,44.2964157877522,8,0.0513330438607707,-1.10599203551677,44.3195517780617,8
"77",2,"7",2,"b2.m7.r2",3.26999495961805,-0.40022952203559,6.49874300994877,0,42.4333593912465,41.9556334935931,42.802461858972,0,32.2410896837869,31.7142898802356,32.7825080275248,1.98032851067019,1.8374431168322,2.11416901714488,17.372685826941,15.8335340548471,18.9102170683488,0,40.0356143989147,39.6042386167406,40.394886601091,0,0.0517710548206976,-1.12494719092953,44.2729205164924,8,0.0518715645241532,-1.14145562500997,44.2725888512763,8
"78",2,"3",3,"b2.m3.r3",4.22294736186887,-1.04791083600317,10.0376677506977,0,42.4152816695416,41.6951956636134,42.9578706906155,0,32.3120229331453,31.4022835763491,33.2701458836628,1.99580871802518,1.78684349892907,2.21284312722059,17.8074907993393,15.3752101995028,20.4763502537292,0,40.0286254970807,39.3151261300507,40.57794276958,0,0.0529872792037194,-1.17923361878786,44.2702341607677,8,0.0529314555052032,-1.19862386689169,44.2381372347883,8
"79",2,"2",1,"b2.m2.r1",3.40548132780452,0.00610996004920555,6.03101986123927,0,42.5221679263245,42.2118627769347,42.8330853071011,0,32.4459923366608,32.020789206254,32.8723739149216,2.21866500487019,2.11243270291357,2.35638079936293,17.7546171728587,16.5249444145782,19.0350531386565,0,40.155258732266,39.8401646448561,40.4409699264308,0,0.0552678231261909,-1.13706542242998,44.1654017582196,8,0.0552912996179081,-1.13776873036496,44.1523270440636,8
"80",2,"13",2,"b2.m13.r2",3.46869769792341,-7.30607550225719,10.1126888118456,0,42.1922801412674,41.0277149965407,43.0864135603319,0,32.1037603892289,30.5434419663725,33.4150996197141,2.06603639428311,1.68283859746127,2.38181597597367,17.4584090618086,13.0440231500846,20.5905032418917,0,39.8374500082856,38.7308211415218,40.7645124552317,0,0.0541144475071002,-1.13785288595333,43.9591007659385,8,0.0540493165217841,-1.16875694850802,43.9178193757403,8
"81",2,"2",2,"b2.m2.r2",3.39980923729064,-3.54149224948664,8.05775580777291,0,42.5469052541919,42.0173544433449,43.2809460814014,0,32.4382621601866,31.498318659873,33.2465296540691,2.09672380460436,1.8797910715489,2.32785007618296,17.6599641579033,15.0072070303585,19.8384657554733,0,40.1544005787834,39.5745464006068,40.8392545218472,0,0.0534562507872906,-1.13499264784273,44.2783891524195,8,0.0533597441127005,-1.13396370004925,44.3263184878502,8
"82",2,"10",2,"b2.m10.r2",5.51307189100451,1.67706175236292,8.6927064512809,0,42.4611660870782,42.0505312217062,42.9628809554319,0,32.647092577726,32.0793454358975,33.1733623751553,2.16826865732434,2.01039066261643,2.32977733431561,18.5993070812538,16.8782665272274,20.0225918017148,0,40.139756038301,39.7141070199832,40.5785254575968,0,0.0560853289818443,-1.26828872052927,44.2769792666319,8,0.056088901274789,-1.27260636031474,44.2822151927911,8
"83",2,"5",3,"b2.m5.r3",3.31085651986951,0.543469240973726,5.81976161616595,0,42.4233503479184,42.1655064766807,42.7572543143067,0,32.2402567071543,31.8250565169615,32.6534513584556,1.99646486607442,1.89671693341677,2.09312820044143,17.434136024416,16.248479836796,18.6264916956967,0,40.0286619164085,39.7717271327143,40.3455381315061,0,0.0520320527420646,-1.12834268460898,44.242545729787,8,0.0520273118517077,-1.12567921022068,44.2466351751233,8
"84",2,"14",1,"b2.m14.r1",4.13269737164947,-0.0749094933265327,8.50368152596232,0,42.3290878669036,41.7705009500487,42.7573688451811,0,32.327120633032,31.6254713225553,32.9192304388391,2.13584324156343,1.95274732902159,2.30616709424592,17.8434598826956,15.9677214948849,19.8110771305422,0,39.972040701498,39.4397419000265,40.3735792175749,0,0.0550886626123104,-1.17876815569743,44.0718105107475,8,0.0550149912198043,-1.1912420311624,44.0636285968448,8
"85",2,"6",2,"b2.m6.r2",3.26510621571169,-0.309042692714365,6.73045410320307,0,42.5326979162989,42.1304718154334,42.8932746676514,0,32.4203350973359,31.9080121837994,32.9547279053795,2.17833632178988,2.05265620185499,2.32853326646705,17.6688881272792,16.000082412504,19.0620400622963,0,40.1559117726436,39.7866924110782,40.5139906887554,0,0.054570256747848,-1.12792383892057,44.2023204196585,8,0.0545496437487736,-1.13171907610922,44.2046651130987,8
"86",2,"12",2,"b2.m12.r2",2.64545783165602,-2.26528136284505,6.84475425908002,0,42.5009967931511,42.0332564708309,42.9277700934064,0,32.2368958886444,31.5502636278499,32.8669874253658,2.04746222102825,1.89679546778618,2.19446636232323,17.2283068857814,14.9893022809686,18.8739492988812,0,40.0872326714102,39.6508885475011,40.5316001988525,0,0.0523201412092258,-1.09279332942515,44.228206072445,8,0.0523309322037217,-1.09837913746079,44.2297730923325,8
"87",2,"all",2,"b2.mall.r2",3.68172471719932,-0.444366056554708,7.55667146948176,0,42.4500564137519,41.9586566140781,42.8146813590456,0,32.4593985424599,31.8778934635442,33.0237338267689,2.23742355891625,2.0753724497927,2.40777278457165,17.865226717563,16.1353052353903,19.5044159883059,0,40.1000978560633,39.6931479854118,40.5036048729659,0,0.0558485556560696,-1.15176177944239,44.1207328129916,8,0.0559254323840596,-1.16272386049322,44.1037910245015,8
"88",2,"7",1,"b2.m7.r1",4.50278423900865,-0.474914919275265,8.88425752788072,0,42.3966702090681,41.906364323747,42.977598196805,0,32.5161561673951,31.7081518738115,33.1198420732578,2.23813964753954,2.03401290525179,2.44666864557328,18.2073304993405,15.9778953008743,20.0998029702706,0,40.0572146322956,39.5864469390425,40.5930585298493,0,0.0565473719601687,-1.20385399702398,44.0844616390404,8,0.0566287734233713,-1.21119996462079,44.1052137636019,8
"89",2,"none",3,"b2.mnone.r3",4.08309326377112,1.1248489008425,6.52856107278968,0,42.4112076104163,42.0829934391672,42.6437094385731,0,32.3317506376128,31.8486642823223,32.6986716932738,2.04640762609525,1.94414366765241,2.15159801702324,17.7960211379288,16.5435321785348,18.9581682483549,0,40.0357381156034,39.7365812064086,40.2923032313368,0,0.0534573068822743,-1.17219972800737,44.2250176535003,8,0.0534707111486378,-1.18018816325678,44.2113117270474,8
"90",2,"4",2,"b2.m4.r2",4.65653234510295,-0.626090906027598,10.0950433393765,0,42.5011660712929,41.7641295858623,43.0705627571793,0,32.5235197665061,31.6630322681936,33.4070209010631,2.09291132358207,1.86535803068007,2.32509016500306,18.1513548337261,15.7692439634267,20.7383640395556,0,40.1646714053021,39.4793571599289,40.713950659234,0,0.0540963758421008,-1.21026559959247,44.3571829609873,8,0.0541655281277231,-1.21348217496211,44.3093575298418,8
"91",2,"11",2,"b2.m11.r2",1.85089004208323,-3.07296947604455,6.27278946736808,0,42.4223969074429,41.9153300881495,42.8249345471944,0,32.0468321985743,31.305448317467,32.6773320910677,1.99461253265173,1.83833674265118,2.15025476612797,16.795155687234,14.669790838602,18.660139544076,0,39.9940211779625,39.5473624946731,40.4501464851854,0,0.0512462997295704,-1.05058083648029,44.1631568607977,8,0.0511917203043499,-1.05189010458839,44.1406654920857,8
"92",2,"none",2,"b2.mnone.r2",4.30947245904976,-0.787707806017846,9.20649119698073,0,42.4057291510253,41.7838820412481,42.9175765466848,0,32.3296245015062,31.5076250255162,33.1501114303764,2.01471563880469,1.81363591477386,2.21143587121687,17.8339991503596,15.6659327219044,20.1640549587446,0,40.0318096324205,39.376230647167,40.5083464192838,0,0.0530573205237601,-1.1854915944987,44.2709679396783,8,0.0531917083866314,-1.19883042597068,44.2407639151763,8
"93",2,"all",1,"b2.mall.r1",3.57713238975569,-1.52154734575867,7.50903171646624,0,42.4835292293285,41.9096756943912,42.9577444848064,0,32.4415384970308,31.674340917332,33.049198039898,2.20977061950868,2.02362714813354,2.42136391860716,17.8192092687445,15.7166951888025,19.6151827332488,0,40.121811718344,39.6273473648535,40.6263977625925,0,0.0554567402713477,-1.14624458002003,44.144801473992,8,0.0554946203906789,-1.15409342559833,44.120051981423,8
"94",2,"1",3,"b2.m1.r3",3.77791003125315,-1.16509038903122,9.87699580242001,0,42.5900372346714,41.8804729051693,43.1916914361781,0,32.4710624614717,31.6346710772094,33.2667731714892,2.07707397338379,1.83653489287409,2.28556641126266,17.786685101384,15.414955176188,20.3353781562148,0,40.2064604056579,39.5129843216661,40.7967096987323,0,0.0532983887494026,-1.15593292259253,44.3684204076476,8,0.0535786196428254,-1.17706119818747,44.3282465419176,8
"95",2,"3",1,"b2.m3.r1",3.9734127845998,1.13970315029805,6.8612629103632,0,42.3246036703798,41.9796067487035,42.5781657369994,0,32.3005427283347,31.8344938038722,32.7503115589514,2.10835458813681,1.97359266679629,2.22262025319593,17.80443765268,16.5395224374766,19.0951378301658,0,39.958300030241,39.6344866811987,40.2341430738677,0,0.0545285981319327,-1.16834384206879,44.0796237630068,8,0.0544798665695347,-1.17329092689712,44.0745027934329,8
"96",2,"4",1,"b2.m4.r1",3.80226721363466,-1.67428671153576,9.20977641928138,0,42.5904067735378,41.7615208238034,43.2445896902592,0,32.4074200804842,31.4025972312894,33.2709793087445,1.9923741880307,1.76340957882136,2.19971140822498,17.6712259247311,15.25394930578,20.2423416349966,0,40.1936436417615,39.4273447977729,40.8649453179838,0,0.0521466647986944,-1.15431315497439,44.4450093590781,8,0.0520227255874556,-1.17004573131435,44.4057070048986,8
"97",2,"13",1,"b2.m13.r1",2.86333370208352,-4.67513095879818,9.10896623120582,0,42.439021754458,41.510002366527,43.0553057987833,0,32.1862311340282,31.1105233996349,33.2305496902687,2.06518595139448,1.79384777459936,2.32559170618273,17.2605588013474,14.14264241405,20.2137180621949,0,40.0452331833921,39.1525164418369,40.7009991067119,0,0.0529831847371589,-1.10273060149641,44.1607583890648,8,0.053000398689553,-1.11464609699476,44.1073984656105,8
"98",2,"11",1,"b2.m11.r1",4.69863931896662,-0.482292063985424,10.0899022880363,0,42.273008510132,41.6290100644883,42.9924653073376,0,32.2941715251114,31.3668132688074,33.0513274200856,2.02047656384975,1.82522875173068,2.2575595208689,18.0136678262566,15.4778319553015,20.3015011981345,0,39.9151120067203,39.2543240929177,40.5666295871913,0,0.0537750083749062,-1.2083406928832,44.1550764821847,8,0.0537264049939085,-1.21260758831898,44.1504643166299,8
"99",2,"all",3,"b2.mall.r3",3.6603452316739,-1.52325982029845,7.78547693514588,0,42.4971851457215,41.9696250467315,43.0054628872791,0,32.2588621928055,31.5318850426759,32.9354837290613,1.94448162179272,1.7784074764981,2.12684767862128,17.4910703748183,15.281260868838,19.4013311146858,0,40.0854534333004,39.5730037754383,40.598351421526,0,0.0513406745752665,-1.14617395159751,44.3507712369225,8,0.0514129714754961,-1.14487740763871,44.3393262479653,8
"100",2,"14",2,"b2.m14.r2",4.50563158707643,-1.2367114283605,9.346999047457,0,42.4923846235148,41.9348448822709,43.2531355499207,0,32.5806508797925,31.7736671625735,33.3924028409577,2.21239606082071,1.97425316684324,2.44277006750006,18.2879747864743,15.8192406522498,20.5439194095868,0,40.1477416494733,39.5773803556841,40.8701680378938,0,0.0557660600169672,-1.20304485758023,44.2215403596438,8,0.0559145385343089,-1.20949277899031,44.231815723345,8
"101",2,"15",3,"b2.m15.r3",3.54014788396645,-1.85998945782766,9.67901404106374,0,42.5259819832939,41.6989961288456,43.0350865247982,0,32.381191244588,31.4143929462387,33.2699163570935,2.04696068531136,1.77773692231183,2.25717026538519,17.5926987105316,15.3930286594809,20.5616629458609,0,40.1501463573441,39.3958882628819,40.6586065989843,0,0.052758229454132,-1.14142268329342,44.3508607293566,8,0.0528137682816726,-1.15748391117485,44.290624586029,8
"102",2,"2",3,"b2.m2.r3",4.55625148562431,1.59417711889087,6.8156511674176,0,42.4725817352992,42.1763991509714,42.8320668936187,0,32.506451346582,32.1184276970757,32.9306539746074,2.13230876850525,2.02433068138265,2.24667084302907,18.1444720988563,16.852935221052,19.1687805698961,0,40.1193820770202,39.8307712530242,40.4624282213051,0,0.054812495253796,-1.20502215082605,44.2460506793884,8,0.0548714903401879,-1.20529071474411,44.2507183675357,8
"103",3,"2",2,"b3.m2.r2",3.73040611075679,-2.41532509919389,9.7935358523578,0,42.7709340516704,41.8018993462301,43.3676070212286,0,32.4053601609404,31.3073639641175,33.3243202207933,1.8086484557994,1.59909662720377,2.03001942192971,17.5381061649219,14.5882539721278,20.2824373975704,0,40.3279501057083,39.4890127990241,40.9791147341227,0,0.0488474516365155,-1.14555635211953,44.7673328534507,8,0.0489551190772565,-1.16190672072465,44.720781448374,8
"104",3,"1",3,"b3.m1.r3",4.62074736017223,-1.46101513054408,8.75037795679701,0,42.7489101783336,41.9961889534105,43.2764972383839,0,32.4984294092103,31.6371746302763,33.2455648931432,1.83528153911499,1.64427996321637,2.01036113406167,17.9169488488449,15.2330035252033,19.997325043701,0,40.3265763397439,39.6235399261891,40.8740469886853,0,0.0497482097635936,-1.1985080756838,44.7766478148769,8,0.0497495775179454,-1.20109810801036,44.7402067203704,8
"105",3,"all",1,"b3.mall.r1",4.41141879868655,-2.2211029515247,10.280667027031,0,42.5698224645365,41.721257810364,43.2542925025839,0,32.3454320413384,31.3518087105338,33.3330636610508,1.88101652002848,1.63812887329871,2.1395753169997,17.7804420463775,14.7864768421416,20.442607427731,0,40.1594384479941,39.3932438103386,40.9061334937645,0,0.0509065630186831,-1.18446419489815,44.5350264199625,8,0.0507377002800642,-1.19710799451935,44.5157123678695,8
"106",3,"3",3,"b3.m3.r3",5.70887377348212,0.858126723898048,9.66803189618323,0,42.5771996678948,41.96980538059,43.0960052723475,0,32.5521873205123,31.8335847685442,33.355155183535,1.87498679560246,1.70361062159818,2.0452585753998,18.3882953276567,16.157403077738,20.3471047691021,0,40.2054036290475,39.6491849390514,40.7549887157837,0,0.0513695066846023,-1.26293327470931,44.6471601845192,8,0.0512410440877159,-1.2593023817357,44.6364057877582,8
"107",3,"12",2,"b3.m12.r2",4.25572740329651,-1.22312283240069,9.49608204009368,0,42.7542146026571,41.9190272499618,43.2560422385651,0,32.4615544055466,31.5528472462788,33.3897813936286,1.84925000863902,1.63431342234748,2.00978989602694,17.7765447475527,15.1956855106811,20.1133123758149,0,40.3268983150296,39.5864109056553,40.8799089993235,0,0.0496325925242568,-1.17582584723443,44.7337915332602,8,0.0496803611816211,-1.1814307364071,44.6892893746877,8
"108",3,"5",3,"b3.m5.r3",4.82266416488106,-1.03927906179063,10.61238361465,0,42.608906252521,41.8503704675215,43.3517995344106,0,32.448814281566,31.3687005041733,33.278829348134,1.80887577266836,1.58485355368241,2.0120555371046,17.9712296896751,15.2766632177611,20.7742021723031,0,40.2162456168303,39.4952846430646,40.9051534481346,0,0.0498494447831445,-1.20918746913719,44.712908247439,8,0.0497614963426932,-1.22238536134251,44.6665517690836,8
"109",3,"7",1,"b3.m7.r1",5.15363259745625,-0.172908421504092,9.70287047505319,0,42.5493600369375,41.8184248710811,43.0513636358304,0,32.4277316219868,31.5802557582704,33.2762457905556,1.88520536370636,1.68730654736253,2.07948511986602,18.1097926876948,15.7576831754673,20.4365148552676,0,40.1494370436403,39.479190561461,40.6831637903371,0,0.0512890029049026,-1.23056864380352,44.5632868767027,8,0.0513421933808259,-1.2327971771224,44.5133494413487,8
"110",3,"9",3,"b3.m9.r3",2.75695808982577,-3.90534382948086,7.97959895534212,0,42.6211423865038,42.139661193244,43.1067116892477,0,32.7321463873734,31.7379129813066,34.2335569039767,1.84308312216979,1.68713701276364,1.99561340143933,17.687845223439,15.526221111505,19.8274181085531,0,40.3623164228686,39.7136892307097,40.8932282315794,0,0.0453479416312625,-1.10729867141338,44.4023227564574,7.13898148188006,0.0456717444436495,-1.1451643487247,44.5030202172313,7.15594943378215
"111",3,"10",1,"b3.m10.r1",4.59358677190631,0.105029310673406,9.4481422364745,0,42.6604618013327,42.0148457199756,43.2673864092177,0,32.5624193829897,31.6963569766054,33.274693227444,1.96031907947954,1.76142895602396,2.1540899933135,18.0742909802357,15.861276257576,20.0600147067033,0,40.2758916956793,39.6488018553146,40.8717591636591,0,0.0518291405951646,-1.19938695340439,44.5965611429289,8,0.0520589745429572,-1.22237586156754,44.5816538477253,8
"112",3,"8",1,"b3.m8.r1",6.86105291687486,2.62873569624251,10.787186423115,0,42.8887893322174,42.2183842191782,43.4300009623737,0,32.9714904131919,32.2068477312591,33.6816581484837,1.89359946483956,1.68549292795639,2.0571233635547,19.0690878289496,17.1536298611815,21.0844799683173,0,40.5399329463435,39.9336499248305,41.0962434290792,0,0.0517834530612519,-1.33756290458462,45.0255157916591,8,0.0517578555703753,-1.34622481536978,45.0025963824281,8
"113",3,"10",3,"b3.m10.r3",3.87124157497293,-3.18402985016595,9.81758111968764,0,42.6119533931734,41.8265422643132,43.4327789237875,0,32.2925237153709,31.1811611509177,33.1795777680702,1.79347034965657,1.58588884144602,1.99375377311022,17.4807276502331,14.4246972619161,20.3822807389767,0,40.1869198447733,39.4035808559587,40.9508684904427,0,0.0485624031777962,-1.15195418569691,44.650830882099,8,0.048611620744756,-1.1505866471213,44.6351806650147,8
"114",3,"3",2,"b3.m3.r2",4.42239066940048,-2.84950105705079,10.2773617390506,0,42.6189427213586,41.6544360932517,43.4153129099652,0,32.4495661085875,31.2480105832669,33.4305135567922,1.92131980641632,1.64784691332542,2.18786464366195,17.9019542465028,14.8501860705965,20.7316245944904,0,40.2185096945825,39.3706277409877,41.0161835952359,0,0.0512486251743582,-1.18885428748519,44.5402199919223,8,0.0511667781593204,-1.19276690813568,44.5189969769058,8
"115",3,"5",2,"b3.m5.r2",5.00922492356648,-0.830058271335172,10.6652518454943,0,42.6394442440601,41.7810211045079,43.3086213687055,0,32.53025833515,31.6080666319957,33.4906158892178,1.90526638976458,1.64715125316049,2.12647532666332,18.1599893957453,15.4514960215885,20.8334568196743,0,40.2457818082495,39.4759141025379,40.9561466020832,0,0.0511661076644767,-1.22307011077522,44.6416296426135,8,0.0512588205448788,-1.23405315218444,44.6290994269713,8
"116",3,"9",1,"b3.m9.r1",7.41561925999485,4.62738350500575,10.2180872065058,0,42.6898473587043,42.1677330375651,42.9671421367131,0,32.8918289446616,32.3295898913137,33.4150904615848,1.90859037563089,1.76003629536126,2.04305150668125,19.2781042033081,18.0506644208363,20.8144234583289,0,40.3548061384366,39.8834545596826,40.6641079465131,0,0.0530175325554302,-1.38166669264784,44.8345419951081,8,0.0531079585232991,-1.38954986585557,44.7746750309443,8
"117",3,"13",2,"b3.m13.r2",4.75434903296024,-1.172857547739,9.99113526818792,0,42.6945392648191,41.9470657780489,43.4826779440745,0,32.4740177666395,31.4577538386484,33.3603318955535,1.84454820614534,1.63073788564547,2.05886095537757,18.0120334666544,15.1233212590429,20.2671637876999,0,40.2828733075227,39.5294719466024,41.0140244627717,0,0.0501072781150265,-1.20589039103026,44.708064850222,8,0.0499802131635261,-1.19955717212875,44.6947592645788,8
"118",3,"none",3,"b3.mnone.r3",4.32399755280397,-1.73242284967543,10.1513822007384,0,42.563638869074,41.725818478808,43.2368298292436,0,32.3608076972436,31.4279129512695,33.3283388397169,1.868113808417,1.62190738908779,2.06983051193456,17.771273131036,15.0428388213876,20.5563141971443,0,40.1697564520421,39.3495023272306,40.8061591447636,0,0.0504702856906069,-1.18163750741829,44.5659546527559,8,0.0504841776291953,-1.19779189847161,44.5253294339751,8
"119",3,"all",2,"b3.mall.r2",5.97595383876988,2.3704805195394,10.245861388845,0,42.6341011879687,41.9522290972434,42.938521387153,0,32.7141005015115,31.9634536601185,33.3355214107552,2.06333816116803,1.83437321667472,2.2179289021189,18.7271640765731,16.6589478396493,20.4264535968875,0,40.2886650439036,39.646154974514,40.594621163594,0,0.054563842227515,-1.2913750425543,44.5518836533552,8,0.0546817130954523,-1.30987060505867,44.4627605231264,8
"120",3,"14",2,"b3.m14.r2",4.7071547602492,-1.4376009457227,10.2501574703153,0,42.4558911408801,41.6159678743193,43.3167509135858,0,32.3155485471634,31.255735983661,33.3313926575315,1.81928604539273,1.6109296014385,2.05079741914932,17.8535071110714,15.1203924835862,20.5342762951333,0,40.0590730040839,39.2558431314377,40.9031238620001,0,0.0501045688400776,-1.20195206198516,44.5197513162795,8,0.050179561717342,-1.20908986442317,44.5088920884726,8
"121",3,"12",1,"b3.m12.r1",4.6343192353398,-1.44121470928465,10.5399147053072,0,42.3484445927963,41.5923094176287,43.0047300390515,0,32.2177568591861,31.1291168923333,33.1069942405434,1.82066088822774,1.57675322782525,2.0326684457815,17.764798741875,14.9927247308424,20.5765705541763,0,39.9539618785782,39.2410703029257,40.6047851473474,0,0.0502520675798963,-1.19843175875983,44.4403740846458,8,0.0501344699512465,-1.20030296849143,44.3947799240641,8
"122",3,"15",3,"b3.m15.r3",4.24897478124213,-0.877027086215143,9.40617192760309,0,42.5814927220583,41.862520174554,43.1102721909416,0,32.3740316246249,31.5135803149101,33.2136006344961,1.86879328776708,1.67682791261065,2.05505940536729,17.70579453187,15.1683633023465,20.0128950716404,0,40.1706697986141,39.4781064901962,40.6803645676946,0,0.0502586999108671,-1.17723703803292,44.5545519718297,8,0.0504860270247167,-1.19086901196829,44.5338597677755,8
"123",3,"13",1,"b3.m13.r1",-33.9967096897678,-46.7759211662684,-12.2451452209131,0,42.8363418015767,41.6171514304523,43.6458738652065,0,35.6747726935927,33.7824355405206,38.0159034840906,1.79904952003808,1.29084714156371,2.22498481666603,23.8057405520493,20.5220868883992,29.8752854610491,0,41.1965366056578,39.9520431663723,42.0821768908909,0,0.14035656686694,-0.001,42.837759183467,7.04718109796469,0.139910951178449,-0.001,42.642698864792,7.06315193735011
"124",3,"7",3,"b3.m7.r3",2.75574278016632,-6.75727734084325,10.4799817232606,0,42.8510562795867,42.0629922441551,43.5185765032329,0,33.1983476354194,31.8358071167061,35.0933689701858,1.87801883640489,1.63609562764962,2.0873933809677,18.1688640573428,14.9962581139785,21.1459833983935,0,40.64115111939,39.8056320467042,41.4790651511596,0,0.0438271092995749,-1.10229519304612,44.5491751637721,6.72126599010499,0.0444937727686568,-1.16664040649134,44.6503914631278,6.79295107528181
"125",3,"4",1,"b3.m4.r1",5.01888771298972,-0.200409056051939,8.65134193486661,0,42.6228061246604,41.9477560514743,43.1037585517063,0,32.4438066699321,31.6389583938901,33.1674878092305,1.80203466972225,1.63104800088173,1.97778409071466,18.0050457897176,15.6474060760033,19.8055038653268,0,40.2143797630393,39.587706584877,40.7230209257467,0,0.049599802684257,-1.2175584739015,44.7180916826757,8,0.0496392791138001,-1.22028606211423,44.6891842324495,8
"126",3,"none",2,"b3.mnone.r2",4.82975607216069,-1.15651002581637,11.1127773449232,0,42.7988061393325,41.7491312274705,43.3761863230417,0,32.5105992148682,31.3978094153717,33.5373336733515,1.79533480969447,1.56233991837264,2.03000296210939,17.9489631870433,15.0189614549759,20.6930186897239,0,40.3807649451099,39.3540629335759,40.9462805720137,0,0.0493005002990981,-1.20730271271028,44.8740545392205,8,0.0495415371658974,-1.23291188659056,44.7730494433482,8
"127",3,"10",2,"b3.m10.r2",5.58972835997728,-1.49861797801354,11.2901526990421,0,42.4065782428056,41.5444448095066,43.4048499729104,0,32.3998786692413,31.1239612645857,33.411441594867,1.81047089525797,1.52175880974171,2.05832837231581,18.2611751720427,15.032193013733,21.1033224500349,0,40.0336862231315,39.180932782802,40.9601990904429,0,0.0507377124834332,-1.25218980275162,44.5332333501165,8,0.05049462822994,-1.25971922585485,44.5455013150665,8
"128",3,"14",3,"b3.m14.r3",4.4822261291226,-0.60638341470382,10.3628287179751,0,42.8061167726363,42.0315354624381,43.4287278685529,0,32.6092935137952,31.6225977607208,33.4438792707643,1.900115149589,1.68026846415737,2.09557662953609,17.9386602976975,15.6036361461501,20.5852392219879,0,40.3981288693776,39.6765287561666,41.0476016165137,0,0.0504726832425696,-1.19056229779755,44.7934419967008,8,0.0506129485665272,-1.19800804027227,44.758000940269,8
"129",3,"15",1,"b3.m15.r1",3.41737028434083,-2.51083026421007,9.78466311229701,0,42.6946494376762,41.8933314110318,43.4252180263045,0,32.3751718605696,31.3940875001435,33.2982939005584,1.89707343745552,1.66886425888379,2.12293134719035,17.4476795183099,14.9817510989344,20.4957193353009,0,40.2804167857124,39.4856775012339,40.904442203713,0,0.0501863188826481,-1.13155299349286,44.5965448682106,8,0.0502492146358258,-1.15657569146842,44.5518779313079,8
"130",3,"13",3,"b3.m13.r3",5.64502135743217,1.90109055253437,9.72914481835922,0,42.686200569635,42.0691514230218,43.1101939768588,0,32.6809488663875,31.9824322870119,33.3544517768894,1.95977683188545,1.79807394513967,2.12625983256601,18.4907613507702,16.8268474702777,20.5090738842854,0,40.3053876518857,39.7633857413008,40.7597840610202,0,0.0524359444495915,-1.26486317907459,44.655078126588,8,0.0526578632576262,-1.2688955327367,44.6163203491177,8
"131",3,"11",3,"b3.m11.r3",5.80320456580041,-2.46218678273508,12.1658518413618,0,42.5441771930777,41.7557329556021,43.3888167122448,0,33.0776869123394,31.7900413300369,35.0491545272188,1.85306144261866,1.60189907904548,2.11440839086592,19.0848690628436,15.9643877696892,22.2058961739456,0,40.3446325039998,39.4954892372904,41.2023493059762,0,0.0474563875070739,-1.26379113316243,44.4488342457828,7.41870951022729,0.0498137562798088,-1.32581148031581,44.6225909536471,7.59523485770108
"132",3,"none",1,"b3.mnone.r1",5.23884305000024,0.437977062441431,9.84837304724347,0,42.6770394222547,41.9587341967332,43.2543509219903,0,32.5716488350302,31.7626145369358,33.3730826728958,1.8301347562634,1.64405115513736,2.01349099357454,18.2274874702877,15.808247726389,20.2849090234433,0,40.2901412553235,39.6322363667967,40.8827609154911,0,0.0500977876413272,-1.2321753910346,44.7802216994171,8,0.050030484255218,-1.23636932144802,44.7564641970168,8
"133",3,"11",2,"b3.m11.r2",5.74088421809399,-6.70659834247928,12.4359483023715,0,42.7018373473236,41.8280899004107,43.5314647870246,0,33.8898231962809,32.0907071935481,36.0216827316454,1.87162070658094,1.52525750916643,2.17887468433608,19.942426007088,15.7122403894353,23.760530833764,0,40.7488544199121,39.6680417235749,41.724452481486,0,0.041439915356952,-1.25599558385727,44.2993583740433,5.4867109675029,0.0416207642263386,-1.27685360162347,44.4163272453224,5.58960055116323
"134",3,"6",3,"b3.m6.r3",3.54966635316497,-2.00511951727519,9.93430476217081,0,42.5387019177731,41.6928460690858,43.1282496141883,0,32.2448259922226,31.3441161626001,33.1312552262645,1.82229908878514,1.59991443994486,2.00387678764154,17.3879508634873,14.6469239950558,20.2109338954213,0,40.1204339703065,39.3480798695368,40.7245280446214,0,0.0491647570311691,-1.13810581163941,44.5763531525616,8,0.0491950027845513,-1.15355589982794,44.5316239805961,8
"135",3,"3",1,"b3.m3.r1",3.44884815081191,-4.09611801433669,10.1665425012833,0,42.4476079929869,41.4786811758169,43.2355762941269,0,32.141631171062,30.9971592080192,33.2181500688532,1.80201275528692,1.52225345649963,2.03505784035935,17.2471099217173,14.109783249802,20.6794892118146,0,40.0291422353525,39.1115478473965,40.7889804130293,0,0.0489580914945846,-1.13252454714627,44.4931016864812,8,0.0492509329311037,-1.16489049325676,44.469763657801,8
"136",3,"6",2,"b3.m6.r2",4.95154106651991,-0.84901415431046,9.75321679191078,0,42.6016558129942,41.8535805584557,43.2110169642207,0,32.4327730688486,31.5039406973682,33.3303889188736,1.88180389856763,1.65037415594424,2.08439821761989,18.0233975790857,15.5971753051734,20.5345062165705,0,40.1923303551383,39.4356722768317,40.755779330823,0,0.05111429481602,-1.21703983082999,44.5819848612573,8,0.0511585612993236,-1.22936683656088,44.5473183283633,8
"137",3,"4",3,"b3.m4.r3",5.44399741749202,0.247552783786502,10.633265095044,0,42.5164062463773,41.7449131563988,43.1052171307877,0,32.4809077635425,31.5114333219905,33.2418078495112,1.88607184211455,1.65291873541343,2.07885892336621,18.2570303627066,15.7486610112529,20.6397334945638,0,40.1385274930574,39.5065381857341,40.8030095747644,0,0.051474305592675,-1.2453768179884,44.5714384064882,8,0.051574970447401,-1.25817638295209,44.548460050042,8
"138",3,"11",1,"b3.m11.r1",8.10932300663483,0.325353790132947,13.4438495434954,0,42.643308534535,41.3464551774258,43.6607875910975,0,32.9372419576193,31.5825050878301,34.3021807969115,1.89827209569564,1.43883354722795,2.26860610020823,19.6209806975807,16.0597716580629,22.4462642799545,0,40.3242681520737,39.1359531676836,41.3241221713218,0,0.0536898464473394,-1.42670183427105,44.8040073902685,8,0.0540552964740378,-1.45297750038488,44.7257926020831,8
"139",3,"8",3,"b3.m8.r3",4.30766817586133,-2.13918544415708,10.1985913743156,0,42.5896416728549,41.7500659179083,43.3249189996663,0,32.2861767710958,31.200818055663,33.2791739626269,1.80135910683559,1.57014850494087,2.03391461704941,17.6556239783898,14.8100428015144,20.6296598991227,0,40.1656150336323,39.3113012302845,40.8173011200763,0,0.0494452454927864,-1.17626020517058,44.6331003065041,8,0.0492467169053749,-1.1787172047152,44.5901247268753,8
"140",3,"14",1,"b3.m14.r1",5.78271092157058,0.901985649365866,11.1146039108746,0,42.657052129396,41.9296101057709,43.3570963472834,0,32.6511631419606,31.6832634083751,33.4577814171418,1.87520719097768,1.65162363652519,2.08517582279883,18.481468453829,16.140028878046,20.9780919138712,0,40.2914705099294,39.5199347364845,40.8905963353008,0,0.0512110179621846,-1.26642666073524,44.7511594859805,8,0.0513599797058951,-1.28632704403516,44.7401072658856,8
"141",3,"all",3,"b3.mall.r3",6.31126440252647,1.2255608121988,10.5129156995683,0,42.5952862010963,41.8848265826733,43.0916882295314,0,32.6828510346204,31.9035074962174,33.4914329498989,1.97608818891481,1.75687807014096,2.17424245313273,18.7615675282655,16.3090009184482,20.6467658816427,0,40.2366566113519,39.606531650865,40.7719992914062,0,0.0535012091352396,-1.30781657792397,44.606515522116,8,0.0535081450475941,-1.3173233897435,44.5576572270316,8
"142",3,"9",2,"b3.m9.r2",4.6170745838091,-0.881154654058711,9.20516781949487,0,42.484295940251,41.7692036489561,42.9927149484583,0,32.3209100990271,31.4946720909941,33.2161849020938,1.86760576315826,1.6767008727639,2.07006597361966,17.8544525636786,15.5132352235382,20.1785261028654,0,40.0797846122295,39.4167445958841,40.6039099961936,0,0.0508702953596938,-1.19854921031101,44.4810881156846,8,0.0508670779484596,-1.20327007250807,44.4316323148766,8
"143",3,"7",2,"b3.m7.r2",6.10091873654375,-0.971277794393775,11.275690498433,0,42.5692331308662,41.7295803354843,43.5640292240864,0,32.6123012486726,31.3766548049936,33.5222255067872,1.85229945543875,1.56568467650371,2.07974540331994,18.5182117174477,15.4284875668846,21.2387581778951,0,40.2114026327773,39.3466707017427,41.1398607101349,0,0.0513901199891809,-1.28646284799001,44.684281081642,8,0.0510543584841329,-1.27831082853697,44.6796601962478,8
"144",3,"1",1,"b3.m1.r1",5.5532386960228,-0.0747086380690487,10.0020347831108,0,42.6587850507858,41.9019960765152,43.2411196466808,0,32.5679469829881,31.7139159117688,33.4106172624247,1.91092980676456,1.69980187171222,2.11846422947416,18.4037735095598,15.6709966487742,20.4863298135082,0,40.2669578131001,39.5204130748296,40.8121961263742,0,0.0517551418422328,-1.25809738144868,44.6476898638167,8,0.0518597796302783,-1.26667542224447,44.6142730888001,8
"145",3,"15",2,"b3.m15.r2",3.5369117902448,-6.23647038649327,10.3398118446697,0,42.6318418655494,41.4198113423922,43.5861453747597,0,32.3087021750982,30.5957631378089,33.4116124311511,1.78949987647093,1.47506413780546,2.11174387055648,17.4068514962609,12.9921368611648,20.6587788116958,0,40.1978098480954,39.0669256918125,41.1306214755803,0,0.0485773377817916,-1.13565337092047,44.6830756207278,8,0.048601538619206,-1.16056792952899,44.6561766849431,8
"146",3,"12",3,"b3.m12.r3",4.25693085248352,-2.05384848428524,10.4552274233263,0,42.4779134614223,41.5656178417726,43.1805237381737,0,32.2983791104911,31.1887141232732,33.3872566131317,1.90661873612206,1.61589643846485,2.14839999157606,17.7247735849239,15.0265731000575,20.8259326221877,0,40.0846463253249,39.2538264358353,40.775386790676,0,0.0512565358314201,-1.17667738232845,44.4274467783752,8,0.0513763923035982,-1.20358254955814,44.4123581271621,8
"147",3,"2",3,"b3.m2.r3",4.01045294019221,-1.07885268061288,9.08443637980583,0,42.6217361961445,41.8775928723594,43.2142139827787,0,32.3074671557384,31.4242187821524,33.1614346136629,1.73866062846682,1.53279045729647,1.90019734248505,17.4767230929534,15.0556626286224,19.9065201649577,0,40.1870875923507,39.4383777964325,40.7262260081107,0,0.048048721234134,-1.16036099408025,44.7666477852438,8,0.0481216641049421,-1.18459583415326,44.7316402764411,8
"148",3,"5",1,"b3.m5.r1",5.6351127598619,0.773733525238121,10.4320345468831,0,42.3867318084148,41.654117667323,42.8722791586532,0,32.4157552665242,31.5279935661537,33.2401311937988,1.896124436705,1.66974992409961,2.0640611537817,18.3075067268734,16.08715908101,20.7357421593796,0,40.0312655738628,39.3395350049607,40.5410430018303,0,0.0522032819030037,-1.2614075072448,44.4468616243396,8,0.0524015406857682,-1.2845598599802,44.418777346897,8
"149",3,"4",2,"b3.m4.r2",4.63620836502085,-1.05490996958575,10.303149972223,0,42.8117877556634,42.1432562492303,43.2828979872224,0,33.17217889047,32.0225145290872,34.8554789742166,1.80019548937665,1.63302957895651,1.98669615239497,18.7590371514873,16.3016357856087,20.9887418100747,0,40.6173283174796,39.8154764910852,41.1793577868162,0,0.044945630825098,-1.19615500319824,44.7107676811593,6.99365174173174,0.0454500801081841,-1.24292598176726,44.82013661175,7.06790719531863
"150",3,"6",1,"b3.m6.r1",3.49465911494629,-2.94252927792045,9.28395651103092,0,42.5231115267899,41.8704072605409,43.2160710238231,0,32.2979075736749,31.2882572298561,33.2092063782703,1.91710362173958,1.68664527678627,2.12689917114278,17.450863359321,14.5681569440702,20.0305401306886,0,40.1084173530963,39.4765664338353,40.7874246884761,0,0.050622167824411,-1.13652717265806,44.4358188815847,8,0.0506187585729987,-1.14157146865196,44.4420862065906,8
"151",3,"2",1,"b3.m2.r1",4.1464039666665,-1.62853009987934,9.78236586302993,0,42.5860766274104,41.9885615628148,43.3197115674285,0,32.484673278097,31.6133823892289,33.3070056825764,2.02070832691354,1.79372227387739,2.23619788358962,17.9074265203558,15.2816106430883,20.4570160435143,0,40.2090151017074,39.6410437533594,40.9151254367291,0,0.0527980565813407,-1.17578048100542,44.442123048033,8,0.0526803821658932,-1.18390516721847,44.4287120730126,8
"152",3,"8",2,"b3.m8.r2",4.17354130622275,-1.78363475938077,10.249874727905,0,42.9469039418838,42.1363956764945,43.762798371202,0,32.6144165210533,31.6063152753898,33.5583254855796,1.79259162495863,1.57933377902539,1.99864349820752,17.8040486351227,15.1502847396712,20.7382912795654,0,40.5216667420108,39.7165992100753,41.2440026246853,0,0.0484585204821744,-1.16934110300179,45.0209224844179,8,0.048302776586719,-1.18242608789474,45.0255651842275,8
"153",3,"1",2,"b3.m1.r2",5.07762764525601,-0.166642207444941,10.3450261789427,0,42.6715082889355,41.8856518021698,43.3725107883439,0,32.506426260436,31.5656150994385,33.4085578837947,1.81075846304147,1.59469208590389,1.98869580466876,18.0732083505133,15.6737054390366,20.6477298708861,0,40.2609839556412,39.5134740865524,40.9512874459917,0,0.0498915578871648,-1.22227636265329,44.7672737381502,8,0.0497267880081737,-1.2300665740669,44.7533573173751,8
"154",4,"12",3,"b4.m12.r3",4.95786141103558,-4.57075616678887,11.2715979522915,0,42.2146113129955,41.2024579980655,43.2640882726278,0,31.9051383244013,30.1913231143148,33.1749577624466,1.51726316403035,1.25091686273141,1.77918405164446,17.5138406675692,12.8032111266282,20.606727065251,0,39.7674746247206,38.7691052385726,40.750156137216,0,0.0455793472784599,-1.19924362277798,44.6230279348729,8,0.0456583539758054,-1.21427751088665,44.6104174130111,8
"155",4,"1",1,"b4.m1.r1",6.99434937048472,1.4811820964221,12.6816358119033,0,43.0351147447024,41.8396515975989,43.674446671789,0,32.8022363586637,31.6526673317647,33.8733633751803,1.53792620840116,1.25468196613667,1.76117973423875,18.7289909818476,15.887543076502,21.6444513863719,0,40.6255768348956,39.4922530998193,41.2402514905985,0,0.0459639208200756,-1.3150447484705,45.5633784103253,8,0.0462942739069056,-1.32554132729749,45.3797988809578,8
"156",4,"3",2,"b4.m3.r2",5.06335968589295,-1.31114829389228,10.8519694328216,0,42.7440644002783,41.9384090119637,43.365880596551,0,32.8672745934421,31.619506682068,34.8303894197331,1.54047312228277,1.34873449020644,1.7123791410615,18.4271730961547,15.6680458966019,21.2644213511758,0,40.4507549488792,39.5671234199253,41.2338355031625,0,0.0426260750447139,-1.20152777226512,45.0441692035094,8,0.0447755821976204,-1.25633978009184,45.1727734695008,7.82992484356963
"157",4,"9",1,"b4.m9.r1",9.48105558129867,4.51226674614562,15.8283970328308,0,42.698665480629,41.5152026221773,43.0854782878464,0,33.7500914115214,32.1063964590605,35.6594310969905,1.59982358629285,1.24554113718726,1.84689362119015,21.0265759204614,17.8407351328445,23.9252487348495,0,40.5475460130814,39.457112888489,41.4324196986384,0,0.0435036711797157,-1.4462810211539,44.9205624337389,6.5430468979689,0.0445596305089869,-1.54408380830522,45.0156447622466,6.67139338607606
"158",4,"12",2,"b4.m12.r2",5.90620776672319,-0.229698201659959,10.6857883047899,0,42.5831424813085,41.7152132860158,43.4125237654704,0,32.3425857190598,31.213304871163,33.249979657189,1.49280016270661,1.28829610243779,1.65432913182119,18.033129044597,15.048574729242,20.4435846368418,0,40.1584518284238,39.2856868258924,40.9110539562614,0,0.0449345574354999,-1.24262499679747,45.1336745873922,8,0.045056047160325,-1.25959083836564,45.0884988504938,8
"159",4,"15",1,"b4.m15.r1",5.80854093397368,-0.852136566415181,12.0657874752897,0,42.7771877609996,41.3721182650873,43.5745715004872,0,32.5527821785246,31.2683713314272,33.8131744707374,1.67120368210015,1.36955569319494,1.93997715071883,18.1847922385265,15.0525222880804,21.5352464033254,0,40.3731931301663,39.0278836650382,41.0986964936988,0,0.0477487379208637,-1.25207188248336,45.0668813976426,8,0.0481223260334154,-1.2873094288775,44.9391597625446,8
"160",4,"11",1,"b4.m11.r1",7.00263640236353,-7.67057415379933,14.2237495961363,0,42.623251256749,41.5752150651613,43.8405292586771,0,34.0609723198627,31.9106735680983,36.697946539603,1.53135041889348,1.2059690588944,1.86583961365129,20.1533494518387,15.1080700340407,24.8232493931858,0,40.7699097441735,39.4137245386801,41.9375800876154,0,0.036757112844889,-1.28836238733451,44.5584174748314,5.40412766794391,0.0365642100887779,-1.27966020812478,44.6600567286208,5.21337261490481
"161",4,"13",2,"b4.m13.r2",6.15032817317261,-4.47664491345252,13.3573636059695,0,43.0990539527894,41.1749968441035,44.436996747242,0,32.6132825244659,30.6570160653748,34.2887795019287,1.42627503397991,1.00372969768093,1.74580476972967,18.2478473328419,13.1035912596195,22.0459848519084,0,40.6276886919592,38.8019744017144,41.8521321696393,0,0.043292975164623,-1.24998714979877,45.7108548075724,8,0.0433427783622057,-1.26377646616422,45.5015629056945,8
"162",4,"9",3,"b4.m9.r3",5.60209132254162,2.32017759274175,10.2074194286655,0,42.5167220276158,41.7007097251714,42.8322246928738,0,32.2966431795494,31.4855238360754,33.0677723565899,1.62596250038226,1.42490350878502,1.7740073913883,18.0397391679631,16.1290728170342,20.1323220096547,0,40.1068095008649,39.3289870676169,40.4595595278639,0,0.0474047867607671,-1.24207964418802,44.8591202802853,8,0.0476315988019158,-1.27496122620433,44.7956617857056,8
"163",4,"all",1,"b4.mall.r1",6.58148480137974,-2.38178291741452,12.6845161898499,0,42.6619980563628,41.8871628729239,43.6656797029166,0,33.3243302386802,31.7797982473051,35.2995952263195,1.76905124549941,1.51623128729408,2.03835936009939,19.4666980014511,15.5788117609244,22.3146087756769,0,40.5959275003318,39.5791327991356,41.5087163694025,0,0.0457927848222322,-1.30150075382882,44.7179001238698,7.51874362785432,0.0486782325586286,-1.36759707922911,45.0241065591604,7.63426386800649
"164",4,"none",3,"b4.mnone.r3",7.32618857067985,1.16676713362556,12.7187474213529,0,42.337216862122,41.484548139683,43.1519588032368,0,32.3928337489523,31.1487885745605,33.5100053633406,1.59644305380423,1.32525711799368,1.83117318982286,18.773493915825,15.8578545753472,21.7932669729038,0,39.9870210671987,39.1269582766885,40.8083773052591,0,0.0482527813929576,-1.34328942014325,44.8351287091456,8,0.0483366696445056,-1.35481840743713,44.7899830546897,8
"165",4,"5",2,"b4.m5.r2",6.30233108531655,0.719270501323645,12.1615508081274,0,42.3688297321744,41.483813704169,43.1099499173209,0,32.2526306792897,31.1269710608377,33.2827709777053,1.55926076936354,1.33375084244124,1.78237434110761,18.2340299227873,15.2915576394269,21.0407908772176,0,39.9764409307014,39.1325951995967,40.6950554706793,0,0.0468678497930065,-1.27562746758049,44.8455870482684,8,0.0471786499160521,-1.29407329155123,44.7844320465906,8
"166",4,"6",3,"b4.m6.r3",6.72050840888573,1.73332990418947,12.0534797361417,0,42.4756733053195,41.5334294216408,43.1407844071899,0,32.405910641973,31.344794773876,33.2820980189696,1.54533985093827,1.35053200224619,1.74197535947632,18.4725699522852,15.9488960989194,21.1199002754422,0,40.098178228154,39.2227364357815,40.7674144985004,0,0.0470597285790686,-1.2984946853204,44.9913714518229,8,0.0469242571921158,-1.32078476809773,44.9722309519131,8
"167",4,"10",3,"b4.m10.r3",3.81331155815655,-0.784781067047685,9.30324059132374,0,42.5958588408349,41.9141798709421,43.2146089968051,0,32.1638508669486,31.2166696065536,32.8487219848113,1.6299520996393,1.43687668936339,1.79561078676307,17.2060436917853,14.8433070727356,19.4991845135173,0,40.1442711541873,39.5349496219013,40.7830230386344,0,0.0460508723780228,-1.14492263841659,44.8416581631809,8,0.0460694723197598,-1.15320947521845,44.8025401973854,8
"168",4,"9",2,"b4.m9.r2",7.3402432749578,3.53873233066544,10.4649252255169,0,42.7429580655097,42.0548359142522,43.2026383020912,0,32.6370788452488,31.9761877080299,33.2988018905809,1.54340637814029,1.36917769931649,1.70368057331881,18.8486897210459,16.9667425035068,20.5271738067728,0,40.3493279371693,39.7391988993927,40.8297515632602,0,0.0466843515334946,-1.33466362943469,45.2792628930478,8,0.0466903529982932,-1.34025622711515,45.2375956717858,8
"169",4,"6",2,"b4.m6.r2",6.27804753314702,1.78290256160335,11.2778414987788,0,42.2850110310523,41.4314522521352,42.771769203991,0,32.2599220155756,31.2085848063916,33.0991451308525,1.64491453097451,1.37895328794377,1.83940301382618,18.253815002135,15.9817142476182,20.7754060702181,0,39.9331937148657,39.0827641635308,40.4236530278651,0,0.0486993365206827,-1.2854686744331,44.7009785337481,8,0.0488511751966462,-1.31202854887772,44.6187618971358,8
"170",4,"13",3,"b4.m13.r3",7.81528108341014,-1.72593363154206,13.2411414724903,0,42.683696395487,41.3626817721294,44.2448324193741,0,32.8082702323165,31.1986055860976,34.2359278940642,1.70975622734328,1.3065398760438,2.10359649889472,19.2520221781189,14.8228414897277,22.1680433091736,0,40.329906031254,39.1432513668884,41.9252456022469,0,0.0498411499778947,-1.38538549424998,45.0332701476115,8,0.0499825828907941,-1.38667247772825,44.9935921471205,8
"171",4,"14",3,"b4.m14.r3",5.63910094707484,-3.59340880000456,12.1734092108725,0,42.3047370876854,41.0429417969026,43.3564959433435,0,32.1167196755915,30.5054140657479,33.4806016545519,1.51349642766444,1.23302166926618,1.7912519218264,17.8831542541772,13.2720545994624,21.1661443738132,0,39.8888734060367,38.7331412142691,40.9146272489269,0,0.0456858858299902,-1.23935102695157,44.8067606181507,8,0.045906116349683,-1.25862442293635,44.7717076920652,8
"172",4,"2",1,"b4.m2.r1",4.0612947972488,-2.56756084631086,10.3839573393329,0,42.2054556075935,41.3764639957295,42.9304921859252,0,31.847163163602,30.7321198657025,32.8856040213591,1.59664361181614,1.38103559491683,1.78160727315683,17.1344153396465,13.8536227926277,20.1293849753576,0,39.7613329424522,39.013305480779,40.5427986267334,0,0.0462314519613563,-1.15680332394222,44.5006861041913,8,0.0464582854902754,-1.17047690090818,44.4828210465597,8
"173",4,"none",2,"b4.mnone.r2",6.60372348774837,1.31563086634501,12.4810038170928,0,42.4694553863219,41.5254448632229,43.3073958533257,0,32.3689286026332,31.2873756644414,33.383372202695,1.51982906026469,1.29771487362347,1.74312784460686,18.3815059795044,15.5814588386867,21.2647673197315,0,40.076583140589,39.2334240939288,40.933986499807,0,0.0462375095309999,-1.28945727774856,45.0157591655485,8,0.0460604216211723,-1.30292782909675,45.0236054305299,8
"174",4,"7",3,"b4.m7.r3",3.15116196759301,-11.750618806914,11.3822674253245,0,42.4841087053137,41.3846912567416,43.8283732108581,0,32.6598931818624,30.6289574143727,35.2183083487899,1.49734248506898,1.18072698542235,1.77219888051219,17.5860718248354,11.3469893367592,21.9449316201076,0,40.2768564172241,38.7823907278904,41.431246929469,0,0.0393433768105462,-1.11088348867952,44.5436405925385,7.6873364497369,0.0422872894380193,-1.1632395648945,44.8527748865555,7.57730826651121
"175",4,"11",2,"b4.m11.r2",9.04931553998617,-2.82016427177454,13.9721106151853,0,42.4945843560048,41.5918212937894,43.4292085585102,0,34.1813054972836,32.3227775436061,36.5433110813171,1.60236609927975,1.31670157564484,1.93616444827375,21.2163003357585,17.267735751929,24.9576322029891,0,40.6854189215895,39.5224177962206,41.6791857668396,0,0.0386788136304107,-1.41305984996107,44.4329357275599,5.09844992816717,0.0388035469090399,-1.42390106969055,44.5617898031885,5.1370315052614
"176",4,"14",2,"b4.m14.r2",6.83143656774192,2.10513573751295,12.4308363844557,0,42.5634985199062,41.617474559544,43.3864399690181,0,32.5146899804077,31.4502273913284,33.5151885152777,1.53467146139467,1.30059827396048,1.72646459689514,18.5459615292787,15.7325364529283,21.1569156009482,0,40.1925637495784,39.2364652167144,40.93033777812,0,0.0466269597968797,-1.30533521092194,45.1473973779958,8,0.0465689312644563,-1.32419244542537,45.0642582824401,8
"177",4,"12",1,"b4.m12.r1",6.87823177230358,1.83837379143629,12.3212258895809,0,42.4240621869156,41.5473225635327,43.1644403127951,0,32.4304010613614,31.356079357025,33.3898760885059,1.61541684589205,1.38999614140627,1.80617954906993,18.6110327145733,15.9162518822269,21.2754591989836,0,40.0632184974868,39.2286830594637,40.7708143462613,0,0.048262215874223,-1.32067269417712,44.8657495359414,8,0.0484320581234538,-1.33814587126626,44.818343561573,8
"178",4,"all",3,"b4.mall.r3",7.17503708233793,1.6563785752415,12.2677356209167,0,42.3819864693293,41.5403895075092,43.15156297704,0,32.5356596780544,31.4345544243648,33.5040113981606,1.79903014491451,1.4850168985796,2.06504083941734,18.9561148890712,16.1339094190491,21.383404591306,0,40.0582262143181,39.2492189829935,40.8011822974801,0,0.0517833095997606,-1.35801817086099,44.6226813636924,8,0.0517798151260577,-1.36494661842593,44.5718928577681,8
"179",4,"15",3,"b4.m15.r3",5.55029865139831,1.37867771972148,9.37845918906188,0,42.313908422352,41.7310869528209,42.835477005812,0,32.2042727008493,31.5082817005104,32.9752098486352,1.63917428466669,1.48544503513745,1.78199443871925,17.9773791592009,16.0104986044498,19.8488148634767,0,39.9330205908958,39.376218175951,40.4501328893055,0,0.0478274449342833,-1.240852162794,44.6734483243791,8,0.0479244790375188,-1.24876224359681,44.6499785999639,8
"180",4,"1",2,"b4.m1.r2",2.60469931290439,-2.08857607790149,8.14166188654232,0,42.5408841335879,41.7233185745466,43.0451302113663,0,32.0077234898883,31.0983415249059,32.8627600934234,1.68253700684165,1.49492380864119,1.83500764111735,16.7486396947999,14.5013150680858,19.385941196155,0,40.0762593642376,39.3067959006859,40.5891835316715,0,0.0463775691376064,-1.0866329362419,44.6437043610471,8,0.0464247876214685,-1.10756359454905,44.6117628472023,8
"181",4,"6",1,"b4.m6.r1",1.70924224588165,-5.64813656010328,9.47268248093564,0,42.2791747701911,41.2300844887831,42.9761919641681,0,31.579763069121,30.3450975418341,32.9415718592592,1.56844505614817,1.32341884783253,1.76577725719208,16.0214841722669,12.7739705685113,19.9764621210479,0,39.7884919883406,38.7625185949879,40.469192920541,0,0.0443632985609786,-1.04545650192589,44.4997493129351,8,0.0442425987758878,-1.06605568711613,44.4539336826458,8
"182",4,"8",1,"b4.m8.r1",5.91805596849388,-1.26217177694533,12.3215320515172,0,42.5202956643797,41.2761432823827,43.3751071547665,0,32.3131306215633,30.999354264677,33.7035068509781,1.54881357826797,1.20205687633182,1.8064599564363,18.0930649879241,14.488700184548,21.494001891135,0,40.1096134843458,38.9163646506466,40.9057645069861,0,0.046180924379863,-1.25358906476548,44.9949233235922,8,0.0464175952375856,-1.28708331213703,44.9132802920526,8
"183",4,"3",1,"b4.m3.r1",5.32462711573093,0.981199721637656,10.1709127956762,0,42.5546043152398,41.8007118738193,43.0788006411025,0,32.3419524859369,31.4474845651767,33.0855063033689,1.59552347088405,1.40367840461791,1.73854437400644,17.9273473375541,15.6436610945558,20.2139293470462,0,40.1476335892514,39.4488146171661,40.6724507608334,0,0.0464603262426208,-1.22427624336729,44.9596917973323,8,0.0464248869953852,-1.23519686275689,44.9238922042263,8
"184",4,"5",3,"b4.m5.r3",5.27626747734755,-1.1528530980071,11.5278495660268,0,42.4976618326278,41.4701260423294,43.3676312129854,0,32.316949301034,31.0785565601168,33.4803365370527,1.60842145594143,1.34943826923633,1.84893769991775,17.8609003997185,14.7301918820995,21.121968723777,0,40.0954342969015,39.0395225103024,40.8761681791495,0,0.0469035307598088,-1.22152252844459,44.8749009994253,8,0.0469541034894777,-1.24243639331872,44.8374052186575,8
"185",4,"2",3,"b4.m2.r3",7.57129617497153,3.04705122831029,12.7935791710813,0,42.9481222100523,42.0772560165072,43.4366519070974,0,33.6578318012878,32.4079605331712,35.3451640033988,1.68213962031876,1.45339018070307,1.86910177585484,20.3116644060076,17.8051542777355,22.5245167191101,0,40.7567997511692,39.7460958392358,41.3681726624916,0,0.043586858985157,-1.3512198924447,45.0788654872764,6.7673781008186,0.0446377157207343,-1.42520308049329,45.1725902583068,6.84360194255132
"186",4,"5",1,"b4.m5.r1",7.06123840899379,1.07435671848827,12.0955562722,0,42.4828106732158,41.5311989706327,43.2904335602998,0,32.4194982657769,31.3801346600651,33.4706230525149,1.55672636416347,1.28612479028777,1.78190729645048,18.6666583775136,15.7461587985332,21.1963272414359,0,40.1039965287977,39.2660910054315,40.992065522059,0,0.0472156037046069,-1.32034713579543,44.9866232257567,8,0.047311513493541,-1.33873077534478,44.9735755787218,8
"187",4,"13",1,"b4.m13.r1",1.27165106302017,-11.4192420598674,10.7546698367147,0,42.7503911681726,41.815829855308,43.5418157934083,0,33.2912415115045,31.3751228987719,35.3002207038793,1.49796923832374,1.23735643748289,1.73264221579048,17.7130306872494,13.4990166401342,21.64033005079,0,40.5860545513199,39.2484705720163,41.325495103711,0,0.0350567715724758,-1.03719111801259,44.5332519217318,5.53548239465055,0.0348205675631483,-1.07405430668405,44.5603245403182,5.58354225520523
"188",4,"7",2,"b4.m7.r2",7.034802514,1.81690556963377,12.0684348245065,0,42.5567430448177,41.5882616591655,43.243440654736,0,32.4493055837179,31.4650216385138,33.4730233451424,1.47618462938446,1.25600994956612,1.67098419171497,18.6086961194599,16.0010463443374,21.3942781322763,0,40.1565278260212,39.2938163353083,40.8849650942047,0,0.0459348073565856,-1.31581819186724,45.1579014162132,8,0.0458150998572211,-1.33084035962183,45.1000670273253,8
"189",4,"10",1,"b4.m10.r1",7.89393292749276,6.07950636617279,9.73101839961507,0,42.5592128494341,42.1866106795072,42.8481532448627,0,32.7326105683874,32.3420530311574,33.0740095019365,1.66505655229607,1.57329800358873,1.73921995394969,19.2221897636543,18.3004991665994,20.1826475196934,0,40.220494106291,39.9034307486641,40.5328855422773,0,0.049467792200383,-1.3869590509401,45.0073609340727,8,0.0494956090122049,-1.3927106439937,45.0044205590681,8
"190",4,"8",2,"b4.m8.r2",5.38521921309945,0.867865567590311,10.2049316695538,0,42.2731240933803,41.5203815594223,42.7560070021612,0,32.102954276005,31.2996137395651,33.015037668166,1.58922109002455,1.40942073108274,1.74566023361721,17.7634631672434,15.5613845751132,20.2412160371458,0,39.8800883217891,39.1210067274999,40.3245250814733,0,0.0470268387469145,-1.22726179920473,44.6671948179301,8,0.0471283450381641,-1.24356156020638,44.6138175568655,8
"191",4,"3",3,"b4.m3.r3",5.06739225105459,-1.98608772653381,10.9265382295598,0,42.6312461770016,41.7148152794305,43.4281756042218,0,32.2683595032379,31.182865036802,33.4058778241437,1.55685412142432,1.33425859794523,1.73818369580483,17.7376759980039,14.5821743398283,20.9037947757781,0,40.1878809352776,39.3028850034684,40.9290522406203,0,0.045622094128382,-1.20677530646921,45.028911748574,8,0.0455480205617147,-1.21017943091174,44.9583594606981,8
"192",4,"none",1,"b4.mnone.r1",7.42426518936521,0.791827355767459,13.0255750560636,0,42.512330864481,41.4396777731835,43.3849238263115,0,32.5263477749029,31.3504118203466,33.7808184237738,1.61267428274858,1.26205819308051,1.8484007722882,18.8962765790878,15.5278080905571,21.8333751295319,0,40.1501512769096,39.0678469734491,40.9589568458335,0,0.0483901411104219,-1.35083915691882,44.9656460105673,8,0.0484766145838724,-1.355886739459,44.8792913452337,8
"193",4,"4",2,"b4.m4.r2",7.78684174438343,1.64429653213507,13.3496618094786,0,42.3080837258358,41.354751430182,43.288054160353,0,32.3650487288489,31.0237665885482,33.5946815345836,1.48252829280777,1.21501919842729,1.72130413222634,18.8753719368038,15.5603378946652,21.7226416058244,0,39.9471741371617,39.0426779085143,40.9615966258688,0,0.0465362183506807,-1.36376495881318,44.9830253563656,8,0.0466626414504456,-1.36561413436864,44.9751110849504,8
"194",4,"2",2,"b4.m2.r2",7.2212320483429,1.78479940740564,11.7020034098486,0,42.5955283033388,41.8932160842255,43.583682186062,0,32.6514637414683,31.750881268672,33.5378509885439,1.63161258083414,1.44983441845135,1.84064891737442,18.9039619421265,16.2236524442469,21.1582197151474,0,40.2362613039153,39.560490786227,41.1228093133629,0,0.0483953218211007,-1.34222399598432,45.0284755248232,8,0.0482057349250606,-1.33436217502253,45.0411947611127,8
"195",4,"4",3,"b4.m4.r3",7.14002912773936,1.81745486229583,12.3800646305631,0,42.392782730783,41.4133847592662,43.1101076414188,0,32.4173485384455,31.1394450622146,33.3599405302997,1.54155789386977,1.30762675583748,1.73875553233426,18.6581804448851,15.9758225767412,21.4415609390197,0,40.0249199248313,39.1130633593607,40.7744236400199,0,0.0471714839520311,-1.3274449250849,44.9601153336905,8,0.0472184129387312,-1.34187149421585,44.9075526465187,8
"196",4,"all",2,"b4.mall.r2",7.69941889333365,0.989149257576451,12.5957828978676,0,42.53369794019,41.6669812123369,43.7704602105218,0,32.7027826086021,31.5121933314675,33.9698755941745,1.66912490332668,1.43404218740724,1.93363122091995,19.157415939749,15.6258504708919,21.5331461627372,0,40.1859844793519,39.3066893123151,41.3212945853053,0,0.0495210645420027,-1.37188152187842,44.940161164065,8,0.0494718828359551,-1.36958115491722,44.9629059819859,8
"197",4,"15",2,"b4.m15.r2",1.89630994885586,-4.64084311198428,8.4903975083237,0,42.4877077426906,41.7752492875916,43.2907369691938,0,31.8889365318129,30.9303133728847,32.877906815254,1.67372262128704,1.51022165255323,1.87920897319128,16.4068471804602,13.6606826499888,19.6876938514989,0,40.0118579982079,39.3197060878938,40.7893157306926,0,0.0459311880796319,-1.05315151339576,44.5679516838875,8,0.0457491808410418,-1.05345212168427,44.5584841341071,8
"198",4,"11",3,"b4.m11.r3",8.74618779048338,-5.94317530077496,15.2889794389269,0,42.8406383480993,41.8391131444372,43.7936746296656,0,35.3673945925446,33.1014341899282,38.2517821202895,1.61978336784349,1.2467441755706,1.97893737192432,22.2466342881668,16.9610679173409,26.6567666029855,0,41.3069922062287,39.9871038381966,42.3787481173819,0,0.0350349119776504,-1.36020089664634,44.2645800046025,4.02146121152334,0.0345513745012883,-1.34650753548127,44.4157183899189,3.9034570209056
"199",4,"1",3,"b4.m1.r3",8.39452763391112,4.18548080147529,13.0538957105913,0,42.3810345925633,41.5231706627929,42.9972767158683,0,32.6575174152782,31.7796966785104,33.5316191663775,1.68487577265643,1.49204780333217,1.89406729056961,19.3941056170256,17.1257886240186,21.7180229346842,0,40.0729498422775,39.262080948278,40.6669689347609,0,0.0509238162317611,-1.42912626226457,44.830758449883,8,0.0509219448239552,-1.45236495615501,44.7810576681213,8
"200",4,"8",3,"b4.m8.r3",7.1472871130553,-0.544279834026332,12.7338920054072,0,42.4508956876695,41.273143659889,43.6033494011336,0,32.4486182576166,30.9258736634866,33.7035644416236,1.55938983583561,1.28907180457179,1.86536047967765,18.740853601334,14.8784693767482,21.6340528235482,0,40.0780178341583,38.9007417457829,41.124662938694,0,0.0476178608274759,-1.33138082739782,44.9866969656922,8,0.0472937860242962,-1.32582403586289,44.9049175873878,8
"201",4,"10",2,"b4.m10.r2",2.47725237884835,-5.35711710637761,10.0727788358799,0,42.4710078490009,41.3416913158727,43.2018707008061,0,31.8641577691238,30.4819441511071,33.0283199058074,1.60290275238242,1.34878460012294,1.79883709443465,16.5070105657964,12.9649799360743,20.2502333817224,0,39.9857262789072,38.9053949101715,40.6930022388634,0,0.045179130201034,-1.07751259930079,44.6568620592778,8,0.0452139033889375,-1.0986773288206,44.5906197090732,8
"202",4,"14",1,"b4.m14.r1",6.42907031031405,-3.78069931487931,12.6018739133688,0,42.6539213966786,41.7593900295091,43.56212444573,0,33.1313438921748,31.4192180433919,35.2283209567032,1.48781303645356,1.25264527680143,1.7577339580808,19.1831674101869,15.2146377613894,22.4588114567544,0,40.4840504159347,39.3478411440664,41.4361597902981,0,0.0407955108017654,-1.26128557360476,44.8243575805583,6.97737949898379,0.0406319464264156,-1.29831338087919,44.96344465619,6.69966846670448
"203",4,"4",1,"b4.m4.r1",3.61805708776878,-4.9555078950998,11.1946483120766,0,42.2790816187925,41.0615040626413,43.2415116988877,0,31.7870748822322,30.0999232693226,33.1235437135355,1.4521660443029,1.18378626285579,1.72149084926292,16.8140746952661,12.5890015563374,20.5838056955992,0,39.8063181172157,38.6528689205382,40.7569202290041,0,0.0433256024358362,-1.13055119343959,44.763432577059,8,0.0432750495800444,-1.1531118577232,44.7130908370031,8
"204",4,"7",1,"b4.m7.r1",4.64204539832859,0.117319492907149,10.4924527077329,0,42.5103048111715,41.6032188540845,43.0301693925595,0,32.1974614505536,31.2908337250635,33.130272006527,1.62968211565672,1.41966770502404,1.79279142839733,17.5952257410003,15.3319749473173,20.4859510469383,0,40.0756037129373,39.2268106847397,40.5784743790448,0,0.0470442943818611,-1.18965965800227,44.7976557245474,8,0.0470288843761005,-1.22045385283314,44.7599534663916,8
