"","block","mic","rep","id","Parameter","est","se","p"
"1",1,"2",1,"b1.m2.r1","a",0.0382233484537081,0.00437100105483202,0.000324013496793511
"2",1,"2",1,"b1.m2.r1","b",-1.02335644663808,0.188812979533909,0.00289522240877442
"3",1,"2",1,"b1.m2.r1","tmax",43.9843068229487,0.428679732341266,1.66739295410245e-09
"4",1,"2",1,"b1.m2.r1","delta_t",3.97589989882514,1.14548419429767,0.0178314591077076
"5",1,"15",1,"b1.m15.r1","a",0.0486602142006886,0.0411794568300877,0.290473793424376
"6",1,"15",1,"b1.m15.r1","b",-1.13419800135058,0.284608344901852,0.0104772172377518
"7",1,"15",1,"b1.m15.r1","tmax",44.3009244284371,1.02334710828262,1.2412949926775e-07
"8",1,"15",1,"b1.m15.r1","delta_t",8,7.99120680264212,0.362734280261712
"9",1,"7",1,"b1.m7.r1","a",0.0476552387048474,0.0172275636878153,0.0395419912660861
"10",1,"7",1,"b1.m7.r1","b",-1.09794828579646,0.122546609105941,0.000288810367423286
"11",1,"7",1,"b1.m7.r1","tmax",44.8551354978527,0.548858736794739,5.19815781633196e-09
"12",1,"7",1,"b1.m7.r1","delta_t",8,3.56973238621125,0.0751142397403504
"13",1,"4",2,"b1.m4.r2","a",0.0380692783935343,0.0162704346828448,0.0663981349864943
"14",1,"4",2,"b1.m4.r2","b",-1.16600521191195,0.492702514803366,0.0642268922360752
"15",1,"4",2,"b1.m4.r2","tmax",44.2538103082651,1.43974871675954,6.84024151816377e-07
"16",1,"4",2,"b1.m4.r2","delta_t",5.16719410467585,4.28742875625504,0.282050010369819
"17",1,"14",3,"b1.m14.r3","a",0.0487325896051465,0.0204953653213303,0.0633422904142233
"18",1,"14",3,"b1.m14.r3","b",-1.20585715019078,0.141356586018411,0.000364332583492464
"19",1,"14",3,"b1.m14.r3","tmax",45.0652238278622,0.666320638063486,1.33812228820776e-08
"20",1,"14",3,"b1.m14.r3","delta_t",8,4.20906684889714,0.115765391851352
"21",1,"1",3,"b1.m1.r3","a",0.0484471693202858,0.047126534589689,0.351077177685185
"22",1,"1",3,"b1.m1.r3","b",-1.09574519320825,0.327716349731059,0.0204721536555236
"23",1,"1",3,"b1.m1.r3","tmax",44.6625929109769,1.34604573383376,4.6737562430915e-07
"24",1,"1",3,"b1.m1.r3","delta_t",8,9.44772098461181,0.435769370446561
"25",1,"8",1,"b1.m8.r1","a",0.0436988257061142,0.0104218117842903,0.00854689473100575
"26",1,"8",1,"b1.m8.r1","b",-1.18856851689408,0.220691904909202,0.00297667437650106
"27",1,"8",1,"b1.m8.r1","tmax",44.5968565424957,0.709422535052819,1.92810541205593e-08
"28",1,"8",1,"b1.m8.r1","delta_t",6.30305516438314,2.54983116274926,0.0563951168874084
"29",1,"2",2,"b1.m2.r2","a",0.0510636257619793,0.047047110534003,0.327292654507226
"30",1,"2",2,"b1.m2.r2","b",-1.12401099135399,0.303528432746067,0.0139537194838961
"31",1,"2",2,"b1.m2.r2","tmax",44.082575983584,0.943287089487816,8.47344959848992e-08
"32",1,"2",2,"b1.m2.r2","delta_t",8,8.49450153540753,0.389543386595116
"33",1,"7",2,"b1.m7.r2","a",0.0327459778981868,0.0125907736645125,0.0482032885285529
"34",1,"7",2,"b1.m7.r2","b",-0.936767853843869,0.505740198017885,0.123188561753351
"35",1,"7",2,"b1.m7.r2","tmax",43.6816508330358,1.13583526796549,2.23998121746062e-07
"36",1,"7",2,"b1.m7.r2","delta_t",3.7863685061488,3.21859852676843,0.292386693711437
"37",1,"7",3,"b1.m7.r3","a",0.041295349453375,0.00648097543160722,0.00140836450463367
"38",1,"7",3,"b1.m7.r3","b",-1.1075313231577,0.160222902952578,0.000971363271565651
"39",1,"7",3,"b1.m7.r3","tmax",44.3771069528273,0.482048501373242,2.86690778545936e-09
"40",1,"7",3,"b1.m7.r3","delta_t",5.8784434218315,1.62890903812942,0.0153994961658392
"41",1,"14",1,"b1.m14.r1","a",0.0490970031201033,0.0356016720895274,0.226371689717998
"42",1,"14",1,"b1.m14.r1","b",-1.21275356676966,0.242974305001793,0.00413548843078874
"43",1,"14",1,"b1.m14.r1","tmax",44.8803177399411,1.06253862161524,1.40327664880428e-07
"44",1,"14",1,"b1.m14.r1","delta_t",8,7.14759055780943,0.313897042452149
"45",1,"12",2,"b1.m12.r2","a",0.045574927745649,0.0115470413760966,0.0108845299982694
"46",1,"12",2,"b1.m12.r2","b",-1.31959651997805,0.25850527458468,0.00375517899360488
"47",1,"12",2,"b1.m12.r2","tmax",44.2742720996168,0.690123129215025,1.74200629640553e-08
"48",1,"12",2,"b1.m12.r2","delta_t",6.20233975693858,2.66409167856966,0.0673683056156297
"49",1,"15",3,"b1.m15.r3","a",0.0439436709838152,0.0394023188044492,0.315454115077147
"50",1,"15",3,"b1.m15.r3","b",-0.951901995825743,0.309689865086896,0.0276662551792063
"51",1,"15",3,"b1.m15.r3","tmax",44.0759055865486,1.15585712362842,2.33681160663487e-07
"52",1,"15",3,"b1.m15.r3","delta_t",8,8.3249660448552,0.380704031611588
"53",1,"none",2,"b1.mnone.r2","a",0.046059914946328,0.0380777563117389,0.280488484249063
"54",1,"none",2,"b1.mnone.r2","b",-1.1146740382971,0.283177408860371,0.0110004867792789
"55",1,"none",2,"b1.mnone.r2","tmax",44.4516161249345,1.1412346221783,2.1022221193798e-07
"56",1,"none",2,"b1.mnone.r2","delta_t",8,7.92396186750444,0.359021591247525
"57",1,"11",3,"b1.m11.r3","a",0.0377965750754187,0.00710815442850346,0.00314697603891896
"58",1,"11",3,"b1.m11.r3","b",-1.31016348756328,0.321568940026494,0.00959350357033119
"59",1,"11",3,"b1.m11.r3","tmax",44.0136694604134,0.740246721913641,2.5464381246049e-08
"60",1,"11",3,"b1.m11.r3","delta_t",3.77464536337764,1.89726776395311,0.103313819284682
"61",1,"10",1,"b1.m10.r1","a",0.0425932592894255,0.0144776295361293,0.0321818300713248
"62",1,"10",1,"b1.m10.r1","b",-1.09204574868332,0.279493336797144,0.0113264771903967
"63",1,"10",1,"b1.m10.r1","tmax",44.3716598586353,0.881352596529318,5.84372587781853e-08
"64",1,"10",1,"b1.m10.r1","delta_t",6.49848185330974,3.47464475812224,0.1203736271703
"65",1,"9",2,"b1.m9.r2","a",0.0352743946970778,0.0113541210073331,0.0266487066260716
"66",1,"9",2,"b1.m9.r2","b",-0.985755257335274,0.351640611859601,0.0378458564750082
"67",1,"9",2,"b1.m9.r2","tmax",44.0797494173806,1.01801507377988,1.23993995971885e-07
"68",1,"9",2,"b1.m9.r2","delta_t",4.94037135405108,3.00994572551118,0.16164833569033
"69",1,"1",1,"b1.m1.r1","a",0.0484464867524129,0.0294325721632233,0.160678804358635
"70",1,"1",1,"b1.m1.r1","b",-1.06669135963438,0.204677209303214,0.00343382218672567
"71",1,"1",1,"b1.m1.r1","tmax",44.6030296848542,0.823045520996526,4.04592885930078e-08
"72",1,"1",1,"b1.m1.r1","delta_t",8,5.87376165695518,0.231351312666647
"73",1,"11",1,"b1.m11.r1","a",0.149093108090406,0.033594974438307,0.00677771498583786
"74",1,"11",1,"b1.m11.r1","b",-0.001,0.400629895481946,0.998104953119641
"75",1,"11",1,"b1.m11.r1","tmax",42.5834472225631,0.580012855492814,8.88024625640046e-09
"76",1,"11",1,"b1.m11.r1","delta_t",6.64139165866153,1.39861010148428,0.00511102789544419
"77",1,"12",1,"b1.m12.r1","a",0.0495734679402396,0.025775469892883,0.112454650756559
"78",1,"12",1,"b1.m12.r1","b",-1.06683550573473,0.173507885200884,0.00165419905485019
"79",1,"12",1,"b1.m12.r1","tmax",44.2315566289509,0.59416207308112,8.28567894951658e-09
"80",1,"12",1,"b1.m12.r1","delta_t",8,4.87247535724866,0.161538578685388
"81",1,"all",3,"b1.mall.r3","a",0.0420683173031987,0.0171313163931907,0.057536168114762
"82",1,"all",3,"b1.mall.r3","b",-1.20133919034511,0.476076239960937,0.0529533619314785
"83",1,"all",3,"b1.mall.r3","tmax",44.1589689752289,1.23955618986747,3.28005317852746e-07
"84",1,"all",3,"b1.mall.r3","delta_t",5.58735828790163,4.19425640293778,0.24030143042742
"85",1,"14",2,"b1.m14.r2","a",0.0544073185081426,0.0362744190060272,0.193933271864446
"86",1,"14",2,"b1.m14.r2","b",-1.20858622443587,0.215707331162963,0.00250249371149977
"87",1,"14",2,"b1.m14.r2","tmax",44.0511616712197,0.578321065592075,7.38857071355116e-09
"88",1,"14",2,"b1.m14.r2","delta_t",8,6.02411534001383,0.241571012188494
"89",1,"3",3,"b1.m3.r3","a",0.0507016305065507,0.0270328560215542,0.119557175559122
"90",1,"3",3,"b1.m3.r3","b",-1.307924969228,0.176188188351176,0.000698775507264104
"91",1,"3",3,"b1.m3.r3","tmax",44.9243649193433,0.751488184362991,2.47858457776257e-08
"92",1,"3",3,"b1.m3.r3","delta_t",8,5.24028465582207,0.187379427964695
"93",1,"3",1,"b1.m3.r1","a",0.0502846168974185,0.0154265323642285,0.0224551454948656
"94",1,"3",1,"b1.m3.r1","b",-1.12061633163494,0.101742742839726,0.000107380374367035
"95",1,"3",1,"b1.m3.r1","tmax",44.3897147149947,0.361060745368577,6.75282757032586e-10
"96",1,"3",1,"b1.m3.r1","delta_t",8,2.90243338508073,0.0400095240273405
"97",1,"10",3,"b1.m10.r3","a",0.0475791844569229,0.0361671154108385,0.245420498403261
"98",1,"10",3,"b1.m10.r3","b",-1.11248007362718,0.257827711498325,0.00760781866455533
"99",1,"10",3,"b1.m10.r3","tmax",44.5010405794907,1.02098060241532,1.19975978182517e-07
"100",1,"10",3,"b1.m10.r3","delta_t",8,7.30428232957639,0.323338722653587
"101",1,"9",3,"b1.m9.r3","a",0.0394512928314652,0.00688869132817219,0.00227162021970288
"102",1,"9",3,"b1.m9.r3","b",-1.06915158934225,0.186297459514594,0.0022506741000099
"103",1,"9",3,"b1.m9.r3","tmax",44.2737019810904,0.549233277241001,5.56727996450751e-09
"104",1,"9",3,"b1.m9.r3","delta_t",5.5710348294141,1.7675103046314,0.0253244418909858
"105",1,"6",3,"b1.m6.r3","a",0.0398117043187676,0.00542080192722879,0.000734428799420855
"106",1,"6",3,"b1.m6.r3","b",-1.08743807613938,0.122011628282128,0.00029608944340264
"107",1,"6",3,"b1.m6.r3","tmax",44.7110748908624,0.445230484581597,1.85648511226458e-09
"108",1,"6",3,"b1.m6.r3","delta_t",6.08790090750907,1.43524880656133,0.0081562845649222
"109",1,"13",2,"b1.m13.r2","a",0.0480973135073218,0.0307461338465895,0.178507832063558
"110",1,"13",2,"b1.m13.r2","b",-1.16076837462914,0.215966886989597,0.00300310453849065
"111",1,"13",2,"b1.m13.r2","tmax",44.660052329222,0.893602896908032,6.06135094175049e-08
"112",1,"13",2,"b1.m13.r2","delta_t",8,6.21244872724027,0.254215314164789
"113",1,"5",2,"b1.m5.r2","a",0.0495523574077799,0.0336781642897253,0.201166673587134
"114",1,"5",2,"b1.m5.r2","b",-1.07139050057898,0.226843183312785,0.00522841124231065
"115",1,"5",2,"b1.m5.r2","tmax",44.0261973749996,0.724442741846255,2.28301750551682e-08
"116",1,"5",2,"b1.m5.r2","delta_t",8,6.27154197672462,0.258143909006556
"117",1,"3",2,"b1.m3.r2","a",0.042414667140087,0.0112337764432881,0.0129477346736384
"118",1,"3",2,"b1.m3.r2","b",-1.07362373570141,0.227205890024622,0.0052177540648184
"119",1,"3",2,"b1.m3.r2","tmax",44.6487781520159,0.78136727979053,3.10533208316192e-08
"120",1,"3",2,"b1.m3.r2","delta_t",6.39235651823808,2.8036589779702,0.0715376341765736
"121",1,"12",3,"b1.m12.r3","a",0.0486785392815828,0.0154716278072409,0.0346367180647201
"122",1,"12",3,"b1.m12.r3","b",-1.54281344841877,0.234178298231671,0.00274889621770842
"123",1,"12",3,"b1.m12.r3","tmax",44.8087157854089,0.788913145165136,5.75335378880707e-07
"124",1,"12",3,"b1.m12.r3","delta_t",6.76223470800855,3.45948430855403,0.122296585646656
"125",1,"4",1,"b1.m4.r1","a",0.038371572972206,0.0071001119461292,0.00293190440979552
"126",1,"4",1,"b1.m4.r1","b",-1.03346807168473,0.217157410809778,0.00506359006091461
"127",1,"4",1,"b1.m4.r1","tmax",44.3865237261566,0.663959870179062,1.41813223408343e-08
"128",1,"4",1,"b1.m4.r1","delta_t",5.15073637724025,1.90525941205188,0.0426090816605397
"129",1,"none",3,"b1.mnone.r3","a",0.0501991491907898,0.0385386668924011,0.249488612847998
"130",1,"none",3,"b1.mnone.r3","b",-1.12097095899878,0.25479663827331,0.00702533010405928
"131",1,"none",3,"b1.mnone.r3","tmax",44.0358711386865,0.800899348685717,3.76376631787301e-08
"132",1,"none",3,"b1.mnone.r3","delta_t",8,7.07570300184063,0.309509486227208
"133",1,"8",3,"b1.m8.r3","a",0.0480054831437608,0.0331455733779061,0.207192977208202
"134",1,"8",3,"b1.m8.r3","b",-1.00948102483721,0.233433992943363,0.00753858225805254
"135",1,"8",3,"b1.m8.r3","tmax",44.0144911142951,0.774625176210988,3.19406173359807e-08
"136",1,"8",3,"b1.m8.r3","delta_t",8,6.38594722104919,0.265694012384521
"137",1,"6",2,"b1.m6.r2","a",0.0411885567762029,0.0046221202800755,0.000296309474065394
"138",1,"6",2,"b1.m6.r2","b",-1.08834052813076,0.112195702486323,0.000197760623160184
"139",1,"6",2,"b1.m6.r2","tmax",44.2697909593626,0.327212178289781,4.18465467233355e-10
"140",1,"6",2,"b1.m6.r2","delta_t",5.92371887935798,1.14522261862521,0.00354732070926403
"141",1,"1",2,"b1.m1.r2","a",0.0247519867448211,0.00636459913926745,0.0115364548718438
"142",1,"1",2,"b1.m1.r2","b",-0.711288340924283,0.337494891067189,0.0888973457953842
"143",1,"1",2,"b1.m1.r2","tmax",43.1694318396131,0.59040912083986,9.06395033277434e-09
"144",1,"1",2,"b1.m1.r2","delta_t",1.02170396746044,3.07560160765496,0.753214807869781
"145",1,"15",2,"b1.m15.r2","a",0.0452943168320749,0.0514044333595926,0.428006570575503
"146",1,"15",2,"b1.m15.r2","b",-1.09184156181525,0.318166263048546,0.0264950632360843
"147",1,"15",2,"b1.m15.r2","tmax",45.1391899883191,1.7907320432462,1.470671416107e-05
"148",1,"15",2,"b1.m15.r2","delta_t",8,11.766898934476,0.533896212607416
"149",1,"all",1,"b1.mall.r1","a",0.042379319431127,0.0064967296686968,0.00126599989620744
"150",1,"all",1,"b1.mall.r1","b",-1.21231788212893,0.232216010206444,0.0034080627718163
"151",1,"all",1,"b1.mall.r1","tmax",43.9054493257227,0.490334233872902,3.29300680281648e-09
"152",1,"all",1,"b1.mall.r1","delta_t",4.87227211701783,1.56779574292058,0.0266193663924478
"153",1,"9",1,"b1.m9.r1","a",0.0532207794224523,0.0352268667969159,0.191231868145695
"154",1,"9",1,"b1.m9.r1","b",-1.34907412992968,0.214850317440296,0.00150480395644197
"155",1,"9",1,"b1.m9.r1","tmax",44.4946243482849,0.716327000486219,2.04699829079031e-08
"156",1,"9",1,"b1.m9.r1","delta_t",8,6.21980512729396,0.254705419951815
"157",1,"all",2,"b1.mall.r2","a",0.0396654616235581,0.00452600777003474,0.000320675519982349
"158",1,"all",2,"b1.mall.r2","b",-1.16216677962182,0.191802808334005,0.00176673210959208
"159",1,"all",2,"b1.mall.r2","tmax",43.9693601802809,0.418918104133513,1.48859477173559e-09
"160",1,"all",2,"b1.mall.r2","delta_t",4.15191642395084,1.16130630155671,0.0159554394629737
"161",1,"none",1,"b1.mnone.r1","a",0.0485808938846776,0.0527148151822012,0.399033727884
"162",1,"none",1,"b1.mnone.r1","b",-1.05019544144795,0.365167957642799,0.0347531371870599
"163",1,"none",1,"b1.mnone.r1","tmax",44.0877387365246,1.22304246271704,3.0927737349056e-07
"164",1,"none",1,"b1.mnone.r1","delta_t",8,10.08263438696,0.463492014413053
"165",1,"5",3,"b1.m5.r3","a",0.0486655905356396,0.00801695960248757,0.00175221757861644
"166",1,"5",3,"b1.m5.r3","b",-1.18901238506639,0.104767690818822,9.29060782765922e-05
"167",1,"5",3,"b1.m5.r3","tmax",44.4349248476362,0.327588455309207,4.13115682697613e-10
"168",1,"5",3,"b1.m5.r3","delta_t",7.1723200417728,1.68087442522401,0.00796138081310278
"169",1,"6",1,"b1.m6.r1","a",0.0462967328620823,0.0139433235171246,0.0210001604349327
"170",1,"6",1,"b1.m6.r1","b",-1.09109054441837,0.172839228819766,0.00146893962562688
"171",1,"6",1,"b1.m6.r1","tmax",44.3553153520523,0.571664815973578,6.7376772929502e-09
"172",1,"6",1,"b1.m6.r1","delta_t",7.29308087936834,3.00801023129911,0.0597807335862759
"173",1,"2",3,"b1.m2.r3","a",0.0419221415060631,0.0164928158892944,0.0517775107125474
"174",1,"2",3,"b1.m2.r3","b",-1.26913735512835,0.524632262486534,0.0601842795585906
"175",1,"2",3,"b1.m2.r3","tmax",44.3301512119319,1.40632925251184,6.03352660962409e-07
"176",1,"2",3,"b1.m2.r3","delta_t",5.19839418355584,4.21620073334756,0.272395031710563
"177",1,"8",2,"b1.m8.r2","a",0.0528576705638085,0.0316558772698003,0.155835456028528
"178",1,"8",2,"b1.m8.r2","b",-1.29170128331092,0.194761116971685,0.00117392073285347
"179",1,"8",2,"b1.m8.r2","tmax",44.3759338416211,0.630282141218389,1.09472014704513e-08
"180",1,"8",2,"b1.m8.r2","delta_t",8,5.59194821449117,0.211940507507553
"181",1,"5",1,"b1.m5.r1","a",0.0532702060608403,0.0164871040456606,0.0231794447939477
"182",1,"5",1,"b1.m5.r1","b",-1.18687006282968,0.100439469731181,7.63925494632454e-05
"183",1,"5",1,"b1.m5.r1","tmax",44.2422560557121,0.304192933095352,2.91503108658166e-10
"184",1,"5",1,"b1.m5.r1","delta_t",8,2.85528243691874,0.0379119312563722
"185",1,"10",2,"b1.m10.r2","a",0.0437108766917542,0.0408005619585707,0.332985897005152
"186",1,"10",2,"b1.m10.r2","b",-0.926820788399559,0.322538951571378,0.0348510875978189
"187",1,"10",2,"b1.m10.r2","tmax",44.0352361462285,1.19470475392751,2.76812821133954e-07
"188",1,"10",2,"b1.m10.r2","delta_t",8,8.63357245716816,0.396651466990809
"189",1,"4",3,"b1.m4.r3","a",0.0489009928621677,0.037323004931286,0.247083593108979
"190",1,"4",3,"b1.m4.r3","b",-1.19606068169799,0.256168547640056,0.00548732165740814
"191",1,"4",3,"b1.m4.r3","tmax",44.570870396314,1.00702841045023,1.11143603969168e-07
"192",1,"4",3,"b1.m4.r3","delta_t",8,7.35259545398678,0.326216000476777
"193",1,"13",1,"b1.m13.r1","a",0.052957633935419,0.0489873636334214,0.32903741719644
"194",1,"13",1,"b1.m13.r1","b",-1.28125068983479,0.300658328364277,0.00800351983058997
"195",1,"13",1,"b1.m13.r1","tmax",44.249343020584,0.924948486434485,7.53922069131743e-08
"196",1,"13",1,"b1.m13.r1","delta_t",8,8.55380730269786,0.39259022626588
"197",1,"13",3,"b1.m13.r3","a",0.0462639582886105,0.0328651009714595,0.218248612033078
"198",1,"13",3,"b1.m13.r3","b",-1.08419791513337,0.243053775374422,0.00663595787206279
"199",1,"13",3,"b1.m13.r3","tmax",44.3259429265515,0.934191036234975,7.85466783135185e-08
"200",1,"13",3,"b1.m13.r3","delta_t",8,6.74156227569126,0.288663350500336
"201",1,"11",2,"b1.m11.r2","a",0.0380285986302403,0.00571028828022385,0.00115202095811817
"202",1,"11",2,"b1.m11.r2","b",-1.29721404287503,0.27329808274533,0.00512033510048417
"203",1,"11",2,"b1.m11.r2","tmax",43.7532363578476,0.521613990962072,4.56391968691226e-09
"204",1,"11",2,"b1.m11.r2","delta_t",3.5880039044359,1.44277829044868,0.0553728659064442
"205",2,"15",1,"b2.m15.r1","a",0.0551267525290836,0.036179129504036,0.188083606729773
"206",2,"15",1,"b2.m15.r1","b",-1.17263155334677,0.212493420718759,0.00267548017053777
"207",2,"15",1,"b2.m15.r1","tmax",44.0467986911995,0.54718592889976,5.60646196528835e-09
"208",2,"15",1,"b2.m15.r1","delta_t",8,5.8982184280154,0.233020720520335
"209",2,"none",1,"b2.mnone.r1","a",0.0530261182610509,0.0419280509787408,0.261723712933629
"210",2,"none",1,"b2.mnone.r1","b",-1.23111503720788,0.256906718305988,0.00491792705007913
"211",2,"none",1,"b2.mnone.r1","tmax",44.4335538293189,0.843748359792735,4.66806549010846e-08
"212",2,"none",1,"b2.mnone.r1","delta_t",8,7.40637752451389,0.329400100312788
"213",2,"6",3,"b2.m6.r3","a",0.0543219764416198,0.0258260002874817,0.0893687857598581
"214",2,"6",3,"b2.m6.r3","b",-1.12405943150566,0.153826435133794,0.000751783089333146
"215",2,"6",3,"b2.m6.r3","tmax",44.1461467901108,0.428464367679957,1.6329586192408e-09
"216",2,"6",3,"b2.m6.r3","delta_t",8,4.32708076673351,0.123736058136187
"217",2,"13",3,"b2.m13.r3","a",0.0527068137521698,0.0259125600668187,0.0976090229633776
"218",2,"13",3,"b2.m13.r3","b",-1.08222580022783,0.160021590501113,0.00107373887414939
"219",2,"13",3,"b2.m13.r3","tmax",44.1539084741848,0.480479545041838,2.89255591557265e-09
"220",2,"13",3,"b2.m13.r3","delta_t",8,4.52129902839854,0.137052970556902
"221",2,"14",3,"b2.m14.r3","a",0.0489472247766295,0.0192627163016751,0.0518284843474097
"222",2,"14",3,"b2.m14.r3","b",-1.16860359535201,0.245647124068695,0.00507180684135575
"223",2,"14",3,"b2.m14.r3","tmax",44.4148354531093,0.763304080087085,2.83646976795152e-08
"224",2,"14",3,"b2.m14.r3","delta_t",7.20318889662437,4.0006409302313,0.131671319248086
"225",2,"1",2,"b2.m1.r2","a",0.0518829815240456,0.0246588699244795,0.0892955833841159
"226",2,"1",2,"b2.m1.r2","b",-1.10143742293747,0.15556129262171,0.000869766331908784
"227",2,"1",2,"b2.m1.r2","tmax",44.2650170301775,0.501392914368132,3.53423007906156e-09
"228",2,"1",2,"b2.m1.r2","delta_t",8,4.42501214034987,0.130423674685
"229",2,"11",3,"b2.m11.r3","a",0.055602795558672,0.0307349961563083,0.130222537729711
"230",2,"11",3,"b2.m11.r3","b",-1.18037607668668,0.179316015182782,0.00121476233272574
"231",2,"11",3,"b2.m11.r3","tmax",44.2087656066186,0.476044496251571,2.74448125578681e-09
"232",2,"11",3,"b2.m11.r3","delta_t",8,5.00599437829236,0.170916550380873
"233",2,"7",3,"b2.m7.r3","a",0.0540047434929174,0.02816403163601,0.113290162984751
"234",2,"7",3,"b2.m7.r3","b",-1.13696296696003,0.168820315614161,0.0010944954765398
"235",2,"7",3,"b2.m7.r3","tmax",44.1242384190391,0.473860684707307,2.70791253562765e-09
"236",2,"7",3,"b2.m7.r3","delta_t",8,4.74910496625324,0.15289630784046
"237",2,"12",3,"b2.m12.r3","a",0.0497574802431609,0.0271990698108675,0.126868538055236
"238",2,"12",3,"b2.m12.r3","b",-1.06713913789005,0.182121900201311,0.00205215449134423
"239",2,"12",3,"b2.m12.r3","tmax",44.2090065089152,0.615558172388576,9.91274413155133e-09
"240",2,"12",3,"b2.m12.r3","delta_t",8,5.11105912432496,0.178301988422729
"241",2,"15",2,"b2.m15.r2","a",0.0580049180326038,0.0519393043920809,0.314859351091385
"242",2,"15",2,"b2.m15.r2","b",-1.37459118759525,0.299893016486822,0.00592798876620483
"243",2,"15",2,"b2.m15.r2","tmax",44.2650408586653,0.681283168616801,1.63506940354975e-08
"244",2,"15",2,"b2.m15.r2","delta_t",8,7.96803036559084,0.36145818720932
"245",2,"10",1,"b2.m10.r1","a",0.0518189609275447,0.0358648734644045,0.208119618284689
"246",2,"10",1,"b2.m10.r1","b",-1.14635862594081,0.266512143114855,0.00770566458587212
"247",2,"10",1,"b2.m10.r1","tmax",44.1129586940167,0.805507438546588,3.83946262201695e-08
"248",2,"10",1,"b2.m10.r1","delta_t",7.8014819430501,6.5017460853921,0.283924578264579
"249",2,"8",3,"b2.m8.r3","a",0.0502961101247771,0.0343795117452441,0.203340615499205
"250",2,"8",3,"b2.m8.r3","b",-1.00179737684815,0.226669048330558,0.00689424203228257
"251",2,"8",3,"b2.m8.r3","tmax",44.1603384193892,0.741417966338484,2.5243333070057e-08
"252",2,"8",3,"b2.m8.r3","delta_t",8,6.35673773086234,0.263773471188687
"253",2,"9",1,"b2.m9.r1","a",0.0523794284295225,0.0219186355134662,0.0624092324910582
"254",2,"9",1,"b2.m9.r1","b",-1.10191297084509,0.136484747190496,0.000472199098764739
"255",2,"9",1,"b2.m9.r1","tmax",44.2745991721242,0.433494771448548,1.70609818060356e-09
"256",2,"9",1,"b2.m9.r1","delta_t",8,3.88893231583399,0.0947799451512427
"257",2,"3",2,"b2.m3.r2","a",0.0527745898384843,0.0247935866122346,0.0865620417299263
"258",2,"3",2,"b2.m3.r2","b",-1.11220385235082,0.152853914769854,0.000766763202272956
"259",2,"3",2,"b2.m3.r2","tmax",44.1768106773743,0.461478680311609,2.35821092312483e-09
"260",2,"3",2,"b2.m3.r2","delta_t",8,4.32605635704066,0.123666431325221
"261",2,"8",1,"b2.m8.r1","a",0.0537255810228897,0.0360934590561833,0.196784829041049
"262",2,"8",1,"b2.m8.r1","b",-1.07058965460715,0.217635537710438,0.00440060500632854
"263",2,"8",1,"b2.m8.r1","tmax",43.9606241942207,0.584598666273106,7.87863870388021e-09
"264",2,"8",1,"b2.m8.r1","delta_t",8,6.05760285451809,0.24383253980477
"265",2,"9",3,"b2.m9.r3","a",0.0546422208233354,0.0219603860969166,0.0552816226524048
"266",2,"9",3,"b2.m9.r3","b",-1.17343793411572,0.130025143986762,0.000279023041019542
"267",2,"9",3,"b2.m9.r3","tmax",44.0150084159108,0.340049349574953,5.22073877818864e-10
"268",2,"9",3,"b2.m9.r3","delta_t",8,3.61627702381684,0.0778866361836579
"269",2,"12",1,"b2.m12.r1","a",0.0523165096751704,0.0395622233468036,0.243297524733993
"270",2,"12",1,"b2.m12.r1","b",-1.06968962274738,0.246749241755241,0.00746313368603256
"271",2,"12",1,"b2.m12.r1","tmax",44.0865949639822,0.734577589740981,2.43034805334216e-08
"272",2,"12",1,"b2.m12.r1","delta_t",8,6.93471151066689,0.300803378714574
"273",2,"1",1,"b2.m1.r1","a",0.0563341643896686,0.0269004421397422,0.0904195772184928
"274",2,"1",1,"b2.m1.r1","b",-1.20289703137571,0.155761345678075,0.000581355190400495
"275",2,"1",1,"b2.m1.r1","tmax",44.136704710673,0.38412202872613,9.4688672767018e-10
"276",2,"1",1,"b2.m1.r1","delta_t",8,4.277544374588,0.120377648019666
"277",2,"9",2,"b2.m9.r2","a",0.0508881735286219,0.0244529635758935,0.0919375779046861
"278",2,"9",2,"b2.m9.r2","b",-1.03165061315746,0.158537603861782,0.00128011188360798
"279",2,"9",2,"b2.m9.r2","tmax",44.1207332810182,0.502111549847368,3.61816903379268e-09
"280",2,"9",2,"b2.m9.r2","delta_t",8,4.4458918666654,0.131857024817231
"281",2,"6",1,"b2.m6.r1","a",0.052025919467953,0.0478673270998928,0.326687321671704
"282",2,"6",1,"b2.m6.r1","b",-1.07958606494652,0.300826913617643,0.015729162246738
"283",2,"6",1,"b2.m6.r1","tmax",44.3054986811211,0.978919127268885,9.94216345670713e-08
"284",2,"6",1,"b2.m6.r1","delta_t",8,8.58545875984181,0.394206784684546
"285",2,"8",2,"b2.m8.r2","a",0.0547561203773324,0.0220399020816254,0.055540190166554
"286",2,"8",2,"b2.m8.r2","b",-1.16025127600552,0.130235081637337,0.000296669943603223
"287",2,"8",2,"b2.m8.r2","tmax",44.1279608371479,0.352346491327655,6.15584544434156e-10
"288",2,"8",2,"b2.m8.r2","delta_t",8,3.64779392706943,0.0797837370429149
"289",2,"10",3,"b2.m10.r3","a",0.0529715978250431,0.0417627665721636,0.260504710724848
"290",2,"10",3,"b2.m10.r3","b",-1.14084390637578,0.256230863862405,0.00668738305034857
"291",2,"10",3,"b2.m10.r3","tmax",44.0379818843744,0.730651376075053,2.37923758108626e-08
"292",2,"10",3,"b2.m10.r3","delta_t",8,7.17965759332244,0.315842911853016
"293",2,"5",2,"b2.m5.r2","a",0.0527653064610316,0.0192225382720487,0.0405517569295666
"294",2,"5",2,"b2.m5.r2","b",-1.13969812932131,0.118535271534155,0.000206315275654088
"295",2,"5",2,"b2.m5.r2","tmax",44.2875515941686,0.372664674335674,8.0012386337656e-10
"296",2,"5",2,"b2.m5.r2","delta_t",8,3.38170870703247,0.0642972154726643
"297",2,"5",1,"b2.m5.r1","a",0.0520868098828052,0.043277249288897,0.282628285104082
"298",2,"5",1,"b2.m5.r1","b",-1.0558504164762,0.271543290276273,0.0115443493380612
"299",2,"5",1,"b2.m5.r1","tmax",44.0254036036592,0.798300176498154,3.70757152609526e-08
"300",2,"5",1,"b2.m5.r1","delta_t",8,7.59404758863741,0.340354545197046
"301",2,"4",3,"b2.m4.r3","a",0.0513330438607707,0.0378672037251003,0.233238766977209
"302",2,"4",3,"b2.m4.r3","b",-1.10599203551677,0.242483470600045,0.00605081523831767
"303",2,"4",3,"b2.m4.r3","tmax",44.3195517780617,0.812220823630428,3.90963420552111e-08
"304",2,"4",3,"b2.m4.r3","delta_t",8,6.91326437928633,0.299467431610891
"305",2,"7",2,"b2.m7.r2","a",0.0518715645241532,0.0228410780270411,0.0723502695731367
"306",2,"7",2,"b2.m7.r2","b",-1.14145562500997,0.144137735984422,0.000516918969428122
"307",2,"7",2,"b2.m7.r2","tmax",44.2725888512763,0.466033165257449,2.45017967329536e-09
"308",2,"7",2,"b2.m7.r2","delta_t",8,4.10221102485068,0.108646805800826
"309",2,"3",3,"b2.m3.r3","a",0.0529314555052032,0.038206619038257,0.224549798061125
"310",2,"3",3,"b2.m3.r3","b",-1.19862386689169,0.234641033325242,0.00374375692520798
"311",2,"3",3,"b2.m3.r3","tmax",44.2381372347883,0.71968231996752,2.15671698124582e-08
"312",2,"3",3,"b2.m3.r3","delta_t",8,6.67026272483636,0.284121009310288
"313",2,"2",1,"b2.m2.r1","a",0.0552912996179081,0.0216724591638173,0.0511897839019331
"314",2,"2",1,"b2.m2.r1","b",-1.13776873036496,0.126978311945159,0.000288671912562669
"315",2,"2",1,"b2.m2.r1","tmax",44.1523270440636,0.33636518382839,4.8676689370348e-10
"316",2,"2",1,"b2.m2.r1","delta_t",8,3.54440931978293,0.0736209875127562
"317",2,"13",2,"b2.m13.r2","a",0.0540493165217841,0.0638856333373898,0.43614159182096
"318",2,"13",2,"b2.m13.r2","b",-1.16875694850802,0.382591123609192,0.0282676151664077
"319",2,"13",2,"b2.m13.r2","tmax",43.9178193757403,0.997517696103431,1.14105223832777e-07
"320",2,"13",2,"b2.m13.r2","delta_t",8,10.6041521711619,0.484590631588419
"321",2,"2",2,"b2.m2.r2","a",0.0533597441127005,0.0376048527293877,0.215128027321529
"322",2,"2",2,"b2.m2.r2","b",-1.13396370004925,0.228614114201156,0.00424756278778949
"323",2,"2",2,"b2.m2.r2","tmax",44.3263184878502,0.711422830064062,2.01575000634749e-08
"324",2,"2",2,"b2.m2.r2","delta_t",8,6.53733952027293,0.275567385398288
"325",2,"10",2,"b2.m10.r2","a",0.056088901274789,0.0276061384596672,0.0978919721058359
"326",2,"10",2,"b2.m10.r2","b",-1.27260636031474,0.160191486353491,0.000509319434536827
"327",2,"10",2,"b2.m10.r2","tmax",44.2822151927911,0.423916802702166,1.52452302629178e-09
"328",2,"10",2,"b2.m10.r2","delta_t",8,4.46247500732155,0.132997147982043
"329",2,"5",3,"b2.m5.r3","a",0.0520273118517077,0.0167985052489935,0.0269403963536544
"330",2,"5",3,"b2.m5.r3","b",-1.12567921022068,0.105567968145871,0.00012554917880877
"331",2,"5",3,"b2.m5.r3","tmax",44.2466351751233,0.336267792369792,4.80906071117658e-10
"332",2,"5",3,"b2.m5.r3","delta_t",8,2.99995570703278,0.0445240887143089
"333",2,"14",1,"b2.m14.r1","a",0.0550149912198043,0.0330666848238476,0.157045440938538
"334",2,"14",1,"b2.m14.r1","b",-1.1912420311624,0.194553245083076,0.00168560135338292
"335",2,"14",1,"b2.m14.r1","tmax",44.0636285968448,0.507157500805398,3.82825289939603e-09
"336",2,"14",1,"b2.m14.r1","delta_t",8,5.41251313038508,0.199443351189784
"337",2,"6",2,"b2.m6.r2","a",0.0545496437487736,0.0248537231978568,0.0796108704742707
"338",2,"6",2,"b2.m6.r2","b",-1.13171907610922,0.14740266320298,0.000597408757930797
"339",2,"6",2,"b2.m6.r2","tmax",44.2046651130987,0.414572422940471,1.37580284021051e-09
"340",2,"6",2,"b2.m6.r2","delta_t",8,4.15745299228966,0.112314293151261
"341",2,"12",2,"b2.m12.r2","a",0.0523309322037217,0.0256952290270158,0.0972891901674598
"342",2,"12",2,"b2.m12.r2","b",-1.09837913746079,0.160201218247361,0.00100844436292876
"343",2,"12",2,"b2.m12.r2","tmax",44.2297730923325,0.50154601152681,3.55374341630241e-09
"344",2,"12",2,"b2.m12.r2","delta_t",8,4.54954110840672,0.139006178383639
"345",2,"all",2,"b2.mall.r2","a",0.0559254323840596,0.0295552059280511,0.117023600314102
"346",2,"all",2,"b2.mall.r2","b",-1.16272386049322,0.171785377869146,0.00106977363630575
"347",2,"all",2,"b2.mall.r2","tmax",44.1037910245015,0.430124023195443,1.67282411632053e-09
"348",2,"all",2,"b2.mall.r2","delta_t",8,4.73922562425212,0.15220569511479
"349",2,"7",1,"b2.m7.r1","a",0.0566287734233713,0.0361025241976098,0.17754133794247
"350",2,"7",1,"b2.m7.r1","b",-1.21119996462079,0.208619390072137,0.00213792941756736
"351",2,"7",1,"b2.m7.r1","tmax",44.1052137636019,0.498283551852712,3.48853621679507e-09
"352",2,"7",1,"b2.m7.r1","delta_t",8,5.68433590391023,0.218336809233552
"353",2,"none",3,"b2.mnone.r3","a",0.0534707111486378,0.0179812506293468,0.0310246703415681
"354",2,"none",3,"b2.mnone.r3","b",-1.18018816325678,0.109038213354203,0.000116820809216144
"355",2,"none",3,"b2.mnone.r3","tmax",44.2113117270474,0.323698424188932,3.99107951638034e-10
"356",2,"none",3,"b2.mnone.r3","delta_t",8,3.09175151570281,0.0489831452650418
"357",2,"4",2,"b2.m4.r2","a",0.0541655281277231,0.0390565965324682,0.224135643175144
"358",2,"4",2,"b2.m4.r2","b",-1.21348217496211,0.233348172241307,0.00346615655900607
"359",2,"4",2,"b2.m4.r2","tmax",44.3093575298418,0.695533237625063,1.80413974736856e-08
"360",2,"4",2,"b2.m4.r2","delta_t",8,6.64598608081779,0.282567037820542
"361",2,"11",2,"b2.m11.r2","a",0.0511917203043499,0.0265440075842376,0.111696185934835
"362",2,"11",2,"b2.m11.r2","b",-1.05189010458839,0.170641277619873,0.00163532189243919
"363",2,"11",2,"b2.m11.r2","tmax",44.1406654920857,0.538839140506068,5.13702874417476e-09
"364",2,"11",2,"b2.m11.r2","delta_t",8,4.79865791508035,0.156363854378372
"365",2,"none",2,"b2.mnone.r2","a",0.0531917083866314,0.0348164193516152,0.187104528696672
"366",2,"none",2,"b2.mnone.r2","b",-1.19883042597068,0.212492194179611,0.00242732677016646
"367",2,"none",2,"b2.mnone.r2","tmax",44.2407639151763,0.645358086001627,1.25084906258604e-08
"368",2,"none",2,"b2.mnone.r2","delta_t",8,6.04067108578814,0.24268977136673
"369",2,"all",1,"b2.mall.r1","a",0.0554946203906789,0.0344465503145089,0.168088296027329
"370",2,"all",1,"b2.mall.r1","b",-1.15409342559833,0.201252527263741,0.00225832961562503
"371",2,"all",1,"b2.mall.r1","tmax",44.120051981423,0.520617013389945,4.33578639863914e-09
"372",2,"all",1,"b2.mall.r1","delta_t",8,5.59163011951099,0.211918435560264
"373",2,"1",3,"b2.m1.r3","a",0.0535786196428254,0.0370434038415421,0.207710766537039
"374",2,"1",3,"b2.m1.r3","b",-1.17706119818747,0.224087192112854,0.00331883213301503
"375",2,"1",3,"b2.m1.r3","tmax",44.3282465419176,0.691204412026863,1.74503007333578e-08
"376",2,"1",3,"b2.m1.r3","delta_t",8,6.40558604234556,0.266982484893438
"377",2,"3",1,"b2.m3.r1","a",0.0544798665695347,0.0204155311752342,0.0444257029967326
"378",2,"3",1,"b2.m3.r1","b",-1.17329092689712,0.121236594585694,0.000199987164971816
"379",2,"3",1,"b2.m3.r1","tmax",44.0745027934329,0.326509504144325,4.23243753565859e-10
"380",2,"3",1,"b2.m3.r1","delta_t",8,3.38982275477253,0.0647505963924313
"381",2,"4",1,"b2.m4.r1","a",0.0520227255874556,0.0383663718422378,0.233138154052145
"382",2,"4",1,"b2.m4.r1","b",-1.17004573131435,0.241137643664807,0.00466489250657328
"383",2,"4",1,"b2.m4.r1","tmax",44.4057070048986,0.814102767364259,3.91690801467175e-08
"384",2,"4",1,"b2.m4.r1","delta_t",8,6.93241672909004,0.300660581691719
"385",2,"13",1,"b2.m13.r1","a",0.053000398689553,0.0447855899555722,0.289835108823844
"386",2,"13",1,"b2.m13.r1","b",-1.11464609699476,0.274585939468942,0.00973514842198033
"387",2,"13",1,"b2.m13.r1","tmax",44.1073984656105,0.801311384261609,3.74298996141979e-08
"388",2,"13",1,"b2.m13.r1","delta_t",8,7.73246673061439,0.348278113747586
"389",2,"11",1,"b2.m11.r1","a",0.0537264049939085,0.037516386011319,0.211547601148478
"390",2,"11",1,"b2.m11.r1","b",-1.21260758831898,0.226211463778593,0.00303808386027041
"391",2,"11",1,"b2.m11.r1","tmax",44.1504643166299,0.64939512076325,1.30366627273684e-08
"392",2,"11",1,"b2.m11.r1","delta_t",8,6.38205740928256,0.265438540755747
"393",2,"all",3,"b2.mall.r3","a",0.0514129714754961,0.0292222831896171,0.138834978278409
"394",2,"all",3,"b2.mall.r3","b",-1.14487740763871,0.186714208637977,0.0016748195099412
"395",2,"all",3,"b2.mall.r3","tmax",44.3393262479653,0.6282439075813,1.08159862390264e-08
"396",2,"all",3,"b2.mall.r3","delta_t",8,5.33254328298163,0.193848343755929
"397",2,"14",2,"b2.m14.r2","a",0.0559145385343089,0.0400570758309096,0.221568808531999
"398",2,"14",2,"b2.m14.r2","b",-1.20949277899031,0.232853098228267,0.00348373512119679
"399",2,"14",2,"b2.m14.r2","tmax",44.231815723345,0.611483869046535,9.56458562934592e-09
"400",2,"14",2,"b2.m14.r2","delta_t",8,6.48211044978178,0.271981406533857
"401",2,"15",3,"b2.m15.r3","a",0.0528137682816726,0.039797874621755,0.241861287932859
"402",2,"15",3,"b2.m15.r3","b",-1.15748391117485,0.245118928473464,0.00523266760783783
"403",2,"15",3,"b2.m15.r3","tmax",44.290624586029,0.770014190382958,3.0049210717566e-08
"404",2,"15",3,"b2.m15.r3","delta_t",8,6.99462849821659,0.304519439287295
"405",2,"2",3,"b2.m2.r3","a",0.0548714903401879,0.0187463012991728,0.0327443705571474
"406",2,"2",3,"b2.m2.r3","b",-1.20529071474411,0.110555907203707,0.000112818639510726
"407",2,"2",3,"b2.m2.r3","tmax",44.2507183675357,0.310927304316705,3.24912811696548e-10
"408",2,"2",3,"b2.m2.r3","delta_t",8,3.1203513602006,0.0504125042934507
"409",3,"2",2,"b3.m2.r2","a",0.0489551190772565,0.0346276147930584,0.21656289678681
"410",3,"2",2,"b3.m2.r2","b",-1.16190672072465,0.237297315764024,0.00448841452678563
"411",3,"2",2,"b3.m2.r2","tmax",44.720781448374,0.983058681262335,9.69188627612461e-08
"412",3,"2",2,"b3.m2.r2","delta_t",8,6.89116673492485,0.298087784886679
"413",3,"1",3,"b3.m1.r3","a",0.0497495775179454,0.0307028269372403,0.166081165405238
"414",3,"1",3,"b3.m1.r3","b",-1.20109810801036,0.205629474366203,0.00208108332938088
"415",3,"1",3,"b3.m1.r3","tmax",44.7402067203704,0.840879371347428,4.43445384638076e-08
"416",3,"1",3,"b3.m1.r3","delta_t",8,6.00585362952849,0.240335418465173
"417",3,"all",1,"b3.mall.r1","a",0.0507377002800642,0.0390401898514772,0.250418757924079
"418",3,"all",1,"b3.mall.r1","b",-1.19710799451935,0.254187338525657,0.00529174763016332
"419",3,"all",1,"b3.mall.r1","tmax",44.5157123678695,0.931639308426456,7.58473383852912e-08
"420",3,"all",1,"b3.mall.r1","delta_t",8,7.33524806975144,0.325184725738802
"421",3,"3",3,"b3.m3.r3","a",0.0512410440877159,0.0292892095700697,0.140615575418807
"422",3,"3",3,"b3.m3.r3","b",-1.2593023817357,0.188031729953423,0.00112276268536722
"423",3,"3",3,"b3.m3.r3","tmax",44.6364057877582,0.709531597694966,1.92106232573293e-08
"424",3,"3",3,"b3.m3.r3","delta_t",8,5.48571384987109,0.204552139372511
"425",3,"12",2,"b3.m12.r2","a",0.0496803611816211,0.0325482445337175,0.187445431176507
"426",3,"12",2,"b3.m12.r2","b",-1.1814307364071,0.218424396706385,0.00292122121752196
"427",3,"12",2,"b3.m12.r2","tmax",44.6892893746877,0.878400757336552,5.54567057673041e-08
"428",3,"12",2,"b3.m12.r2","delta_t",8,6.35286939343833,0.263518755753112
"429",3,"5",3,"b3.m5.r3","a",0.0497614963426932,0.035637932259718,0.221445684981935
"430",3,"5",3,"b3.m5.r3","b",-1.22238536134251,0.23859995639296,0.00369729242732191
"431",3,"5",3,"b3.m5.r3","tmax",44.6665517690836,0.949621207417975,8.20432465493139e-08
"432",3,"5",3,"b3.m5.r3","delta_t",8,6.93073920047302,0.300556172298078
"433",3,"7",1,"b3.m7.r1","a",0.0513421933808259,0.032841889117607,0.178742975942886
"434",3,"7",1,"b3.m7.r1","b",-1.2327971771224,0.210250724702298,0.00204595104881666
"435",3,"7",1,"b3.m7.r1","tmax",44.5133494413487,0.755673515562805,2.66798517548117e-08
"436",3,"7",1,"b3.m7.r1","delta_t",8,6.08068296443636,0.245387967758295
"437",3,"9",3,"b3.m9.r3","a",0.0456717444436495,0.0155750998506403,0.0325436878484135
"438",3,"9",3,"b3.m9.r3","b",-1.1451643487247,0.21184095273713,0.00292855772908975
"439",3,"9",3,"b3.m9.r3","tmax",44.5030202172313,0.725430019877939,2.17820346744409e-08
"440",3,"9",3,"b3.m9.r3","delta_t",7.15594943378215,3.47583235509654,0.0945807779092248
"441",3,"10",1,"b3.m10.r1","a",0.0520589745429572,0.0317808154358243,0.162334464128249
"442",3,"10",1,"b3.m10.r1","b",-1.22237586156754,0.199555263192662,0.00168246391230742
"443",3,"10",1,"b3.m10.r1","tmax",44.5816538477253,0.71832163739647,2.05546680888539e-08
"444",3,"10",1,"b3.m10.r1","delta_t",8,5.81151520912152,0.22709071429916
"445",3,"8",1,"b3.m8.r1","a",0.0517578555703753,0.0293731686150542,0.13835217307691
"446",3,"8",1,"b3.m8.r1","b",-1.34622481536978,0.185924857388955,0.000784344854772845
"447",3,"8",1,"b3.m8.r1","tmax",45.0025963824281,0.791733150107244,3.18838684745748e-08
"448",3,"8",1,"b3.m8.r1","delta_t",8,5.58037316667883,0.211137132300227
"449",3,"10",3,"b3.m10.r3","a",0.048611620744756,0.0334768591934552,0.206193697835197
"450",3,"10",3,"b3.m10.r3","b",-1.1505866471213,0.23169688298991,0.00422659485679752
"451",3,"10",3,"b3.m10.r3","tmax",44.6351806650147,0.938673173236732,7.77022723155824e-08
"452",3,"10",3,"b3.m10.r3","delta_t",8,6.6718518338519,0.284222600024237
"453",3,"3",2,"b3.m3.r2","a",0.0511667781593204,0.0448500108969802,0.305614823182016
"454",3,"3",2,"b3.m3.r2","b",-1.19276690813568,0.288523400224473,0.00904934445040881
"455",3,"3",2,"b3.m3.r2","tmax",44.5189969769058,1.04494621030711,1.3442700680828e-07
"456",3,"3",2,"b3.m3.r2","delta_t",8,8.34264657759671,0.38163487851481
"457",3,"5",2,"b3.m5.r2","a",0.0512588205448788,0.0392544581173973,0.248465710289765
"458",3,"5",2,"b3.m5.r2","b",-1.23405315218444,0.251882845331474,0.00447713085343795
"459",3,"5",2,"b3.m5.r2","tmax",44.6290994269713,0.947377808256129,8.1420687083152e-08
"460",3,"5",2,"b3.m5.r2","delta_t",8,7.34502854792227,0.325766414161223
"461",3,"9",1,"b3.m9.r1","a",0.0531079585232991,0.0243897536471587,0.0813722845169594
"462",3,"9",1,"b3.m9.r1","b",-1.38954986585557,0.149151497471188,0.000239828630429839
"463",3,"9",1,"b3.m9.r1","tmax",44.7746750309443,0.555866431801993,5.58826491104282e-09
"464",3,"9",1,"b3.m9.r1","delta_t",8,4.40632278934777,0.129142817240891
"465",3,"13",2,"b3.m13.r2","a",0.0499802131635261,0.0344158861518325,0.206155050513643
"466",3,"13",2,"b3.m13.r2","b",-1.19955717212875,0.228972566249784,0.00335698630580456
"467",3,"13",2,"b3.m13.r2","tmax",44.6947592645788,0.915367847114767,6.808467042366e-08
"468",3,"13",2,"b3.m13.r2","delta_t",8,6.67263605597627,0.284272728954134
"469",3,"none",3,"b3.mnone.r3","a",0.0504841776291953,0.038432482663733,0.246030058667644
"470",3,"none",3,"b3.mnone.r3","b",-1.19779189847161,0.252035673026061,0.00509334232877772
"471",3,"none",3,"b3.mnone.r3","tmax",44.5253294339751,0.933954963233224,7.67101243586677e-08
"472",3,"none",3,"b3.mnone.r3","delta_t",8,7.27002063847791,0.321288568580168
"473",3,"all",2,"b3.mall.r2","a",0.0546817130954523,0.0336263648866641,0.164844897929977
"474",3,"all",2,"b3.mall.r2","b",-1.30987060505867,0.198958610323852,0.00121394287168769
"475",3,"all",2,"b3.mall.r2","tmax",44.4627605231264,0.612551094531278,9.40049221325489e-09
"476",3,"all",2,"b3.mall.r2","delta_t",8,5.70878215515918,0.220024284798605
"477",3,"14",2,"b3.m14.r2","a",0.050179561717342,0.0367216207585407,0.230030207227749
"478",3,"14",2,"b3.m14.r2","b",-1.20908986442317,0.242919536107021,0.00418532151377973
"479",3,"14",2,"b3.m14.r2","tmax",44.5088920884726,0.902663954119575,6.48318632593464e-08
"480",3,"14",2,"b3.m14.r2","delta_t",8,6.98814977223479,0.304118780802806
"481",3,"12",1,"b3.m12.r1","a",0.0501344699512465,0.0373838834526282,0.237591114587495
"482",3,"12",1,"b3.m12.r1","b",-1.20030296849143,0.247620251077449,0.00468467772983423
"483",3,"12",1,"b3.m12.r1","tmax",44.3947799240641,0.884178905527655,5.92244626877762e-08
"484",3,"12",1,"b3.m12.r1","delta_t",8,7.06117858257102,0.308618770758992
"485",3,"15",3,"b3.m15.r3","a",0.0504860270247167,0.0311230435676676,0.165699615692352
"486",3,"15",3,"b3.m15.r3","b",-1.19086901196829,0.204090530377724,0.00209074204277178
"487",3,"15",3,"b3.m15.r3","tmax",44.5338597677755,0.758601186390608,2.71375429561053e-08
"488",3,"15",3,"b3.m15.r3","delta_t",8,5.89082619676866,0.232516409494284
"489",3,"13",1,"b3.m13.r1","a",0.139910951178449,0.0727007919710045,0.112282445021298
"490",3,"13",1,"b3.m13.r1","b",-0.001,0.795213064189946,0.999045270791295
"491",3,"13",1,"b3.m13.r1","tmax",42.642698864792,1.47650508991196,9.32594126985849e-07
"492",3,"13",1,"b3.m13.r1","delta_t",7.06315193735011,3.39608254574819,0.0920860284402086
"493",3,"7",3,"b3.m7.r3","a",0.0444937727686568,0.0195819678811663,0.0722413424526156
"494",3,"7",3,"b3.m7.r3","b",-1.16664040649134,0.328489361347273,0.0163608867940356
"495",3,"7",3,"b3.m7.r3","tmax",44.6503914631278,1.13661187861397,2.01478144778174e-07
"496",3,"7",3,"b3.m7.r3","delta_t",6.79295107528181,4.62716752792565,0.202017674172555
"497",3,"4",1,"b3.m4.r1","a",0.0496392791138001,0.0273716339898342,0.129482786586198
"498",3,"4",1,"b3.m4.r1","b",-1.22028606211423,0.183902970317425,0.00117129663719099
"499",3,"4",1,"b3.m4.r1","tmax",44.6891842324495,0.740335680836286,2.36134232745578e-08
"500",3,"4",1,"b3.m4.r1","delta_t",8,5.34762131728441,0.194904237242996
"501",3,"none",2,"b3.mnone.r2","a",0.0495415371658974,0.0379893157881985,0.249006964034499
"502",3,"none",2,"b3.mnone.r2","b",-1.23291188659056,0.255961387777446,0.00481200240212834
"503",3,"none",2,"b3.mnone.r2","tmax",44.7730494433482,1.06494881578882,1.43626719653728e-07
"504",3,"none",2,"b3.mnone.r2","delta_t",8,7.48635071341823,0.334097945324664
"505",3,"10",2,"b3.m10.r2","a",0.05049462822994,0.0435300674049629,0.298426421408468
"506",3,"10",2,"b3.m10.r2","b",-1.25971922585485,0.285380173932271,0.00692949319896632
"507",3,"10",2,"b3.m10.r2","tmax",44.5455013150665,1.06500135631,1.47359907108455e-07
"508",3,"10",2,"b3.m10.r2","delta_t",8,8.24463282680701,0.376448064433802
"509",3,"14",3,"b3.m14.r3","a",0.0506129485665272,0.0329308827537527,0.184911561417861
"510",3,"14",3,"b3.m14.r3","b",-1.19800804027227,0.215168510814884,0.00257280336337921
"511",3,"14",3,"b3.m14.r3","tmax",44.758000940269,0.865192350582363,5.10242529596311e-08
"512",3,"14",3,"b3.m14.r3","delta_t",8,6.31867232684716,0.261263275714622
"513",3,"15",1,"b3.m15.r1","a",0.0502492146358258,0.0376143103834537,0.239155808278331
"514",3,"15",1,"b3.m15.r1","b",-1.15657569146842,0.24832913297069,0.00554489862110017
"515",3,"15",1,"b3.m15.r1","tmax",44.5518779313079,0.935435702654267,7.70893375340455e-08
"516",3,"15",1,"b3.m15.r1","delta_t",8,7.16924829427918,0.315212028134642
"517",3,"13",3,"b3.m13.r3","a",0.0526578632576262,0.0286647602350295,0.125627445733292
"518",3,"13",3,"b3.m13.r3","b",-1.2688955327367,0.177234421770505,0.000826351971438704
"519",3,"13",3,"b3.m13.r3","tmax",44.6163203491177,0.632589115872615,1.08519736660708e-08
"520",3,"13",3,"b3.m13.r3","delta_t",8,5.17782662929024,0.182993772060643
"521",3,"11",3,"b3.m11.r3","a",0.0498137562798088,0.0328686299037876,0.190070573654033
"522",3,"11",3,"b3.m11.r3","b",-1.32581148031581,0.307127159300419,0.00759345192656304
"523",3,"11",3,"b3.m11.r3","tmax",44.6225909536471,1.10921430511334,1.78951910877685e-07
"524",3,"11",3,"b3.m11.r3","delta_t",7.59523485770108,6.60956095639416,0.302486219177156
"525",3,"none",1,"b3.mnone.r1","a",0.050030484255218,0.0310122262387893,0.167609317442458
"526",3,"none",1,"b3.mnone.r1","b",-1.23636932144802,0.206029869087243,0.00184486825914341
"527",3,"none",1,"b3.mnone.r1","tmax",44.7564641970168,0.841291332541802,4.43725501897494e-08
"528",3,"none",1,"b3.mnone.r1","delta_t",8,6.03339919693355,0.242198537352923
"529",3,"11",2,"b3.m11.r2","a",0.0416207642263386,0.0166856303386467,0.0548642355140839
"530",3,"11",2,"b3.m11.r2","b",-1.27685360162347,0.460755267889401,0.0393085417863032
"531",3,"11",2,"b3.m11.r2","tmax",44.4163272453224,1.34680339630755,4.81773440434778e-07
"532",3,"11",2,"b3.m11.r2","delta_t",5.58960055116323,4.25392667469752,0.245903699609654
"533",3,"6",3,"b3.m6.r3","a",0.0491950027845513,0.0334963441859063,0.201859793240712
"534",3,"6",3,"b3.m6.r3","b",-1.15355589982794,0.227959430359445,0.00389883048559467
"535",3,"6",3,"b3.m6.r3","tmax",44.5316239805961,0.877052926967808,5.60127586148275e-08
"536",3,"6",3,"b3.m6.r3","delta_t",8,6.53436942488666,0.275375011334751
"537",3,"3",1,"b3.m3.r1","a",0.0492509329311037,0.041744366291086,0.291141775387421
"538",3,"3",1,"b3.m3.r1","b",-1.16489049325676,0.283632561558818,0.00929067293463996
"539",3,"3",1,"b3.m3.r1","tmax",44.469763657801,1.06583730243814,1.49198699949499e-07
"540",3,"3",1,"b3.m3.r1","delta_t",8,8.09476301346109,0.3683910663973
"541",3,"6",2,"b3.m6.r2","a",0.0511585612993236,0.0358337746722088,0.212746178414101
"542",3,"6",2,"b3.m6.r2","b",-1.22936683656088,0.230574024226209,0.003110105220785
"543",3,"6",2,"b3.m6.r2","tmax",44.5473183283633,0.844038617274818,4.61677424434879e-08
"544",3,"6",2,"b3.m6.r2","delta_t",8,6.68079221382787,0.284793854938612
"545",3,"4",3,"b3.m4.r3","a",0.051574970447401,0.0343461466603237,0.19349985569085
"546",3,"4",3,"b3.m4.r3","b",-1.25817638295209,0.21848244233429,0.00221663345761009
"547",3,"4",3,"b3.m4.r3","tmax",44.548460050042,0.789544797888979,3.30798666536737e-08
"548",3,"4",3,"b3.m4.r3","delta_t",8,6.33981229991085,0.262658360045547
"549",3,"11",1,"b3.m11.r1","a",0.0540552964740378,0.0712904661246086,0.490526743963248
"550",3,"11",1,"b3.m11.r1","b",-1.45297750038488,0.401350999238737,0.0223529054486749
"551",3,"11",1,"b3.m11.r1","tmax",44.7257926020831,1.4165398343891,5.99702073682038e-06
"552",3,"11",1,"b3.m11.r1","delta_t",8,12.3929072030179,0.553747254761365
"553",3,"8",3,"b3.m8.r3","a",0.0492467169053749,0.0380906332284589,0.252565896401239
"554",3,"8",3,"b3.m8.r3","b",-1.1787172047152,0.25883880619682,0.00609094369898196
"555",3,"8",3,"b3.m8.r3","tmax",44.5901247268753,1.01562370894152,1.15708060297937e-07
"556",3,"8",3,"b3.m8.r3","delta_t",8,7.45464096952769,0.332240508272021
"557",3,"14",1,"b3.m14.r1","a",0.0513599797058951,0.0355958467218561,0.208646540422333
"558",3,"14",1,"b3.m14.r1","b",-1.28632704403516,0.227769652366141,0.00241647243313706
"559",3,"14",1,"b3.m14.r1","tmax",44.7401072658856,0.889991642060579,5.88720089280388e-08
"560",3,"14",1,"b3.m14.r1","delta_t",8,6.69867804224003,0.285935167549043
"561",3,"all",3,"b3.mall.r3","a",0.0535081450475941,0.0363729450500542,0.201231784097992
"562",3,"all",3,"b3.mall.r3","b",-1.3173233897435,0.220378957496664,0.00187737624166484
"563",3,"all",3,"b3.mall.r3","tmax",44.5576572270316,0.74356849944056,2.44907501678409e-08
"564",3,"all",3,"b3.mall.r3","delta_t",8,6.40491293035069,0.266938360424088
"565",3,"9",2,"b3.m9.r2","a",0.0508670779484596,0.0340052492243775,0.194937441000949
"566",3,"9",2,"b3.m9.r2","b",-1.20327007250807,0.220599435598154,0.0028156961555634
"567",3,"9",2,"b3.m9.r2","tmax",44.4316323148766,0.781058922156404,3.17559183229542e-08
"568",3,"9",2,"b3.m9.r2","delta_t",8,6.32992537437858,0.262006212283869
"569",3,"7",2,"b3.m7.r2","a",0.0510543584841329,0.0419809431580059,0.278210667897842
"570",3,"7",2,"b3.m7.r2","b",-1.27831082853697,0.270913728113766,0.00524956647437517
"571",3,"7",2,"b3.m7.r2","tmax",44.6796601962478,1.04473705718534,1.31901206613112e-07
"572",3,"7",2,"b3.m7.r2","delta_t",8,7.92367974626529,0.359005949402491
"573",3,"1",1,"b3.m1.r1","a",0.0518597796302783,0.0357252380021857,0.206317258753678
"574",3,"1",1,"b3.m1.r1","b",-1.26667542224447,0.22551367703973,0.00247520850366168
"575",3,"1",1,"b3.m1.r1","tmax",44.6142730888001,0.827323619165313,4.14679998152603e-08
"576",3,"1",1,"b3.m1.r1","delta_t",8,6.58041751798139,0.278351475622564
"577",3,"15",2,"b3.m15.r2","a",0.048601538619206,0.0489537411967123,0.366389864235976
"578",3,"15",2,"b3.m15.r2","b",-1.16056792952899,0.338912514132891,0.0187489705948382
"579",3,"15",2,"b3.m15.r2","tmax",44.6561766849431,1.38370879029546,5.36614530963415e-07
"580",3,"15",2,"b3.m15.r2","delta_t",8,9.77429407259538,0.450318919275156
"581",3,"12",3,"b3.m12.r3","a",0.0513763923035982,0.0444821679285727,0.300290740941879
"582",3,"12",3,"b3.m12.r3","b",-1.20358254955814,0.284502448963867,0.00824445282556865
"583",3,"12",3,"b3.m12.r3","tmax",44.4123581271621,0.984247275547803,1.00930677439285e-07
"584",3,"12",3,"b3.m12.r3","delta_t",8,8.16812576987807,0.372354150568125
"585",3,"2",3,"b3.m2.r3","a",0.0481216641049421,0.0289599451391956,0.157470377070639
"586",3,"2",3,"b3.m2.r3","b",-1.18459583415326,0.203278417086479,0.00210281591913939
"587",3,"2",3,"b3.m2.r3","tmax",44.7316402764411,0.862288410657882,5.03228154312649e-08
"588",3,"2",3,"b3.m2.r3","delta_t",8,5.88054558353188,0.231814645013226
"589",3,"5",1,"b3.m5.r1","a",0.0524015406857682,0.0347936453541026,0.192398609876101
"590",3,"5",1,"b3.m5.r1","b",-1.2845598599802,0.216532718682391,0.00194203938775043
"591",3,"5",1,"b3.m5.r1","tmax",44.418777346897,0.724555746023463,2.18571018499101e-08
"592",3,"5",1,"b3.m5.r1","delta_t",8,6.23488748978285,0.255709330706712
"593",3,"4",2,"b3.m4.r2","a",0.0454500801081841,0.0174248093114718,0.0477646454746843
"594",3,"4",2,"b3.m4.r2","b",-1.24292598176726,0.2502196800409,0.00422141337715833
"595",3,"4",2,"b3.m4.r2","tmax",44.82013661175,0.942265844573728,7.7580188868964e-08
"596",3,"4",2,"b3.m4.r2","delta_t",7.06790719531863,4.04707283360475,0.14117130932779
"597",3,"6",1,"b3.m6.r1","a",0.0506187585729987,0.0359148206992812,0.217769763801596
"598",3,"6",1,"b3.m6.r1","b",-1.14157146865196,0.234626681396128,0.00461102534315128
"599",3,"6",1,"b3.m6.r1","tmax",44.4420862065906,0.84018710911776,4.56614933192839e-08
"600",3,"6",1,"b3.m6.r1","delta_t",8,6.73023680141908,0.287943996046497
"601",3,"2",1,"b3.m2.r1","a",0.0526803821658932,0.0378495708729975,0.222713322851289
"602",3,"2",1,"b3.m2.r1","b",-1.18390516721847,0.233892340934595,0.00389421158909061
"603",3,"2",1,"b3.m2.r1","tmax",44.4287120730126,0.777301343416484,3.10105234249491e-08
"604",3,"2",1,"b3.m2.r1","delta_t",8,6.74100780923621,0.288628151880831
"605",3,"8",2,"b3.m8.r2","a",0.048302776586719,0.0337980464265467,0.212339439571025
"606",3,"8",2,"b3.m8.r2","b",-1.18242608789474,0.236008579501457,0.00406940163588273
"607",3,"8",2,"b3.m8.r2","tmax",45.0255651842275,1.10729277131586,1.69632958919056e-07
"608",3,"8",2,"b3.m8.r2","delta_t",8,6.99018591083419,0.304244730233508
"609",3,"1",2,"b3.m1.r2","a",0.0497267880081737,0.0331695993504035,0.194111088681517
"610",3,"1",2,"b3.m1.r2","b",-1.2300665740669,0.222296403863628,0.00264372549647404
"611",3,"1",2,"b3.m1.r2","tmax",44.7533573173751,0.913937667210191,6.71150668492776e-08
"612",3,"1",2,"b3.m1.r2","delta_t",8,6.49831697755769,0.273035599003999
"613",4,"12",3,"b4.m12.r3","a",0.0456583539758054,0.0422756657660548,0.329454799976609
"614",4,"12",3,"b4.m12.r3","b",-1.21427751088665,0.317826827562722,0.0123660271535444
"615",4,"12",3,"b4.m12.r3","tmax",44.6104174130111,1.36441876533587,5.0294194419968e-07
"616",4,"12",3,"b4.m12.r3","delta_t",8,8.98768221114973,0.414180265972046
"617",4,"1",1,"b4.m1.r1","a",0.0462942739069056,0.0404756648766014,0.316522476695419
"618",4,"1",1,"b4.m1.r1","b",-1.32554132729749,0.286860286382726,0.00987471279352424
"619",4,"1",1,"b4.m1.r1","tmax",45.3797988809578,1.57699359718856,8.680251672662e-06
"620",4,"1",1,"b4.m1.r1","delta_t",8,8.89388363434466,0.419244639068815
"621",4,"3",2,"b4.m3.r2","a",0.0447755821976204,0.0263593362798766,0.150135685314358
"622",4,"3",2,"b4.m3.r2","b",-1.25633978009184,0.230428672113386,0.00282104351131626
"623",4,"3",2,"b4.m3.r2","tmax",45.1727734695008,1.1746073623829,2.23997238313803e-07
"624",4,"3",2,"b4.m3.r2","delta_t",7.82992484356963,6.05631537750522,0.252575391192363
"625",4,"9",1,"b4.m9.r1","a",0.0445596305089869,0.0257535196439803,0.158639029447094
"626",4,"9",1,"b4.m9.r1","b",-1.54408380830522,0.44137399114868,0.0249332391854102
"627",4,"9",1,"b4.m9.r1","tmax",45.0156447622466,1.66614401506484,1.11581328087043e-05
"628",4,"9",1,"b4.m9.r1","delta_t",6.67139338607606,6.23305351769189,0.344759637044769
"629",4,"12",2,"b4.m12.r2","a",0.045056047160325,0.0300656370303523,0.194255258012384
"630",4,"12",2,"b4.m12.r2","b",-1.25959083836564,0.229672290512205,0.00274936195069804
"631",4,"12",2,"b4.m12.r2","tmax",45.0884988504938,1.17642866782107,2.27845502645649e-07
"632",4,"12",2,"b4.m12.r2","delta_t",8,6.72884939199216,0.28785581615609
"633",4,"15",1,"b4.m15.r1","a",0.0481223260334154,0.0483885270533558,0.365641180179557
"634",4,"15",1,"b4.m15.r1","b",-1.2873094288775,0.339646900423776,0.0127565859937359
"635",4,"15",1,"b4.m15.r1","tmax",44.9391597625446,1.55130603753748,9.18623563519648e-07
"636",4,"15",1,"b4.m15.r1","delta_t",8,9.98353251113003,0.459316435957338
"637",4,"11",1,"b4.m11.r1","a",0.0365642100887779,0.0164873611853916,0.0773505099196582
"638",4,"11",1,"b4.m11.r1","b",-1.27966020812478,0.480694285765174,0.0447704492889128
"639",4,"11",1,"b4.m11.r1","tmax",44.6600567286208,1.75541291179858,1.75162734622244e-06
"640",4,"11",1,"b4.m11.r1","delta_t",5.21337261490481,4.69182398892713,0.317054088137755
"641",4,"13",2,"b4.m13.r2","a",0.0433427783622057,0.0567983082011912,0.487926718138983
"642",4,"13",2,"b4.m13.r2","b",-1.26377646616422,0.437498788876314,0.0446238325202747
"643",4,"13",2,"b4.m13.r2","tmax",45.5015629056945,2.6302596151625,6.55280408556792e-05
"644",4,"13",2,"b4.m13.r2","delta_t",8,13.4556024390841,0.584143884669589
"645",4,"9",3,"b4.m9.r3","a",0.0476315988019158,0.0294003414971857,0.180524926651546
"646",4,"9",3,"b4.m9.r3","b",-1.27496122620433,0.200022386145002,0.00310724839680594
"647",4,"9",3,"b4.m9.r3","tmax",44.7956617857056,0.873425882135717,8.64991304202358e-07
"648",4,"9",3,"b4.m9.r3","delta_t",8,5.98855065818101,0.252526876085296
"649",4,"all",1,"b4.mall.r1","a",0.0486782325586286,0.0341553743135086,0.213417716681029
"650",4,"all",1,"b4.mall.r1","b",-1.36759707922911,0.317520039324879,0.00766351646893352
"651",4,"all",1,"b4.mall.r1","tmax",45.0241065591604,1.36254650629196,4.77070936118737e-07
"652",4,"all",1,"b4.mall.r1","delta_t",7.63426386800649,7.24760978905897,0.340399267498631
"653",4,"none",3,"b4.mnone.r3","a",0.0483366696445056,0.0392653398584668,0.273056734572051
"654",4,"none",3,"b4.mnone.r3","b",-1.35481840743713,0.273919189026335,0.00429955937716904
"655",4,"none",3,"b4.mnone.r3","tmax",44.7899830546897,1.18049301942729,2.39601539126538e-07
"656",4,"none",3,"b4.mnone.r3","delta_t",8,7.96927182786272,0.361526635599746
"657",4,"5",2,"b4.m5.r2","a",0.0471786499160521,0.0353825000549173,0.239921934731261
"658",4,"5",2,"b4.m5.r2","b",-1.29407329155123,0.255105938542132,0.00385825697101553
"659",4,"5",2,"b4.m5.r2","tmax",44.7844320465906,1.12603516290002,1.89448455757144e-07
"660",4,"5",2,"b4.m5.r2","delta_t",8,7.37128352943466,0.327324661729262
"661",4,"6",3,"b4.m6.r3","a",0.0469242571921158,0.0319967193098645,0.202413062258812
"662",4,"6",3,"b4.m6.r3","b",-1.32078476809773,0.232346061284041,0.00234760165675658
"663",4,"6",3,"b4.m6.r3","tmax",44.9722309519131,1.10148508549568,1.66221612249912e-07
"664",4,"6",3,"b4.m6.r3","delta_t",8,6.8034718281639,0.29258103308959
"665",4,"10",3,"b4.m10.r3","a",0.0460694723197598,0.0269842851072032,0.162960894793225
"666",4,"10",3,"b4.m10.r3","b",-1.15320947521845,0.192530237468792,0.0039069223422226
"667",4,"10",3,"b4.m10.r3","tmax",44.8025401973854,0.869076742754515,8.47392376955334e-07
"668",4,"10",3,"b4.m10.r3","delta_t",8,5.69413477826232,0.232733441216132
"669",4,"9",2,"b4.m9.r2","a",0.0466903529982932,0.0258467986499558,0.145149114733337
"670",4,"9",2,"b4.m9.r2","b",-1.34025622711515,0.181008458973937,0.00177479480506899
"671",4,"9",2,"b4.m9.r2","tmax",45.2375956717858,0.940605272550815,1.1182325730588e-06
"672",4,"9",2,"b4.m9.r2","delta_t",8,5.56620430799322,0.224015699725431
"673",4,"6",2,"b4.m6.r2","a",0.0488511751966462,0.0370305974173164,0.257546640359552
"674",4,"6",2,"b4.m6.r2","b",-1.31202854887772,0.242456761471496,0.00564922743980909
"675",4,"6",2,"b4.m6.r2","tmax",44.6187618971358,0.967868927829416,1.32429960658502e-06
"676",4,"6",2,"b4.m6.r2","delta_t",8,7.23767088627525,0.331025598676824
"677",4,"13",3,"b4.m13.r3","a",0.0499825828907941,0.0617692988169403,0.463794375755836
"678",4,"13",3,"b4.m13.r3","b",-1.38667247772825,0.39019339799814,0.0237173751451033
"679",4,"13",3,"b4.m13.r3","tmax",44.9935921471205,1.73978377918211,1.32804594828109e-05
"680",4,"13",3,"b4.m13.r3","delta_t",8,12.0968091478899,0.544550721395547
"681",4,"14",3,"b4.m14.r3","a",0.045906116349683,0.0458877170550512,0.363041335852906
"682",4,"14",3,"b4.m14.r3","b",-1.25862442293635,0.342686166832406,0.0144009587294378
"683",4,"14",3,"b4.m14.r3","tmax",44.7717076920652,1.54716848541607,9.23491570270851e-07
"684",4,"14",3,"b4.m14.r3","delta_t",8,9.82712721961798,0.452614323451141
"685",4,"2",1,"b4.m2.r1","a",0.0464582854902754,0.0326949025340784,0.214577085185578
"686",4,"2",1,"b4.m2.r1","b",-1.17047690090818,0.240507077604001,0.00460609907617978
"687",4,"2",1,"b4.m2.r1","tmax",44.4828210465597,0.971008081202537,9.35926638665534e-08
"688",4,"2",1,"b4.m2.r1","delta_t",8,6.76091951243942,0.289890947649949
"689",4,"none",2,"b4.mnone.r2","a",0.0460604216211723,0.0336680103392826,0.229564358476809
"690",4,"none",2,"b4.mnone.r2","b",-1.30292782909675,0.250379446881697,0.00345606125070873
"691",4,"none",2,"b4.mnone.r2","tmax",45.0236054305299,1.2297698473749,2.86257245944403e-07
"692",4,"none",2,"b4.mnone.r2","delta_t",8,7.32981773564093,0.324861475890964
"693",4,"7",3,"b4.m7.r3","a",0.0422872894380193,0.0379650946593689,0.316004030680392
"694",4,"7",3,"b4.m7.r3","b",-1.1632395648945,0.412630516881209,0.0371487112073546
"695",4,"7",3,"b4.m7.r3","tmax",44.8527748865555,1.87663027998085,2.38857859022922e-06
"696",4,"7",3,"b4.m7.r3","delta_t",7.57730826651121,9.07846935699893,0.441957614613789
"697",4,"11",2,"b4.m11.r2","a",0.0388035469090399,0.0137856064398974,0.0373370725917454
"698",4,"11",2,"b4.m11.r2","b",-1.42390106969055,0.426373027949861,0.0205622636620213
"699",4,"11",2,"b4.m11.r2","tmax",44.5617898031885,1.38471987749732,5.44274182002725e-07
"700",4,"11",2,"b4.m11.r2","delta_t",5.1370315052614,3.78686749756129,0.232962380168899
"701",4,"14",2,"b4.m14.r2","a",0.0465689312644563,0.0334479105493638,0.222586413457304
"702",4,"14",2,"b4.m14.r2","b",-1.32419244542537,0.24529563048132,0.0029461910072897
"703",4,"14",2,"b4.m14.r2","tmax",45.0642582824401,1.20965202426176,2.62481119552245e-07
"704",4,"14",2,"b4.m14.r2","delta_t",8,7.22163444948145,0.318379545717774
"705",4,"12",1,"b4.m12.r1","a",0.0484320581234538,0.0340761877960123,0.214488390000711
"706",4,"12",1,"b4.m12.r1","b",-1.33814587126626,0.23706786188421,0.00242200177401772
"707",4,"12",1,"b4.m12.r1","tmax",44.818343561573,1.02981895992008,1.20885907194352e-07
"708",4,"12",1,"b4.m12.r1","delta_t",8,6.91581135564192,0.2996262426221
"709",4,"all",3,"b4.mall.r3","a",0.0517798151260577,0.04821346909696,0.343305925082877
"710",4,"all",3,"b4.mall.r3","b",-1.36494661842593,0.288178325734374,0.00906077403428255
"711",4,"all",3,"b4.mall.r3","tmax",44.5718928577681,1.04517286074246,1.80746166940186e-06
"712",4,"all",3,"b4.mall.r3","delta_t",8,8.76704949200048,0.41312414104975
"713",4,"15",3,"b4.m15.r3","a",0.0479244790375188,0.0238911755971037,0.101168102103776
"714",4,"15",3,"b4.m15.r3","b",-1.24876224359681,0.168648250930416,0.000707100608325277
"715",4,"15",3,"b4.m15.r3","tmax",44.6499785999639,0.698129613418056,1.76905360785778e-08
"716",4,"15",3,"b4.m15.r3","delta_t",8,4.84274483113554,0.159453268327746
"717",4,"1",2,"b4.m1.r2","a",0.0464247876214685,0.0266029452412432,0.141412558585774
"718",4,"1",2,"b4.m1.r2","b",-1.10756359454905,0.195874706517437,0.00240336487470851
"719",4,"1",2,"b4.m1.r2","tmax",44.6117628472023,0.827454133153799,4.15123308276984e-08
"720",4,"1",2,"b4.m1.r2","delta_t",8,5.56131321204203,0.209813348888361
"721",4,"6",1,"b4.m6.r1","a",0.0442425987758878,0.0361573405952824,0.275611056212372
"722",4,"6",1,"b4.m6.r1","b",-1.06605568711613,0.282057471309101,0.0128955938983339
"723",4,"6",1,"b4.m6.r1","tmax",44.4539336826458,1.1836585709864,2.52110989668313e-07
"724",4,"6",1,"b4.m6.r1","delta_t",8,7.8272208810929,0.353625757909512
"725",4,"8",1,"b4.m8.r1","a",0.0464175952375856,0.0484110973732741,0.391945887540546
"726",4,"8",1,"b4.m8.r1","b",-1.28708331213703,0.341833383396073,0.0196854379229492
"727",4,"8",1,"b4.m8.r1","tmax",44.9132802920526,1.59335817302298,9.42476710220707e-06
"728",4,"8",1,"b4.m8.r1","delta_t",8,10.2260229547768,0.47774750834653
"729",4,"3",1,"b4.m3.r1","a",0.0464248869953852,0.0253103997963961,0.126081106684044
"730",4,"3",1,"b4.m3.r1","b",-1.23519686275689,0.186357360836551,0.00117725658809221
"731",4,"3",1,"b4.m3.r1","tmax",44.9238922042263,0.877618948027428,5.37864313040383e-08
"732",4,"3",1,"b4.m3.r1","delta_t",8,5.42246811479106,0.200138885892122
"733",4,"5",3,"b4.m5.r3","a",0.0469541034894777,0.0388196654924969,0.280517872770312
"734",4,"5",3,"b4.m5.r3","b",-1.24243639331872,0.281656140996155,0.00694890421792888
"735",4,"5",3,"b4.m5.r3","tmax",44.8374052186575,1.27272075198205,3.46757029079573e-07
"736",4,"5",3,"b4.m5.r3","delta_t",8,8.1622807497107,0.372039745674272
"737",4,"2",3,"b4.m2.r3","a",0.0446377157207343,0.0201108949377689,0.0906547035314151
"738",4,"2",3,"b4.m2.r3","b",-1.42520308049329,0.315886601660476,0.0107256547979176
"739",4,"2",3,"b4.m2.r3","tmax",45.1725902583068,1.29156842661303,3.98802400677001e-06
"740",4,"2",3,"b4.m2.r3","delta_t",6.84360194255132,4.88565904153884,0.233892301202692
"741",4,"5",1,"b4.m5.r1","a",0.047311513493541,0.038820124773147,0.289903495494795
"742",4,"5",1,"b4.m5.r1","b",-1.33873077534478,0.266742011973083,0.00739149319564205
"743",4,"5",1,"b4.m5.r1","tmax",44.9735755787218,1.24866386572962,3.54711425305793e-06
"744",4,"5",1,"b4.m5.r1","delta_t",8,8.07528946865027,0.377922435057569
"745",4,"13",1,"b4.m13.r1","a",0.0348205675631483,0.0145579588303844,0.0750162661833459
"746",4,"13",1,"b4.m13.r1","b",-1.07405430668405,0.350686076522886,0.0375585492720011
"747",4,"13",1,"b4.m13.r1","tmax",44.5603245403182,1.31243403898425,4.4891113041279e-06
"748",4,"13",1,"b4.m13.r1","delta_t",5.58354225520523,3.98124418574104,0.233420339693455
"749",4,"7",2,"b4.m7.r2","a",0.0458150998572211,0.0308507204827183,0.197659514400767
"750",4,"7",2,"b4.m7.r2","b",-1.33084035962183,0.230958431491004,0.00221059262238009
"751",4,"7",2,"b4.m7.r2","tmax",45.1000670273253,1.17046157551055,2.21857833387681e-07
"752",4,"7",2,"b4.m7.r2","delta_t",8,6.79461391264495,0.292022016512055
"753",4,"10",1,"b4.m10.r1","a",0.0494956090122049,0.0140043475475551,0.0166632542333454
"754",4,"10",1,"b4.m10.r1","b",-1.3927106439937,0.0944825714224957,2.59763062809664e-05
"755",4,"10",1,"b4.m10.r1","tmax",45.0044205590681,0.428059917523497,1.47614810633456e-09
"756",4,"10",1,"b4.m10.r1","delta_t",8,2.81144548525351,0.0360127924953351
"757",4,"8",2,"b4.m8.r2","a",0.0471283450381641,0.0271690600645659,0.143333010088191
"758",4,"8",2,"b4.m8.r2","b",-1.24356156020638,0.196164723914707,0.00144124487168101
"759",4,"8",2,"b4.m8.r2","tmax",44.6138175568655,0.816454042217189,3.88202681294751e-08
"760",4,"8",2,"b4.m8.r2","delta_t",8,5.59184210566335,0.211933144873182
"761",4,"3",3,"b4.m3.r3","a",0.0455480205617147,0.0328056628684894,0.223686419393145
"762",4,"3",3,"b4.m3.r3","b",-1.21017943091174,0.247361386715426,0.00450430058151964
"763",4,"3",3,"b4.m3.r3","tmax",44.9583594606981,1.19996717955515,2.55146294489361e-07
"764",4,"3",3,"b4.m3.r3","delta_t",8,7.18725614037146,0.316302976873521
"765",4,"none",1,"b4.mnone.r1","a",0.0484766145838724,0.0492390485701067,0.380600352779903
"766",4,"none",1,"b4.mnone.r1","b",-1.355886739459,0.326232808197095,0.0141888581082787
"767",4,"none",1,"b4.mnone.r1","tmax",44.8792913452337,1.44244098869476,6.35879091984918e-06
"768",4,"none",1,"b4.mnone.r1","delta_t",8,9.90181390689924,0.464435906272925
"769",4,"4",2,"b4.m4.r2","a",0.0466626414504456,0.0400800894985025,0.296855023694754
"770",4,"4",2,"b4.m4.r2","b",-1.36561413436864,0.293171710946127,0.00554171220902651
"771",4,"4",2,"b4.m4.r2","tmax",44.9751110849504,1.39874645729034,5.46572063560805e-07
"772",4,"4",2,"b4.m4.r2","delta_t",8,8.57503153436912,0.393674958791282
"773",4,"2",2,"b4.m2.r2","a",0.0482057349250606,0.0301129333252392,0.170312679119162
"774",4,"2",2,"b4.m2.r2","b",-1.33436217502253,0.210862505297141,0.0014528801794266
"775",4,"2",2,"b4.m2.r2","tmax",45.0411947611127,0.996954035476599,1.00312031840512e-07
"776",4,"2",2,"b4.m2.r2","delta_t",8,6.24965513932528,0.256691085520642
"777",4,"4",3,"b4.m4.r3","a",0.0472184129387312,0.035463455551025,0.240508566703911
"778",4,"4",3,"b4.m4.r3","b",-1.34187149421585,0.255403668896821,0.00331545870636167
"779",4,"4",3,"b4.m4.r3","tmax",44.9075526465187,1.17629895734779,2.32331542815661e-07
"780",4,"4",3,"b4.m4.r3","delta_t",8,7.45250920594964,0.332115388587394
"781",4,"all",2,"b4.mall.r2","a",0.0494718828359551,0.0400565757440121,0.271679225287778
"782",4,"all",2,"b4.mall.r2","b",-1.36958115491722,0.27043324058237,0.00388548440505227
"783",4,"all",2,"b4.mall.r2","tmax",44.9629059819859,1.20758260440263,2.63187766168954e-07
"784",4,"all",2,"b4.mall.r2","delta_t",8,8.02092592366958,0.364365215688326
"785",4,"15",2,"b4.m15.r2","a",0.0457491808410418,0.0290709299114762,0.176367069504021
"786",4,"15",2,"b4.m15.r2","b",-1.05345212168427,0.218021282296788,0.00474864959355717
"787",4,"15",2,"b4.m15.r2","tmax",44.5584841341071,0.917633902745711,6.99886555078769e-08
"788",4,"15",2,"b4.m15.r2","delta_t",8,6.14273820212449,0.249556561017957
"789",4,"11",3,"b4.m11.r3","a",0.0345513745012883,0.0111044289563715,0.0265059222139193
"790",4,"11",3,"b4.m11.r3","b",-1.34650753548127,0.450864952823882,0.030570275280096
"791",4,"11",3,"b4.m11.r3","tmax",44.4157183899189,1.47247040338915,7.51195119509127e-07
"792",4,"11",3,"b4.m11.r3","delta_t",3.9034570209056,3.29621414327162,0.289546022046396
"793",4,"1",3,"b4.m1.r3","a",0.0509219448239552,0.0352214020809438,0.207872315237288
"794",4,"1",3,"b4.m1.r3","b",-1.45236495615501,0.228136880583308,0.00141396282791088
"795",4,"1",3,"b4.m1.r3","tmax",44.7810576681213,0.917042605386564,6.80503416660484e-08
"796",4,"1",3,"b4.m1.r3","delta_t",8,6.71942815398446,0.287256702700731
"797",4,"8",3,"b4.m8.r3","a",0.0472937860242962,0.0449270604242309,0.340678139897331
"798",4,"8",3,"b4.m8.r3","b",-1.32582403586289,0.322872863652852,0.00929708345650125
"799",4,"8",3,"b4.m8.r3","tmax",44.9049175873878,1.48327956472397,7.37710199591759e-07
"800",4,"8",3,"b4.m8.r3","delta_t",8,9.42307016910869,0.43464543624243
"801",4,"10",2,"b4.m10.r2","a",0.0452139033889375,0.0378048338249327,0.285321906053901
"802",4,"10",2,"b4.m10.r2","b",-1.0986773288206,0.28759605166502,0.0123704824826532
"803",4,"10",2,"b4.m10.r2","tmax",44.5906197090732,1.23797901589447,3.10507989148609e-07
"804",4,"10",2,"b4.m10.r2","delta_t",8,8.10290874359198,0.368832914784953
"805",4,"14",1,"b4.m14.r1","a",0.0406319464264156,0.0212324956945261,0.11384938323809
"806",4,"14",1,"b4.m14.r1","b",-1.29831338087919,0.372104146458669,0.0174870604566552
"807",4,"14",1,"b4.m14.r1","tmax",44.96344465619,1.56548156078092,9.58565220072097e-07
"808",4,"14",1,"b4.m14.r1","delta_t",6.69966846670448,5.54676448617253,0.28111346476172
"809",4,"4",1,"b4.m4.r1","a",0.0432750495800444,0.0405508886187552,0.334685182301672
"810",4,"4",1,"b4.m4.r1","b",-1.1531118577232,0.323998328351057,0.0162316679637933
"811",4,"4",1,"b4.m4.r1","tmax",44.7130908370031,1.51331172886794,8.32639521921174e-07
"812",4,"4",1,"b4.m4.r1","delta_t",8,9.1513352522541,0.422010625085383
"813",4,"7",1,"b4.m7.r1","a",0.0470288843761005,0.0303131345795352,0.181496392509418
"814",4,"7",1,"b4.m7.r1","b",-1.22045385283314,0.219477048600748,0.0025871514516303
"815",4,"7",1,"b4.m7.r1","tmax",44.7599534663916,0.963600234050371,8.73345460342557e-08
"816",4,"7",1,"b4.m7.r1","delta_t",8,6.32457311935094,0.261652941380165
