"","block","Chlamy","mic","nit","well.ID","r.exp"
"1",1,"y","none",1,"5.6.4",-0.00484185049129447
"2",1,"y","none",1,"11.5.2",0.792327598177624
"3",1,"y","none",1,"16.4.6",-0.113061949983235
"4",2,"y","none",1,"12.5.8",-0.232711510764792
"5",2,"y","none",1,"16.6.5",-0.256970234699409
"6",2,"y","none",1,"25.1.2",-0.133823756894065
"7",1,"y","none",50,"1.5.4",1.12853585423985
"8",1,"y","none",50,"2.2.6",1.37388072166877
"9",1,"y","none",50,"20.6.5",1.11376798290525
"10",2,"y","none",50,"2.2.7",1.57066443990882
"11",2,"y","none",50,"3.1.6",1.44226785226119
"12",2,"y","none",50,"23.1.9",1.30534240960915
"13",1,"y","none",0,"2.2.2",0.20097061927989
"14",1,"y","none",0,"9.2.2",-0.146646929363644
"15",1,"y","none",0,"21.2.1",0.567596823250224
"16",2,"y","none",0,"1.6.4",-0.0229875112796629
"17",2,"y","none",0,"3.5.4",-0.119828877413105
"18",2,"y","none",0,"25.4.3",-0.192034361348394
"19",1,"y","none",25,"2.6.8",1.44699834416785
"20",1,"y","none",25,"22.1.6",0.273409231149671
"21",1,"y","none",25,"25.6.3",0.431601335969393
"22",2,"y","none",25,"13.3.9",0.635238290411843
"23",2,"y","none",25,"22.4.1",0.663762410455167
"24",2,"y","none",25,"32.5.10",1.08587411818309
"25",1,"y","none",10,"17.4.5",0.560357304107843
"26",1,"y","none",10,"23.3.7",0.333471540269643
"27",1,"y","none",10,"26.2.2",0.470194891182294
"28",2,"y","none",10,"2.1.3",0.698298745606558
"29",2,"y","none",10,"8.3.7",1.17810870145671
"30",2,"y","none",10,"27.5.2",-0.0816202258738225
"31",1,"y","none",1000,"3.3.2",1.96385632002838
"32",1,"y","none",1000,"13.2.8",1.398502925604
"33",1,"y","none",1000,"19.2.4",1.52246813438704
"34",2,"y","none",1000,"1.4.1",1.66706568018107
"35",2,"y","none",1000,"16.5.9",1.50301511960432
"36",2,"y","none",1000,"20.6.6",1.9895830681828
"37",1,"y","none",100,"3.2.10",1.42504399367801
"38",1,"y","none",100,"16.5.6",1.04640826566335
"39",1,"y","none",100,"27.3.5",0.947974206523667
"40",2,"y","none",100,"6.5.3",1.6787624646419
"41",2,"y","none",100,"7.6.3",1.75141131635149
"42",2,"y","none",100,"14.3.6",1.61026982544852
"43",1,"y","none",5,"1.5.5",0.328132794622158
"44",1,"y","none",5,"16.5.5",0.720736606409785
"45",1,"y","none",5,"24.4.3",-0.131574760374769
"46",2,"y","none",5,"4.5.3",0.460696084161943
"47",2,"y","none",5,"19.1.10",-0.146743594566666
"48",2,"y","none",5,"24.3.3",-0.252345237914139
"49",1,"y","none",400,"3.4.10",1.64257847693199
"50",1,"y","none",400,"14.5.10",1.3559057167909
"51",1,"y","none",400,"20.4.4",1.6498595699655
"52",2,"y","none",400,"8.2.1",1.48108255814588
"53",2,"y","none",400,"15.5.7",1.44257869792472
"54",2,"y","none",400,"24.6.2",1.41832897673412
"55",1,"y","none",700,"8.4.5",1.35034999325396
"56",1,"y","none",700,"13.6.5",0.674153375473067
"57",1,"y","none",700,"21.3.4",1.54651184119887
"58",2,"y","none",700,"13.5.7",1.52696963482339
"59",2,"y","none",700,"19.5.5",1.45998093808921
"60",2,"y","none",700,"29.1.7",1.70381877621017
"61",1,"n","1",1,"6.4.4",-0.130677527013039
"62",1,"n","1",1,"9.6.8",-0.206496935918962
"63",1,"y","1",1,"12.6.10",-0.202185272235921
"64",1,"y","1",1,"13.3.10",-0.19728605524283
"65",1,"y","1",1,"14.3.10",-0.0673009889369702
"66",1,"n","1",1,"24.6.6",-0.144523115077978
"67",2,"y","1",1,"2.2.8",-0.200731569476633
"68",2,"y","1",1,"4.4.7",-0.253894855505195
"69",2,"n","1",1,"4.5.2",-0.108591002787639
"70",2,"n","1",1,"9.4.5",0.17278488135184
"71",2,"n","1",1,"11.4.3",-0.12778639603119
"72",2,"y","1",1,"31.1.3",0.125446018939027
"73",1,"y","1",50,"2.3.7",0.715525094559777
"74",1,"y","1",50,"7.6.9",1.05737042755385
"75",1,"n","1",50,"15.3.1",-0.216950133216986
"76",1,"n","1",50,"19.3.1",-0.208318753486852
"77",1,"y","1",50,"26.6.7",0.785989813318494
"78",1,"y","1",50,"27.3.7",0.696877376870911
"79",1,"n","1",50,"27.5.6",-0.156594589022043
"80",2,"y","1",50,"2.2.2",0.689146675816251
"81",2,"y","1",50,"4.1.8",1.5301766217267
"82",2,"y","1",50,"4.2.3",1.34551113868105
"83",2,"n","1",50,"16.5.7",-0.0673663722633735
"84",2,"y","1",50,"22.2.1",1.4151237582123
"85",2,"n","1",50,"23.5.1",-0.151473902307696
"86",2,"n","1",50,"30.5.5",-0.273266675105315
"87",1,"n","1",0,"1.6.7",-0.137744486514192
"88",1,"n","1",0,"9.3.1",-0.101305418968824
"89",1,"y","1",0,"11.5.7",0.242053815098121
"90",1,"y","1",0,"12.4.6",-0.135005300432359
"91",1,"y","1",0,"16.4.1",1.09040378139375
"92",1,"n","1",0,"21.4.9",-0.341256480788113
"93",2,"y","1",0,"2.5.3",-0.161737157712801
"94",2,"n","1",0,"3.2.3",-0.040701992013252
"95",2,"y","1",0,"20.3.7",-0.221637507229618
"96",2,"y","1",0,"22.4.9",-0.295194863859264
"97",2,"n","1",0,"31.4.1",-0.0495464152973523
"98",2,"n","1",0,"31.4.8",-0.162497167924771
"99",1,"n","1",25,"1.2.2",-0.0908442445785803
"100",1,"y","1",25,"5.1.3",0.912671419933627
"101",1,"y","1",25,"15.4.7",0.578073839476755
"102",1,"n","1",25,"15.6.1",-0.0762572739709841
"103",1,"y","1",25,"17.1.7",0.664544745622604
"104",1,"n","1",25,"30.4.10",-0.154530947903257
"105",2,"n","1",25,"1.1.4",-0.0601960729418598
"106",2,"y","1",25,"3.6.10",1.18076162066792
"107",2,"n","1",25,"5.1.8",-0.103645094729118
"108",2,"y","1",25,"16.1.5",0.310443084950893
"109",2,"n","1",25,"27.5.7",-0.167849711741461
"110",2,"y","1",25,"28.6.7",0.892141611990212
"111",1,"n","1",10,"4.1.3",-0.18225194118139
"112",1,"n","1",10,"8.4.2",-0.182662637825622
"113",1,"n","1",10,"14.4.4",-0.118627299289657
"114",1,"y","1",10,"15.1.1",0.225177162196096
"115",1,"y","1",10,"18.1.10",0.349397486405796
"116",2,"n","1",10,"1.4.6",-0.140622944794253
"117",2,"n","1",10,"2.4.8",-0.115426632204496
"118",2,"n","1",10,"8.6.1",-0.0558918732380928
"119",2,"y","1",10,"21.6.10",-0.0944204141754232
"120",2,"y","1",10,"27.3.9",-0.0926063781468544
"121",1,"n","1",1000,"11.4.1",-0.212801929448722
"122",1,"y","1",1000,"14.1.10",1.55164411878389
"123",1,"y","1",1000,"27.3.1",1.39869624841165
"124",1,"n","1",1000,"27.3.6",-0.14170063631065
"125",1,"y","1",1000,"27.4.8",1.15042979724966
"126",1,"n","1",1000,"29.5.7",-0.135852140698661
"127",2,"y","1",1000,"3.3.2",1.14080500242584
"128",2,"n","1",1000,"5.4.7",1.07719738467307
"129",2,"y","1",1000,"12.3.4",1.4095502605501
"130",2,"y","1",1000,"13.6.3",1.84061593077194
"131",2,"n","1",1000,"25.2.10",-0.162631580071194
"132",2,"n","1",1000,"31.3.6",-0.148434271098967
"133",1,"n","1",100,"10.3.8",-0.11125399493361
"134",1,"n","1",100,"16.1.3",-0.213380449269726
"135",1,"y","1",100,"18.6.2",1.24889600475008
"136",1,"y","1",100,"19.6.7",1.18884796977479
"137",1,"y","1",100,"28.4.4",0.612297571604399
"138",1,"n","1",100,"32.4.5",-0.119247675702819
"139",2,"n","1",100,"1.4.2",-0.0780055463875827
"140",2,"y","1",100,"13.1.9",1.95932373504451
"141",2,"y","1",100,"18.5.4",0.400521448130797
"142",2,"n","1",100,"21.1.2",-0.172090276148398
"143",2,"y","1",100,"30.3.3",1.87008042003414
"144",2,"n","1",100,"31.5.9",-0.150915971154943
"145",1,"y","1",5,"4.6.9",0.266932348379688
"146",1,"n","1",5,"14.1.4",-0.211048537278023
"147",1,"n","1",5,"15.3.6",-0.128939734720622
"148",1,"y","1",5,"20.1.5",0.165985148977971
"149",1,"y","1",5,"20.2.10",0.237493364019477
"150",1,"n","1",5,"32.3.7",-0.19022640635893
"151",2,"n","1",5,"5.4.2",-0.105158598300112
"152",2,"y","1",5,"9.5.5",-0.206461288471918
"153",2,"n","1",5,"12.4.7",-0.0947630903538304
"154",2,"n","1",5,"28.1.4",-0.117494923009339
"155",2,"y","1",5,"28.5.10",-0.0994532225308361
"156",2,"y","1",5,"32.4.9",-0.161566051617278
"157",1,"n","1",400,"2.2.4",-0.0420604885334363
"158",1,"n","1",400,"3.6.10",-0.130328881567407
"159",1,"y","1",400,"16.2.3",1.24675878850576
"160",1,"y","1",400,"16.2.9",0.0605095931404381
"161",1,"y","1",400,"27.3.2",1.3276712026868
"162",1,"n","1",400,"28.2.4",-0.135305616898121
"163",2,"y","1",400,"10.2.4",1.94201304932502
"164",2,"n","1",400,"12.3.2",-0.0607041150933892
"165",2,"y","1",400,"17.2.8",1.60742856955949
"166",2,"n","1",400,"17.3.7",-0.106127346397368
"167",2,"n","1",400,"20.2.7",-0.153697137297056
"168",2,"y","1",400,"23.6.9",1.82011439625005
"169",1,"y","1",700,"2.5.3",1.53364591966252
"170",1,"n","1",700,"8.2.9",-0.131506713725263
"171",1,"n","1",700,"17.2.3",-0.11450681517777
"172",1,"y","1",700,"19.1.4",1.60719716851753
"173",1,"n","1",700,"21.4.5",-0.222634297004825
"174",1,"y","1",700,"26.2.4",1.31254644213019
"175",2,"n","1",700,"4.1.9",-0.106333380640733
"176",2,"n","1",700,"7.3.9",-0.0555705052731503
"177",2,"y","1",700,"10.4.9",1.86514426618922
"178",2,"y","1",700,"14.2.6",1.88218978186648
"179",2,"n","1",700,"16.3.8",-0.109228539067423
"180",2,"y","1",700,"20.2.5",1.86400799639198
"181",1,"y","2",1,"1.5.3",-0.151497422313488
"182",1,"y","2",1,"8.5.1",0.220967790235572
"183",1,"y","2",1,"14.6.2",-0.231461800535396
"184",1,"n","2",1,"18.5.3",-0.247522676714444
"185",1,"n","2",1,"23.4.6",-0.29047526843751
"186",1,"n","2",1,"26.5.1",-0.143742554286866
"187",2,"n","2",1,"4.4.8",-0.161888101166396
"188",2,"y","2",1,"7.4.9",-0.085132271951803
"189",2,"y","2",1,"8.1.10",-0.101091294773262
"190",2,"y","2",1,"16.5.5",-0.1860944218864
"191",2,"n","2",1,"20.4.8",-0.13304851944956
"192",2,"n","2",1,"24.4.9",-0.110062083475654
"193",1,"y","2",50,"2.1.9",1.07639471404782
"194",1,"n","2",50,"4.4.3",-0.0901770578194973
"195",1,"y","2",50,"8.3.6",0.893103636836193
"196",1,"n","2",50,"9.3.10",-0.0865364027404762
"197",1,"n","2",50,"21.6.3",-0.32360060531525
"198",1,"y","2",50,"32.1.6",0.761741162176745
"199",2,"y","2",50,"6.6.2",0.958641351612936
"200",2,"y","2",50,"15.3.3",1.33968083562083
"201",2,"y","2",50,"26.1.10",1.33957205826087
"202",2,"n","2",50,"27.3.10",-0.0850994357691517
"203",2,"n","2",50,"30.5.6",-0.0805000549591365
"204",2,"n","2",50,"32.6.10",-0.153599784327646
"205",1,"n","2",0,"1.2.5",-0.0861331157674559
"206",1,"y","2",0,"10.1.5",-0.2198290650284
"207",1,"y","2",0,"19.2.7",-0.252847231382131
"208",1,"y","2",0,"26.6.9",-0.19952747220534
"209",1,"n","2",0,"28.5.5",-0.056717728491917
"210",1,"n","2",0,"29.1.7",-0.0991701692775134
"211",2,"y","2",0,"8.2.10",-0.0940299110380987
"212",2,"n","2",0,"12.1.4",-0.0718487678212547
"213",2,"n","2",0,"12.5.10",-0.109327211147604
"214",2,"n","2",0,"17.4.7",0.0110949790598524
"215",2,"y","2",0,"19.4.9",-0.177410586999847
"216",2,"y","2",0,"24.3.8",-0.145353477805183
"217",1,"n","2",25,"1.3.7",-0.113688373707025
"218",1,"n","2",25,"1.4.8",-0.106549984049288
"219",1,"y","2",25,"1.6.2",0.856718625772184
"220",1,"y","2",25,"7.1.9",1.11226012905073
"221",1,"y","2",25,"10.5.2",0.773873194790843
"222",1,"n","2",25,"12.3.3",-0.167301918423793
"223",2,"y","2",25,"1.1.7",1.18460095192562
"224",2,"n","2",25,"4.1.3",-0.0671372628260958
"225",2,"n","2",25,"4.2.1",-0.0832893641261141
"226",2,"y","2",25,"6.6.4",0.907362547270048
"227",2,"n","2",25,"10.5.1",-0.089937843811673
"228",2,"y","2",25,"23.2.4",0.639477641550723
"229",1,"y","2",10,"1.2.1",0.84911559275322
"230",1,"n","2",10,"14.6.10",-0.16154020141194
"231",1,"n","2",10,"15.5.8",-0.125561960641341
"232",1,"y","2",10,"17.2.10",0.607695487204274
"233",1,"n","2",10,"19.2.9",-0.138428115404771
"234",1,"y","2",10,"29.5.2",0.124914198004193
"235",2,"y","2",10,"4.2.6",-0.235584360648724
"236",2,"y","2",10,"7.4.2",-0.0892620152299595
"237",2,"n","2",10,"7.6.2",-0.125565109622075
"238",2,"n","2",10,"17.2.9",-0.121477370743451
"239",2,"y","2",10,"18.5.5",-0.142884647554016
"240",2,"n","2",10,"27.1.1",-0.122941699882831
"241",1,"y","2",1000,"1.2.8",1.54769913548077
"242",1,"n","2",1000,"2.2.9",-0.108441779881478
"243",1,"n","2",1000,"4.2.3",-0.112858544983166
"244",1,"n","2",1000,"10.2.3",-0.244098128839387
"245",1,"y","2",1000,"21.3.3",1.71731816111938
"246",1,"y","2",1000,"24.6.8",1.42530238095586
"247",2,"n","2",1000,"2.2.5",0.0234506210397357
"248",2,"n","2",1000,"6.6.3",-0.088510592791341
"249",2,"n","2",1000,"7.1.4",-0.0398851226901971
"250",2,"y","2",1000,"14.3.7",0.569719355693572
"251",2,"y","2",1000,"19.6.8",1.89604960431909
"252",2,"y","2",1000,"30.3.7",1.82514901569916
"253",1,"y","2",100,"2.5.1",1.32617119444973
"254",1,"y","2",100,"11.2.5",1.04211854551915
"255",1,"n","2",100,"11.4.2",1.97133472264328
"256",1,"n","2",100,"16.4.8",-0.21089766491183
"257",1,"n","2",100,"17.3.10",-0.139869416199283
"258",1,"y","2",100,"24.1.5",0.960879420204231
"259",2,"n","2",100,"1.3.4",-0.138698682950567
"260",2,"n","2",100,"3.5.6",-0.0912243802919604
"261",2,"y","2",100,"5.2.5",0.653517386632533
"262",2,"y","2",100,"10.2.9",0.19555841528861
"263",2,"y","2",100,"23.2.5",1.46475953543394
"264",2,"n","2",100,"23.4.8",-0.0959872367500651
"265",1,"n","2",5,"6.2.3",-0.0513181663003359
"266",1,"y","2",5,"10.5.10",-0.199883533032167
"267",1,"y","2",5,"14.6.1",0.235424691155285
"268",1,"y","2",5,"18.6.9",0.316312672521915
"269",1,"n","2",5,"25.1.7",-0.218545031856732
"270",1,"n","2",5,"32.1.10",-0.17984191373198
"271",2,"n","2",5,"10.5.4",-0.0838498881472322
"272",2,"n","2",5,"14.2.3",0.297252043851755
"273",2,"n","2",5,"20.3.4",-0.0745697448699622
"274",2,"y","2",5,"23.6.10",0.450495415380886
"275",2,"y","2",5,"29.3.2",-0.159359722260039
"276",2,"y","2",5,"30.2.3",0.0634852025803936
"277",1,"y","2",400,"10.2.8",1.5467641469923
"278",1,"n","2",400,"12.4.4",-0.0778715097771011
"279",1,"y","2",400,"13.1.9",1.35624752552527
"280",1,"n","2",400,"20.5.5",-0.189636088355554
"281",1,"n","2",400,"21.6.10",-0.278701734205021
"282",1,"y","2",400,"31.1.8",1.45798922948385
"283",2,"y","2",400,"6.2.6",1.94384909388082
"284",2,"y","2",400,"6.2.10",2.20592465341465
"285",2,"y","2",400,"10.5.3",0.372982354538232
"286",2,"n","2",400,"18.4.9",-0.170117767296906
"287",2,"n","2",400,"23.2.2",-0.159724699609326
"288",2,"n","2",400,"31.4.6",-0.117524021651705
"289",1,"n","2",700,"7.1.6",-0.158901220691183
"290",1,"y","2",700,"10.6.2",1.67121387857279
"291",1,"n","2",700,"18.3.9",-0.271379538708485
"292",1,"y","2",700,"25.3.1",1.31185185389224
"293",1,"n","2",700,"25.6.5",-0.102441896644819
"294",1,"y","2",700,"32.2.3",1.47141475877951
"295",2,"n","2",700,"12.4.6",-0.160471366512929
"296",2,"y","2",700,"14.6.5",0.277588705231381
"297",2,"n","2",700,"20.1.6",-0.170257708661526
"298",2,"n","2",700,"21.1.7",0.039647472893535
"299",2,"y","2",700,"23.6.4",1.5512161372446
"300",2,"y","2",700,"28.5.2",1.76370279334784
"301",1,"n","3",1,"4.6.3",0.0371445317421499
"302",1,"y","3",1,"6.6.8",-0.210918422514703
"303",1,"n","3",1,"9.1.5",-0.0234913743944761
"304",1,"n","3",1,"14.5.5",-0.215590925795024
"305",1,"y","3",1,"15.4.2",-0.149903583237051
"306",1,"y","3",1,"27.4.4",-0.148966242784754
"307",2,"y","3",1,"8.2.7",-0.19199943393721
"308",2,"n","3",1,"12.6.8",-0.0401561299007814
"309",2,"n","3",1,"13.1.3",-0.137079294474234
"310",2,"y","3",1,"17.6.9",-0.133344463169496
"311",2,"y","3",1,"30.2.6",-0.204238782243318
"312",2,"n","3",1,"30.4.6",-0.138537660435558
"313",1,"n","3",50,"10.4.5",-0.0951655691870285
"314",1,"y","3",50,"10.6.10",0.887274510006308
"315",1,"n","3",50,"11.1.10",-0.109173788650929
"316",1,"n","3",50,"16.5.9",0.271430712100769
"317",1,"y","3",50,"18.2.7",1.16925345449195
"318",1,"y","3",50,"28.6.9",0.562990637697253
"319",2,"y","3",50,"4.2.2",1.4304892672774
"320",2,"n","3",50,"6.2.2",-0.0974989899102097
"321",2,"y","3",50,"11.2.3",1.19202999911818
"322",2,"n","3",50,"12.3.6",-0.0370552586303965
"323",2,"y","3",50,"12.6.6",0.927949692958866
"324",2,"n","3",50,"12.6.9",-0.0536298017238362
"325",1,"y","3",0,"1.1.6",-0.101528752444373
"326",1,"n","3",0,"3.2.6",-0.117759442355682
"327",1,"y","3",0,"6.4.5",-0.149203182884011
"328",1,"y","3",0,"13.4.6",-0.087937867119505
"329",1,"n","3",0,"20.6.7",-0.2940350340177
"330",1,"n","3",0,"32.2.10",-0.0773655895495137
"331",2,"y","3",0,"7.5.7",-0.137499587093971
"332",2,"n","3",0,"8.1.9",-0.0559859509322285
"333",2,"n","3",0,"17.4.3",-0.110748431812256
"334",2,"y","3",0,"21.2.10",-0.108851966263531
"335",2,"n","3",0,"23.4.3",-0.0631715689534292
"336",2,"y","3",0,"29.1.10",-0.141955277213772
"337",1,"y","3",25,"1.5.6",1.13483063056012
"338",1,"n","3",25,"2.2.3",-0.105953682888384
"339",1,"y","3",25,"10.1.3",1.10404584708215
"340",1,"n","3",25,"13.5.2",-0.14722032084342
"341",1,"y","3",25,"15.1.9",0.594496266997679
"342",1,"n","3",25,"15.6.3",-0.151029595948061
"343",2,"n","3",25,"21.2.1",-0.0945151114465341
"344",2,"y","3",25,"24.2.5",0.454728963560312
"345",2,"y","3",25,"24.5.2",0.167287109948973
"346",2,"n","3",25,"25.1.9",-0.125411825444781
"347",2,"y","3",25,"29.4.7",1.2568836017513
"348",2,"n","3",25,"31.1.5",-0.10228512416479
"349",1,"n","3",10,"4.4.9",-0.0821437288927156
"350",1,"n","3",10,"7.5.5",0.0346665559968401
"351",1,"y","3",10,"11.1.5",0.891567938541103
"352",1,"n","3",10,"16.5.1",-0.106691202617414
"353",1,"y","3",10,"20.6.4",0.3027124793177
"354",1,"y","3",10,"31.3.7",0.156441006594739
"355",2,"y","3",10,"2.5.9",0.990966111843808
"356",2,"n","3",10,"4.3.3",0.20667124285988
"357",2,"y","3",10,"8.3.6",-0.174260609834844
"358",2,"y","3",10,"16.4.2",0.321409293212893
"359",2,"n","3",10,"19.3.10",-0.119433057821801
"360",2,"n","3",10,"22.6.2",0.161170305622277
"361",1,"n","3",1000,"14.1.1",0.0587260339715556
"362",1,"y","3",1000,"15.2.4",1.51806651326632
"363",1,"y","3",1000,"16.6.7",1.26352829704587
"364",1,"n","3",1000,"17.4.9",-0.172809589247337
"365",1,"y","3",1000,"22.2.8",1.70098972936722
"366",1,"n","3",1000,"23.2.1",-0.278315285635034
"367",2,"n","3",1000,"1.3.2",-0.138255110972723
"368",2,"y","3",1000,"4.2.5",0.564777380305044
"369",2,"y","3",1000,"6.6.1",2.02198242694529
"370",2,"n","3",1000,"19.3.2",-0.0939433142465537
"371",2,"y","3",1000,"24.3.2",0.510548726930008
"372",2,"n","3",1000,"31.2.5",-0.110401543904647
"373",1,"y","3",100,"6.5.6",1.32886159961801
"374",1,"y","3",100,"7.5.9",1.50769228764003
"375",1,"y","3",100,"24.2.1",1.08364523372479
"376",1,"n","3",100,"27.2.5",-0.160135290934013
"377",1,"n","3",100,"29.3.10",-0.0976163622364034
"378",1,"n","3",100,"32.1.9",-0.164140613939977
"379",2,"n","3",100,"2.4.6",-0.0908412120261155
"380",2,"y","3",100,"7.4.8",1.93818031089897
"381",2,"n","3",100,"13.3.3",-0.114330811924809
"382",2,"n","3",100,"13.6.4",-0.0991183514620394
"383",2,"y","3",100,"14.3.10",1.66837838168102
"384",2,"y","3",100,"28.4.8",1.71976418704258
"385",1,"y","3",5,"1.4.2",0.428927453282838
"386",1,"y","3",5,"2.4.9",0.782910011530089
"387",1,"y","3",5,"4.3.6",0.429185665316109
"388",1,"n","3",5,"12.3.2",-0.159668880006865
"389",1,"n","3",5,"20.1.9",-0.217209888138382
"390",1,"n","3",5,"20.4.7",-0.170186216827312
"391",2,"y","3",5,"8.6.7",0.762385312087302
"392",2,"n","3",5,"18.4.10",-0.102893246062242
"393",2,"n","3",5,"21.2.7",-0.155239619531477
"394",2,"n","3",5,"29.3.7",-0.133088598053181
"395",2,"y","3",5,"30.6.10",-0.160334326284341
"396",2,"y","3",5,"32.6.8",-0.0495462085944432
"397",1,"y","3",400,"3.1.6",1.82361010404567
"398",1,"n","3",400,"14.6.8",-0.257129330256312
"399",1,"n","3",400,"28.4.9",-0.170724604715539
"400",1,"y","3",400,"29.1.3",1.3452307407966
"401",1,"n","3",400,"29.2.7",-0.135063288824839
"402",1,"y","3",400,"32.6.2",1.34729147464035
"403",2,"n","3",400,"4.2.4",-0.0565512338210537
"404",2,"y","3",400,"5.1.1",1.9178561895846
"405",2,"n","3",400,"8.4.4",-0.10076822972808
"406",2,"y","3",400,"18.2.8",1.50437686595105
"407",2,"n","3",400,"25.2.5",-0.107379880360407
"408",2,"y","3",400,"27.3.8",0.539516903234644
"409",1,"y","3",700,"8.1.4",1.53892772312063
"410",1,"n","3",700,"13.1.10",-0.0103493782736445
"411",1,"y","3",700,"15.3.2",0.543830569667879
"412",1,"n","3",700,"27.5.10",-0.172380492312665
"413",1,"y","3",700,"27.6.4",1.45534969112303
"414",1,"n","3",700,"28.5.8",-0.10207682575401
"415",2,"y","3",700,"3.2.7",0.686166828072991
"416",2,"n","3",700,"5.6.6",-0.0593409737787382
"417",2,"n","3",700,"11.6.10",-0.0809738716963547
"418",2,"y","3",700,"12.5.6",1.46437348924043
"419",2,"n","3",700,"16.6.10",-0.114640097149279
"420",2,"y","3",700,"19.2.6",1.7390395541859
"421",1,"y","4",1,"2.1.10",-0.245451310414476
"422",1,"n","4",1,"6.4.6",-0.181083324842261
"423",1,"y","4",1,"8.2.8",0.115157254791124
"424",1,"y","4",1,"21.1.9",-0.183840526012358
"425",1,"n","4",1,"24.3.8",0.0337460115700517
"426",1,"n","4",1,"30.3.10",-0.116294154003317
"427",2,"y","4",1,"1.2.2",-0.13483799068526
"428",2,"n","4",1,"5.3.7",-0.132786738377533
"429",2,"n","4",1,"7.5.6",-0.122015209591041
"430",2,"y","4",1,"9.2.1",-0.251199186249134
"431",2,"n","4",1,"12.3.10",-0.0622521852965243
"432",2,"y","4",1,"23.2.1",-0.00526734330868734
"433",1,"y","4",50,"1.1.4",0.857941913338532
"434",1,"y","4",50,"10.3.6",0.766012878963195
"435",1,"n","4",50,"14.4.1",-0.142390220527101
"436",1,"n","4",50,"16.6.6",-0.116470106932308
"437",1,"y","4",50,"21.5.2",1.18638427269957
"438",1,"n","4",50,"29.1.5",-0.100268465523252
"439",2,"y","4",50,"3.4.6",1.31552063718119
"440",2,"n","4",50,"9.5.6",-0.133511302072849
"441",2,"n","4",50,"14.4.10",-0.0386355833311606
"442",2,"n","4",50,"15.1.10",-0.0956604067955617
"443",2,"y","4",50,"20.1.1",1.19241270309335
"444",2,"y","4",50,"24.2.6",1.21797795371021
"445",1,"y","4",0,"5.5.5",-0.203930060946153
"446",1,"n","4",0,"15.4.8",-0.144887239685933
"447",1,"y","4",0,"25.5.2",0.164930561557513
"448",1,"n","4",0,"29.5.10",-0.101480277830703
"449",1,"n","4",0,"32.2.6",-0.112090053774604
"450",1,"y","4",0,"32.5.10",-0.042696179022859
"451",2,"y","4",0,"4.3.6",-0.100556707797373
"452",2,"n","4",0,"4.5.7",-0.114789301482606
"453",2,"y","4",0,"9.2.6",-0.21524753128506
"454",2,"n","4",0,"16.5.10",-0.0798884869984082
"455",2,"n","4",0,"20.4.2",-0.168983716986778
"456",2,"y","4",0,"26.3.6",-0.276886985798314
"457",1,"y","4",25,"20.2.2",0.454067671483621
"458",1,"n","4",25,"25.1.1",-0.161372926883176
"459",1,"n","4",25,"25.6.2",-0.190786183327942
"460",1,"n","4",25,"28.6.1",-0.157256642904092
"461",1,"y","4",25,"29.4.7",0.49671734894031
"462",1,"y","4",25,"29.6.5",0.513562834619692
"463",2,"y","4",25,"2.1.2",1.1181244063553
"464",2,"y","4",25,"8.6.3",0.779995486293659
"465",2,"n","4",25,"11.2.6",-0.116111744891418
"466",2,"n","4",25,"13.5.10",-0.146670266900605
"467",2,"n","4",25,"20.4.6",-0.188763441402193
"468",2,"y","4",25,"28.1.8",0.77790260784341
"469",1,"y","4",10,"6.3.8",0.516552036919303
"470",1,"n","4",10,"6.5.7",-0.12827126649007
"471",1,"n","4",10,"12.6.5",-0.182694276211483
"472",1,"y","4",10,"18.3.10",0.762636038744864
"473",1,"y","4",10,"21.3.1",0.31030653935396
"474",1,"n","4",10,"21.4.10",-0.240390149077507
"475",2,"y","4",10,"1.6.5",-0.117377912637799
"476",2,"n","4",10,"1.6.10",-0.083297905986843
"477",2,"y","4",10,"16.6.3",-0.154062409851279
"478",2,"n","4",10,"21.5.5",-0.0987941281907614
"479",2,"y","4",10,"28.3.10",-0.172503966434182
"480",2,"n","4",10,"32.2.3",-0.118300188855319
"481",1,"n","4",1000,"1.5.8",-0.101834849780414
"482",1,"n","4",1000,"8.6.9",-0.145384297723225
"483",1,"y","4",1000,"12.5.3",1.26952215152124
"484",1,"n","4",1000,"19.4.1",-0.162024852823875
"485",1,"y","4",1000,"25.2.5",1.40714228451941
"486",1,"y","4",1000,"31.6.4",0.684580635457474
"487",2,"n","4",1000,"7.6.9",2.13144067570988
"488",2,"n","4",1000,"13.4.5",-0.136201214102084
"489",2,"n","4",1000,"16.3.3",-0.138532581315862
"490",2,"y","4",1000,"23.3.3",1.39263475372725
"491",2,"y","4",1000,"32.1.8",1.50209915057117
"492",2,"y","4",1000,"32.2.4",1.49936558010148
"493",1,"n","4",100,"6.2.1",-0.224149813684476
"494",1,"n","4",100,"13.1.5",-0.186832996149148
"495",1,"y","4",100,"15.5.5",0.742294539933473
"496",1,"n","4",100,"17.6.5",-0.168790568008365
"497",1,"y","4",100,"28.5.3",0.620502641771614
"498",1,"y","4",100,"31.4.5",0.798695154694966
"499",2,"n","4",100,"12.6.4",-0.126775035209115
"500",2,"n","4",100,"14.2.5",-0.0709153643363078
"501",2,"y","4",100,"15.3.1",1.71091437620451
"502",2,"n","4",100,"25.1.10",-0.0442834673236569
"503",2,"y","4",100,"29.4.10",1.95335914767159
"504",2,"y","4",100,"32.1.4",1.35131518159911
"505",1,"n","4",5,"6.2.8",-0.153108250188072
"506",1,"n","4",5,"13.2.2",-0.0696679658583989
"507",1,"y","4",5,"19.6.6",0.185579158767598
"508",1,"y","4",5,"20.3.2",0.0994982589918145
"509",1,"y","4",5,"22.2.5",0.127698374119274
"510",1,"n","4",5,"23.3.4",-0.278542199346661
"511",2,"n","4",5,"4.4.1",-0.12927821516326
"512",2,"y","4",5,"6.1.7",-0.176266382705023
"513",2,"y","4",5,"7.1.6",-0.047605911379111
"514",2,"y","4",5,"8.2.2",-0.285837993298899
"515",2,"n","4",5,"26.2.5",-0.138523301291534
"516",2,"n","4",5,"32.2.2",-0.188455013334893
"517",1,"n","4",400,"3.5.1",0.0678857671022415
"518",1,"n","4",400,"11.6.5",2.13094121890651
"519",1,"y","4",400,"15.2.5",1.50160153965298
"520",1,"n","4",400,"17.3.6",-0.100102886301095
"521",1,"y","4",400,"26.2.5",1.36458769085044
"522",1,"y","4",400,"27.6.5",1.40960434897351
"523",2,"y","4",400,"13.1.8",1.81221812078508
"524",2,"y","4",400,"13.3.6",1.84150330966361
"525",2,"n","4",400,"20.6.8",-0.15890701371531
"526",2,"n","4",400,"24.2.10",-0.136281123542887
"527",2,"n","4",400,"24.6.8",-0.117131270506049
"528",2,"y","4",400,"29.2.6",1.77509224344253
"529",1,"n","4",700,"7.2.10",-0.0704480139944094
"530",1,"n","4",700,"15.1.3",-0.136173110769923
"531",1,"y","4",700,"17.1.2",0.339677718612561
"532",1,"y","4",700,"19.6.4",1.61588886041202
"533",1,"y","4",700,"29.4.6",1.28088936348487
"534",1,"n","4",700,"32.6.4",-0.164876219309136
"535",2,"y","4",700,"1.1.6",1.69860942257038
"536",2,"n","4",700,"26.2.1",0.098860996519042
"537",2,"y","4",700,"27.6.6",1.7075663744868
"538",2,"n","4",700,"29.3.1",-0.178778762527612
"539",2,"n","4",700,"29.4.3",-0.140943308178556
"540",2,"y","4",700,"30.3.9",1.71894559409032
"541",1,"y","5",1,"3.6.8",-0.172524583141488
"542",1,"n","5",1,"4.1.1",-0.179940868146519
"543",1,"y","5",1,"11.5.4",-0.261370058064214
"544",1,"n","5",1,"25.6.7",-0.163891644331332
"545",1,"n","5",1,"31.1.5",-0.0871463238608648
"546",1,"y","5",1,"32.6.7",-0.0938721033933485
"547",2,"y","5",1,"9.5.4",-0.132795718748634
"548",2,"y","5",1,"12.5.3",-0.241368974000953
"549",2,"n","5",1,"13.6.9",-0.161150479674519
"550",2,"n","5",1,"15.1.3",-0.112851596215127
"551",2,"y","5",1,"21.6.8",-0.0888560588771309
"552",2,"n","5",1,"25.3.5",-0.134970783014899
"553",1,"y","5",50,"18.1.7",1.3354189065104
"554",1,"y","5",50,"18.6.1",1.11833969143931
"555",1,"y","5",50,"19.5.7",0.530772625840264
"556",1,"n","5",50,"25.3.6",-0.100210268196517
"557",1,"n","5",50,"27.5.9",-0.162139330244357
"558",1,"n","5",50,"28.6.10",-0.0591613441187879
"559",2,"y","5",50,"2.2.6",1.52840692110979
"560",2,"n","5",50,"5.5.10",-0.0845922438510667
"561",2,"y","5",50,"10.1.8",1.14555488746055
"562",2,"y","5",50,"19.6.3",1.3431467825215
"563",2,"n","5",50,"22.4.8",-0.091661398469756
"564",2,"n","5",50,"25.2.7",-0.118656581339692
"565",1,"y","5",0,"7.2.4",-0.192189657376521
"566",1,"n","5",0,"7.5.8",-0.133739291869666
"567",1,"y","5",0,"12.5.9",-0.199658656935177
"568",1,"n","5",0,"25.3.2",-0.0943707977414368
"569",1,"n","5",0,"27.5.8",-0.143869199115165
"570",1,"y","5",0,"29.6.3",0.0388662389618549
"571",2,"y","5",0,"7.6.8",-0.0973939324726752
"572",2,"n","5",0,"8.5.7",-0.08914624265401
"573",2,"n","5",0,"10.5.5",-0.133840681089556
"574",2,"y","5",0,"14.5.9",-0.276887835848964
"575",2,"y","5",0,"22.5.8",-0.275505338725513
"576",2,"n","5",0,"32.2.5",-0.067190443929065
"577",1,"n","5",25,"3.5.5",-0.12543743121343
"578",1,"y","5",25,"7.2.6",1.23820836657316
"579",1,"n","5",25,"20.6.6",-0.179942782332936
"580",1,"y","5",25,"29.6.4",0.464750963212113
"581",1,"n","5",25,"30.2.4",-0.0868454599120973
"582",1,"y","5",25,"30.4.2",0.478599386186311
"583",2,"y","5",25,"1.5.5",0.979689175638964
"584",2,"n","5",25,"20.4.5",-0.0989363496465064
"585",2,"n","5",25,"23.5.3",-0.119455412995096
"586",2,"y","5",25,"27.1.7",0.475128379512736
"587",2,"n","5",25,"27.3.3",-0.111117670457564
"588",2,"y","5",25,"28.6.4",0.995760560483745
"589",1,"n","5",10,"1.4.5",-0.0230977532165374
"590",1,"n","5",10,"3.2.3",-0.133670504541369
"591",1,"n","5",10,"14.1.8",-0.233880233071427
"592",1,"y","5",10,"21.4.8",0.454707038642576
"593",1,"y","5",10,"26.4.7",0.132241555044391
"594",1,"y","5",10,"29.3.9",0.299345727897456
"595",2,"n","5",10,"2.4.10",0.0482968650169213
"596",2,"n","5",10,"4.1.10",-0.099592609962269
"597",2,"n","5",10,"13.5.6",-0.104569421853617
"598",2,"y","5",10,"14.6.7",0.389546417111451
"599",2,"y","5",10,"18.6.6",0.22187063410865
"600",2,"y","5",10,"24.2.4",-0.202790153902708
"601",1,"y","5",1000,"2.3.3",1.75191194603369
"602",1,"n","5",1000,"3.5.8",-0.152437045390075
"603",1,"y","5",1000,"3.6.1",1.68544061550271
"604",1,"y","5",1000,"6.2.9",1.91326778711729
"605",1,"n","5",1000,"8.6.5",-0.13297346756743
"606",1,"n","5",1000,"30.3.4",-0.149172022383567
"607",2,"n","5",1000,"3.5.5",-0.0501781406860107
"608",2,"y","5",1000,"14.4.4",0.596415981813095
"609",2,"n","5",1000,"21.2.8",-0.102978439165015
"610",2,"y","5",1000,"21.4.9",1.5739499462022
"611",2,"n","5",1000,"22.4.2",-0.076022278853504
"612",2,"y","5",1000,"30.1.5",1.77860727574035
"613",1,"n","5",100,"4.4.2",-0.203303188761308
"614",1,"n","5",100,"17.2.6",-0.116269712205086
"615",1,"y","5",100,"21.3.9",1.36081232252293
"616",1,"n","5",100,"21.4.3",-0.220791448927126
"617",1,"y","5",100,"28.1.3",0.68618298608387
"618",1,"y","5",100,"28.1.6",1.01823021599003
"619",2,"n","5",100,"10.5.10",-0.0925978981431971
"620",2,"y","5",100,"14.4.8",1.80680867189578
"621",2,"n","5",100,"15.5.9",-0.087785098097302
"622",2,"y","5",100,"18.1.7",1.64457884476197
"623",2,"n","5",100,"31.6.10",-0.061700212307012
"624",2,"y","5",100,"32.4.7",1.59465651384073
"625",1,"y","5",5,"6.4.7",0.378418133261593
"626",1,"y","5",5,"12.2.4",-0.154407313428959
"627",1,"y","5",5,"18.5.6",0.234064280502542
"628",1,"n","5",5,"22.5.9",-0.214768908908538
"629",1,"n","5",5,"23.2.10",-0.107801925001499
"630",1,"n","5",5,"30.4.3",-0.167773365548265
"631",2,"n","5",5,"3.6.5",-0.117811165809124
"632",2,"y","5",5,"17.5.6",-0.0345591527913545
"633",2,"y","5",5,"20.4.9",-0.117083187263197
"634",2,"y","5",5,"23.1.10",0.0845100888796663
"635",2,"n","5",5,"23.2.8",-0.085533856071695
"636",2,"n","5",5,"28.5.8",-0.101602901833317
"637",1,"y","5",400,"5.3.8",2.04511130126351
"638",1,"n","5",400,"10.3.2",-0.151317110972724
"639",1,"y","5",400,"14.4.3",0.848833869129199
"640",1,"y","5",400,"16.3.5",1.17234817524504
"641",1,"n","5",400,"20.2.5",-0.193367526351943
"642",1,"n","5",400,"25.5.1",-0.174898535493311
"643",2,"y","5",400,"13.2.6",1.83809949536278
"644",2,"y","5",400,"22.5.4",1.64097104355356
"645",2,"y","5",400,"23.2.7",1.62648068783315
"646",2,"n","5",400,"27.4.3",-0.0990466170802997
"647",2,"n","5",400,"28.2.3",-0.196082384283891
"648",2,"n","5",400,"28.3.8",-0.167225762886449
"649",1,"n","5",700,"6.1.4",-0.158680337569108
"650",1,"n","5",700,"22.2.6",-0.200543101941635
"651",1,"y","5",700,"26.4.5",1.2841661041113
"652",1,"n","5",700,"29.4.9",-0.146385616515377
"653",1,"y","5",700,"29.5.9",1.26587170049104
"654",1,"y","5",700,"30.5.1",0.98246283478251
"655",2,"n","5",700,"3.2.10",-0.106925793787422
"656",2,"y","5",700,"8.6.10",0.332163887832268
"657",2,"y","5",700,"16.4.8",1.38985107788713
"658",2,"n","5",700,"21.1.3",-0.168328434102738
"659",2,"n","5",700,"29.6.10",-0.164277621088576
"660",2,"y","5",700,"32.5.2",1.60162041455636
"661",1,"n","6",1,"6.6.1",-0.183921139007867
"662",1,"y","6",1,"7.1.10",-0.0797285483331557
"663",1,"n","6",1,"7.5.10",-0.188353527246098
"664",1,"y","6",1,"13.6.2",-0.273548416818822
"665",1,"y","6",1,"18.6.4",-0.18475570286281
"666",1,"n","6",1,"24.4.9",-0.150243123694865
"667",2,"n","6",1,"10.4.6",0.237194509199271
"668",2,"y","6",1,"24.1.9",-0.22015983784349
"669",2,"n","6",1,"25.1.4",-0.112914949257075
"670",2,"n","6",1,"27.3.4",-0.0798412557879591
"671",2,"y","6",1,"29.6.8",0.293357365550079
"672",2,"y","6",1,"31.1.7",-0.119080866800158
"673",1,"n","6",50,"9.6.6",-0.082001281741865
"674",1,"n","6",50,"11.3.3",-0.220850501497577
"675",1,"n","6",50,"19.5.5",-0.23989791951017
"676",1,"y","6",50,"28.3.7",0.599305260612222
"677",1,"y","6",50,"29.5.3",0.721655302390077
"678",1,"y","6",50,"31.4.1",0.817142220537448
"679",2,"y","6",50,"9.3.4",1.64094113075901
"680",2,"n","6",50,"10.6.3",-0.187940556331584
"681",2,"n","6",50,"14.2.9",-0.0606988141358613
"682",2,"y","6",50,"30.1.3",1.59581419121373
"683",2,"y","6",50,"30.4.9",1.61940113289754
"684",2,"n","6",50,"32.3.2",-0.0954215689186762
"685",1,"n","6",0,"6.5.9",-0.123478568477421
"686",1,"y","6",0,"8.4.1",0.432485265258172
"687",1,"y","6",0,"9.6.4",-0.262046392846236
"688",1,"n","6",0,"23.6.9",-0.200603080580464
"689",1,"y","6",0,"25.1.8",-0.16526859659756
"690",1,"n","6",0,"26.2.3",-0.111603205279365
"691",2,"y","6",0,"3.5.10",-0.186588326345685
"692",2,"n","6",0,"3.6.1",-0.159379083787159
"693",2,"y","6",0,"8.3.9",-0.141293394378768
"694",2,"n","6",0,"19.5.2",-0.103671929893483
"695",2,"y","6",0,"21.4.5",-0.168385008244939
"696",2,"n","6",0,"26.3.10",-0.124687383106574
"697",1,"n","6",25,"3.6.7",-0.13144947006052
"698",1,"y","6",25,"5.6.7",1.53383732140996
"699",1,"n","6",25,"7.3.8",0.0993444173637371
"700",1,"y","6",25,"18.3.5",0.724061637509274
"701",1,"n","6",25,"18.6.3",-0.170384545245043
"702",1,"y","6",25,"24.4.5",0.35398576046326
"703",2,"y","6",25,"9.6.8",1.0809273975263
"704",2,"n","6",25,"14.3.3",-0.0731308575452513
"705",2,"y","6",25,"21.1.4",0.576642302047802
"706",2,"n","6",25,"21.2.2",-0.0983429783796481
"707",2,"n","6",25,"29.1.1",-0.187832956726354
"708",2,"y","6",25,"30.3.1",1.31071852345536
"709",1,"n","6",10,"3.5.7",-0.149508478162536
"710",1,"n","6",10,"9.4.5",0.186223394937127
"711",1,"y","6",10,"13.1.7",0.585557590991839
"712",1,"y","6",10,"23.5.7",0.341506361845855
"713",1,"y","6",10,"24.1.9",0.229225444907162
"714",1,"n","6",10,"28.2.9",-0.12273755990625
"715",2,"n","6",10,"6.4.6",-0.12019907940465
"716",2,"n","6",10,"10.1.2",-0.0638375190355799
"717",2,"y","6",10,"14.2.1",0.605004335042757
"718",2,"n","6",10,"14.6.1",-0.110660210767799
"719",2,"y","6",10,"14.6.9",0.563112547027522
"720",2,"y","6",10,"26.5.1",0.211926866135078
"721",1,"y","6",1000,"4.3.2",1.55122208942974
"722",1,"y","6",1000,"5.6.5",1.73266934306492
"723",1,"n","6",1000,"18.1.9",-0.302083383321067
"724",1,"y","6",1000,"18.6.10",1.69584933175043
"725",1,"n","6",1000,"22.6.6",-0.267424911307376
"726",1,"n","6",1000,"25.1.10",-0.0913920501974537
"727",2,"n","6",1000,"2.4.1",-0.109754310755633
"728",2,"y","6",1000,"6.1.2",1.87595926615596
"729",2,"n","6",1000,"9.1.10",-0.0584094350602526
"730",2,"y","6",1000,"14.5.2",0.743242232921917
"731",2,"n","6",1000,"23.5.5",0.615721304426452
"732",2,"y","6",1000,"24.1.1",1.41472058839947
"733",1,"n","6",100,"4.2.4",-0.0960653893435339
"734",1,"y","6",100,"9.2.1",1.32041695961042
"735",1,"n","6",100,"12.3.7",-0.114437421207326
"736",1,"y","6",100,"12.4.8",1.02214532055455
"737",1,"n","6",100,"17.3.9",-0.082466676601109
"738",1,"y","6",100,"27.2.6",0.95783725173976
"739",2,"y","6",100,"2.2.10",1.66132757571829
"740",2,"n","6",100,"7.3.8",-0.108306156440129
"741",2,"n","6",100,"12.2.10",-0.0731979308595049
"742",2,"n","6",100,"13.3.4",-0.0525930672542425
"743",2,"y","6",100,"17.2.1",1.43550867716571
"744",2,"y","6",100,"28.2.5",1.6796534863001
"745",1,"n","6",5,"3.3.9",-0.122928933257285
"746",1,"y","6",5,"4.2.10",0.621651408403549
"747",1,"y","6",5,"9.1.10",0.240534559585741
"748",1,"n","6",5,"13.2.10",-0.17425819663211
"749",1,"y","6",5,"27.6.7",0.158613097671717
"750",1,"n","6",5,"30.2.5",-0.178336025444069
"751",2,"y","6",5,"11.5.2",0.419068632884581
"752",2,"n","6",5,"12.4.9",-0.102943434243036
"753",2,"n","6",5,"13.6.10",-0.136636829241219
"754",2,"y","6",5,"20.4.3",-0.151433730735307
"755",2,"y","6",5,"27.3.2",-0.106006304528914
"756",2,"n","6",5,"30.4.3",-0.134224913724315
"757",1,"n","6",400,"11.5.6",-0.247123931581853
"758",1,"y","6",400,"12.3.5",1.35378342446221
"759",1,"y","6",400,"17.4.10",0.506561595468403
"760",1,"n","6",400,"18.1.3",-0.259423107180142
"761",1,"y","6",400,"26.1.8",1.27526683793839
"762",1,"n","6",400,"31.3.10",-0.170779111890507
"763",2,"y","6",400,"5.2.8",1.74860471517714
"764",2,"n","6",400,"5.6.3",-0.0832580226194023
"765",2,"n","6",400,"15.4.5",-0.124013267887839
"766",2,"y","6",400,"19.5.3",1.4263773852444
"767",2,"n","6",400,"21.4.10",-0.128158813242749
"768",2,"y","6",400,"29.2.8",1.80843102650106
"769",1,"y","6",700,"5.5.2",1.53156869272377
"770",1,"n","6",700,"11.4.9",0.999882540416238
"771",1,"n","6",700,"13.4.5",-0.133814151579219
"772",1,"y","6",700,"17.4.2",0.526975168684028
"773",1,"n","6",700,"28.4.10",-0.118277458762604
"774",1,"y","6",700,"32.2.9",1.33289198352479
"775",2,"n","6",700,"11.1.3",-0.039097239936979
"776",2,"y","6",700,"12.5.4",0.438898659704901
"777",2,"y","6",700,"15.5.10",0.433597275075719
"778",2,"n","6",700,"16.5.1",-0.089165893457791
"779",2,"y","6",700,"17.4.8",1.31494644827464
"780",2,"n","6",700,"31.5.7",-0.146773532331123
"781",1,"y","7",1,"6.4.10",-0.212762116435741
"782",1,"n","7",1,"8.5.8",-0.061522966005047
"783",1,"y","7",1,"15.5.1",-0.222220061551433
"784",1,"n","7",1,"22.2.2",-0.160274844697437
"785",1,"n","7",1,"27.2.8",-0.152686768759181
"786",1,"y","7",1,"27.6.8",-0.136482051424569
"787",2,"y","7",1,"3.5.2",-0.119833760433445
"788",2,"n","7",1,"4.5.9",-0.10113197764081
"789",2,"y","7",1,"5.5.5",-0.217372750053981
"790",2,"n","7",1,"7.3.4",0.303504643794049
"791",2,"y","7",1,"13.5.2",-0.314264045116785
"792",2,"n","7",1,"26.5.4",-0.142578395532383
"793",1,"n","7",50,"5.2.5",-0.0646038329651357
"794",1,"y","7",50,"5.5.10",1.38866367447081
"795",1,"n","7",50,"8.2.7",-0.0563779653037681
"796",1,"y","7",50,"9.3.8",0.982370484629657
"797",1,"y","7",50,"23.5.6",1.08902242033728
"798",1,"n","7",50,"32.1.1",-0.226113087703422
"799",2,"y","7",50,"6.2.9",1.32890774073346
"800",2,"y","7",50,"11.1.2",1.26828746848323
"801",2,"n","7",50,"26.1.4",-0.0504865065560297
"802",2,"y","7",50,"26.3.5",1.53644357196577
"803",2,"n","7",50,"27.5.1",-0.115851052708097
"804",2,"n","7",50,"29.4.1",-0.115820031344909
"805",1,"y","7",0,"8.3.1",0.144757822976337
"806",1,"n","7",0,"10.6.7",-0.155897040886948
"807",1,"y","7",0,"13.3.2",-0.24563111971438
"808",1,"n","7",0,"17.5.4",-0.16679874774787
"809",1,"n","7",0,"19.4.5",-0.172679874549883
"810",1,"y","7",0,"28.2.3",-0.104708311484066
"811",2,"y","7",0,"4.4.9",-0.106431695999903
"812",2,"n","7",0,"13.3.5",-0.0817018996156658
"813",2,"y","7",0,"18.4.2",-0.277727415831194
"814",2,"y","7",0,"25.5.10",-0.265113528908413
"815",2,"n","7",0,"26.4.3",-0.10246319129155
"816",2,"n","7",0,"29.1.5",-0.11818556898351
"817",1,"y","7",25,"1.3.8",1.11570521215026
"818",1,"n","7",25,"8.3.10",-0.156952345192387
"819",1,"y","7",25,"9.1.4",0.993531084892175
"820",1,"n","7",25,"17.5.9",-0.122169328652757
"821",1,"y","7",25,"22.1.8",0.51840632303334
"822",1,"n","7",25,"24.3.3",-0.0928830398007045
"823",2,"y","7",25,"5.6.8",0.68783802666895
"824",2,"n","7",25,"9.1.7",-0.0369758109137188
"825",2,"y","7",25,"20.1.2",0.573777960110508
"826",2,"n","7",25,"23.4.10",-0.116196517725248
"827",2,"y","7",25,"25.5.2",0.554150149908379
"828",2,"n","7",25,"31.2.7",-0.164857912029453
"829",1,"y","7",10,"9.1.8",0.463782923222228
"830",1,"y","7",10,"15.6.8",0.40285724257093
"831",1,"y","7",10,"16.2.1",0.459688698419756
"832",1,"n","7",10,"26.4.9",-0.150011112730817
"833",1,"n","7",10,"29.4.4",-0.152017591107987
"834",1,"n","7",10,"30.2.9",-0.117856908227657
"835",2,"y","7",10,"6.5.10",0.479830042474627
"836",2,"y","7",10,"10.1.9",-0.280655017631985
"837",2,"n","7",10,"16.5.2",-0.13402023827579
"838",2,"n","7",10,"19.4.7",-0.0372772451899397
"839",2,"n","7",10,"24.6.4",-0.123693635739731
"840",2,"y","7",10,"30.2.1",0.55279438921077
"841",1,"y","7",1000,"6.3.7",1.91090632519356
"842",1,"n","7",1000,"11.2.1",-0.190273975524917
"843",1,"y","7",1000,"16.2.7",0.586743314519939
"844",1,"n","7",1000,"21.3.6",-0.276512282324644
"845",1,"y","7",1000,"31.5.5",0.65961036387328
"846",1,"n","7",1000,"32.5.8",-0.125877217092756
"847",2,"y","7",1000,"6.4.5",0.483417366464925
"848",2,"y","7",1000,"8.2.6",0.681271320148834
"849",2,"n","7",1000,"8.3.2",-0.0713681842579236
"850",2,"y","7",1000,"11.3.6",0.485398611716071
"851",2,"n","7",1000,"22.1.3",0.2676205344594
"852",2,"n","7",1000,"24.1.5",-0.126049764154545
"853",1,"n","7",100,"12.6.8",-0.207328017729834
"854",1,"n","7",100,"21.5.10",-0.265272484269725
"855",1,"y","7",100,"26.3.4",0.786203373353212
"856",1,"y","7",100,"28.1.10",0.651240933679066
"857",1,"n","7",100,"30.1.8",-0.101217841082655
"858",1,"y","7",100,"31.3.4",-0.135246481066842
"859",2,"n","7",100,"1.1.5",0.0526122434541993
"860",2,"n","7",100,"1.4.7",-0.116328614652151
"861",2,"y","7",100,"4.2.8",1.89039212464043
"862",2,"y","7",100,"11.5.8",0.426738764714128
"863",2,"y","7",100,"29.4.4",1.87104175931413
"864",2,"n","7",100,"31.3.2",-0.174656967582421
"865",1,"n","7",5,"4.3.10",-0.086918913409579
"866",1,"y","7",5,"6.5.5",0.511215435359464
"867",1,"y","7",5,"19.1.2",0.312891543920894
"868",1,"n","7",5,"26.2.1",-0.141477734606241
"869",1,"y","7",5,"28.2.7",-0.170755718827471
"870",1,"n","7",5,"29.1.10",-0.0529503937224179
"871",2,"y","7",5,"1.5.8",-0.177931344008807
"872",2,"n","7",5,"6.3.7",-0.0837299773288484
"873",2,"n","7",5,"9.1.6",-0.0555730669158912
"874",2,"y","7",5,"19.2.10",-0.110558885807392
"875",2,"n","7",5,"24.4.1",-0.149323927709109
"876",2,"y","7",5,"26.1.7",-0.214258091211436
"877",1,"y","7",400,"3.1.2",1.6985277010346
"878",1,"n","7",400,"3.3.1",-0.122649431934598
"879",1,"n","7",400,"17.6.9",-0.0863801370082144
"880",1,"y","7",400,"20.4.8",1.80801472078844
"881",1,"n","7",400,"22.3.9",-0.183965606852788
"882",1,"y","7",400,"26.5.5",1.29757990610947
"883",2,"y","7",400,"14.2.2",0.240859158762025
"884",2,"n","7",400,"15.1.9",-0.106474195770644
"885",2,"y","7",400,"21.6.7",1.6647325072039
"886",2,"n","7",400,"27.4.6",-0.125460559115971
"887",2,"n","7",400,"31.6.1",-0.116461140087886
"888",2,"y","7",400,"32.2.8",1.67593725628754
"889",1,"y","7",700,"2.5.2",1.47904885438609
"890",1,"y","7",700,"7.5.6",1.09070445538356
"891",1,"n","7",700,"8.1.1",-0.122403294008179
"892",1,"y","7",700,"16.1.4",1.24099924382189
"893",1,"n","7",700,"20.5.6",-0.32399324669504
"894",1,"n","7",700,"27.6.3",-0.0958420963247657
"895",2,"y","7",700,"4.3.4",0.610758172975593
"896",2,"n","7",700,"5.4.3",0.0328085922991287
"897",2,"n","7",700,"6.4.8",0.0555512623169261
"898",2,"y","7",700,"16.3.5",1.52543458816575
"899",2,"y","7",700,"18.4.1",1.56169605223003
"900",2,"n","7",700,"27.2.8",-0.111425939792317
"901",1,"n","8",1,"4.5.4",-0.0710236566611372
"902",1,"y","8",1,"7.3.6",0.397074527816078
"903",1,"y","8",1,"14.3.7",-0.0974564138367716
"904",1,"y","8",1,"16.5.2",-0.162023186110611
"905",1,"n","8",1,"20.4.6",-0.309691207115789
"906",1,"n","8",1,"25.5.8",-0.160003159844723
"907",2,"n","8",1,"3.1.1",-0.0406170606835892
"908",2,"n","8",1,"5.2.4",-0.111577989406229
"909",2,"y","8",1,"6.3.3",-0.143814747182978
"910",2,"n","8",1,"18.3.7",-0.0696857564079364
"911",2,"y","8",1,"24.4.3",-0.27494920392018
"912",2,"y","8",1,"29.3.6",-0.185556118790646
"913",1,"y","8",50,"2.5.6",1.10462590446192
"914",1,"n","8",50,"4.4.8",-0.149240544750511
"915",1,"n","8",50,"15.4.10",-0.181843066372467
"916",1,"y","8",50,"25.6.4",0.857719284090355
"917",1,"n","8",50,"31.5.4",-0.158689451794338
"918",1,"y","8",50,"32.3.3",0.800263020922994
"919",2,"n","8",50,"8.4.3",-0.07377238875427
"920",2,"y","8",50,"12.1.6",1.42840127468744
"921",2,"n","8",50,"15.6.1",-0.120670747106525
"922",2,"y","8",50,"20.1.10",1.43229067954493
"923",2,"n","8",50,"21.5.2",-0.0764934872369478
"924",2,"y","8",50,"28.1.1",1.47030485754265
"925",1,"n","8",0,"2.6.4",-0.14245512984456
"926",1,"n","8",0,"4.3.8",-0.209672682015014
"927",1,"y","8",0,"6.5.8",-0.156582414668775
"928",1,"n","8",0,"14.4.7",-0.0821175283760196
"929",1,"y","8",0,"24.5.9",-0.135518957847342
"930",1,"y","8",0,"26.3.7",0.563543670676897
"931",2,"n","8",0,"4.6.9",0.0428742147582546
"932",2,"y","8",0,"6.3.9",-0.224954378554266
"933",2,"n","8",0,"8.2.3",-0.0271964548540427
"934",2,"y","8",0,"19.4.4",-0.303459859988868
"935",2,"n","8",0,"20.5.10",-0.143412780378779
"936",2,"y","8",0,"28.4.9",-0.121544049539669
"937",1,"n","8",25,"5.6.3",-0.137863246990162
"938",1,"y","8",25,"6.4.1",1.22008348344292
"939",1,"y","8",25,"15.1.6",0.666545726481663
"940",1,"n","8",25,"17.4.3",-0.158042830669906
"941",1,"n","8",25,"19.6.9",-0.188882580684392
"942",1,"y","8",25,"28.6.4",0.464946196741389
"943",2,"n","8",25,"7.6.5",-0.0926019895634724
"944",2,"y","8",25,"11.4.2",0.854440434300643
"945",2,"n","8",25,"18.3.10",-0.109147972837175
"946",2,"y","8",25,"26.4.7",1.21173878112387
"947",2,"y","8",25,"26.6.6",0.650314833095475
"948",2,"n","8",25,"30.5.2",-0.120840937060736
"949",1,"n","8",10,"2.1.1",-0.196034032645022
"950",1,"y","8",10,"11.2.7",0.684409638556722
"951",1,"n","8",10,"11.5.10",0.286440427673386
"952",1,"n","8",10,"20.4.10",-0.146631653532547
"953",1,"y","8",10,"24.2.2",0.422782323888345
"954",1,"y","8",10,"28.2.8",0.302962918058063
"955",2,"y","8",10,"1.4.9",0.673559792081284
"956",2,"n","8",10,"15.1.4",-0.147683099729699
"957",2,"n","8",10,"16.3.7",-0.183327139111247
"958",2,"y","8",10,"28.2.7",0.365112294195755
"959",2,"n","8",10,"28.6.2",-0.0812444796888301
"960",2,"y","8",10,"30.4.8",0.161697196074741
"961",1,"y","8",1000,"8.5.4",1.62804794387914
"962",1,"y","8",1000,"10.3.10",1.6251212516953
"963",1,"n","8",1000,"11.2.3",-0.17943307659291
"964",1,"n","8",1000,"17.5.6",-0.19853256784431
"965",1,"n","8",1000,"19.2.1",-0.183901402002164
"966",1,"y","8",1000,"24.3.7",1.44556091526106
"967",2,"y","8",1000,"13.3.7",0.417633902648744
"968",2,"n","8",1000,"13.5.9",-0.0634097307324218
"969",2,"n","8",1000,"15.3.8",-0.0993002454589837
"970",2,"n","8",1000,"17.1.2",-0.0620732120274727
"971",2,"y","8",1000,"24.4.4",1.58926605276452
"972",2,"y","8",1000,"26.4.2",1.85986958240506
"973",1,"n","8",100,"11.3.4",-0.120059805564621
"974",1,"y","8",100,"12.5.2",1.12135963852632
"975",1,"n","8",100,"22.4.9",-0.249655008752354
"976",1,"y","8",100,"23.5.5",1.1725123461554
"977",1,"n","8",100,"31.4.3",-0.0850308616268872
"978",1,"y","8",100,"32.6.5",1.0886103200214
"979",2,"y","8",100,"9.5.8",2.00433337230914
"980",2,"n","8",100,"13.6.5",-0.0999936518094432
"981",2,"n","8",100,"16.4.7",-0.0829320937847839
"982",2,"y","8",100,"17.3.5",1.58395152918506
"983",2,"y","8",100,"20.4.4",1.5932554199672
"984",2,"n","8",100,"31.6.8",-0.121743370274475
"985",1,"n","8",5,"2.5.8",-0.0586393840052155
"986",1,"n","8",5,"4.3.5",-0.11914607968052
"987",1,"y","8",5,"12.5.5",0.192973012061793
"988",1,"n","8",5,"13.4.3",-0.170674586221861
"989",1,"y","8",5,"16.5.4",0.254496721160171
"990",1,"y","8",5,"27.5.7",0.349066625457902
"991",2,"y","8",5,"4.4.3",1.03640900375828
"992",2,"n","8",5,"7.2.7",-0.0868049470066548
"993",2,"y","8",5,"9.1.5",0.774491404169113
"994",2,"n","8",5,"21.5.1",-0.1086891097597
"995",2,"y","8",5,"28.1.6",-0.132819639640369
"996",2,"n","8",5,"30.5.10",-0.143208686298416
"997",1,"y","8",400,"4.1.2",1.98518684487106
"998",1,"y","8",400,"8.5.7",1.76302872344839
"999",1,"y","8",400,"11.4.6",1.58677000675592
"1000",1,"n","8",400,"18.1.5",-0.305157767650838
"1001",1,"n","8",400,"23.4.10",-0.137198685928837
"1002",1,"n","8",400,"26.2.9",0.0974390397106326
"1003",2,"y","8",400,"3.4.4",2.15287970412594
"1004",2,"y","8",400,"7.5.9",1.62435622713952
"1005",2,"y","8",400,"18.3.9",1.48213088136969
"1006",2,"n","8",400,"18.6.1",-0.0948543705020256
"1007",2,"n","8",400,"20.2.2",-0.135111494173593
"1008",2,"n","8",400,"28.5.3",-0.14884365831489
"1009",1,"y","8",700,"6.6.10",0.891220992965707
"1010",1,"n","8",700,"13.5.8",-0.156884095042106
"1011",1,"y","8",700,"15.1.8",1.5619312145889
"1012",1,"y","8",700,"16.5.8",0.619896949708118
"1013",1,"n","8",700,"21.2.5",-0.255789144923052
"1014",1,"n","8",700,"21.2.7",-0.216930319505635
"1015",2,"n","8",700,"3.1.7",-0.079014521605629
"1016",2,"y","8",700,"3.4.2",0.787675289809526
"1017",2,"y","8",700,"4.5.6",0.538289728344111
"1018",2,"n","8",700,"10.5.9",-0.167697516453813
"1019",2,"y","8",700,"14.3.9",1.68650025637176
"1020",2,"n","8",700,"14.6.4",-0.0559208913187243
"1021",1,"y","9",1,"13.2.3",-0.218570694415571
"1022",1,"n","9",1,"15.1.10",-0.186668563584362
"1023",1,"n","9",1,"21.2.6",-0.276437068932574
"1024",1,"n","9",1,"24.6.10",-0.179527449932322
"1025",1,"y","9",1,"28.4.3",-0.19668619259232
"1026",1,"y","9",1,"31.2.9",0.0448107656556
"1027",2,"y","9",1,"9.2.10",-0.218970939520565
"1028",2,"n","9",1,"11.6.7",-0.0816048556976442
"1029",2,"n","9",1,"23.4.2",-0.122753569912804
"1030",2,"n","9",1,"27.2.10",-0.153895990133911
"1031",2,"y","9",1,"27.6.1",-0.137439496905562
"1032",2,"y","9",1,"30.6.1",-0.119890896179034
"1033",1,"n","9",50,"6.1.8",-0.097398425513904
"1034",1,"n","9",50,"12.4.7",-0.0783384192024763
"1035",1,"n","9",50,"13.4.10",-0.132249944453078
"1036",1,"y","9",50,"25.1.5",0.84154756377509
"1037",1,"y","9",50,"31.1.10",0.850974478068986
"1038",2,"n","9",50,"4.5.4",-0.0690056304034472
"1039",2,"n","9",50,"7.4.6",-0.109180902123206
"1040",2,"y","9",50,"11.3.7",0.317946250909119
"1041",2,"n","9",50,"25.1.1",-0.111594813860384
"1042",2,"y","9",50,"29.3.5",1.61707189647584
"1043",1,"y","9",0,"3.5.9",-0.12525961464458
"1044",1,"n","9",0,"4.5.1",-0.173992792018898
"1045",1,"n","9",0,"12.4.10",-0.191003882833066
"1046",1,"n","9",0,"14.3.5",-0.273392455879636
"1047",1,"y","9",0,"18.6.7",-0.149248289335819
"1048",1,"y","9",0,"23.1.1",-0.0978689841940398
"1049",2,"y","9",0,"2.2.4",-0.0524383975968079
"1050",2,"n","9",0,"5.1.5",-0.0739000787178297
"1051",2,"y","9",0,"10.2.5",-0.200907879919166
"1052",2,"n","9",0,"10.3.8",-0.138046911371836
"1053",2,"y","9",0,"17.6.1",-0.123783625572286
"1054",2,"n","9",0,"25.3.9",-0.0828639522708456
"1055",1,"n","9",25,"3.4.3",0.160724538331116
"1056",1,"n","9",25,"13.3.3",-0.165286021877161
"1057",1,"n","9",25,"16.6.10",0.335282347323931
"1058",1,"y","9",25,"19.3.7",0.498578106274422
"1059",1,"y","9",25,"23.6.7",0.766062042326684
"1060",1,"y","9",25,"28.4.8",0.543878738907066
"1061",2,"n","9",25,"1.3.1",-0.0778440383029273
"1062",2,"y","9",25,"2.6.1",1.16344279067803
"1063",2,"y","9",25,"2.6.9",1.03450479213405
"1064",2,"n","9",25,"7.4.1",-0.0741778426433147
"1065",2,"n","9",25,"24.1.2",-0.160651615057946
"1066",2,"y","9",25,"30.3.10",1.11149671466986
"1067",1,"y","9",10,"1.5.10",1.06170044650837
"1068",1,"n","9",10,"5.4.7",-0.0665095513447876
"1069",1,"y","9",10,"7.3.10",0.803475814342452
"1070",1,"y","9",10,"15.5.2",0.358278224462355
"1071",1,"n","9",10,"20.6.9",-0.0960413281579109
"1072",1,"n","9",10,"24.2.9",-0.106737290402041
"1073",2,"n","9",10,"1.6.2",-0.093560889269739
"1074",2,"n","9",10,"2.5.8",-0.106228300665922
"1075",2,"n","9",10,"12.2.7",-0.104815090462531
"1076",2,"y","9",10,"18.6.8",0.424274382273774
"1077",2,"y","9",10,"23.4.7",0.306492742326612
"1078",2,"y","9",10,"31.4.9",0.213374013983759
"1079",1,"y","9",1000,"8.1.6",1.66797705573236
"1080",1,"n","9",1000,"9.2.10",-0.0596159726184042
"1081",1,"y","9",1000,"16.3.10",0.478309440555338
"1082",1,"n","9",1000,"23.5.1",-0.249798830260106
"1083",1,"y","9",1000,"24.1.8",1.40258473879794
"1084",1,"n","9",1000,"24.4.4",-0.0634589392766725
"1085",2,"y","9",1000,"3.6.3",2.08630884264805
"1086",2,"y","9",1000,"8.5.6",1.85723736463447
"1087",2,"y","9",1000,"11.3.9",1.82349823246024
"1088",2,"n","9",1000,"13.6.7",-0.119338567235821
"1089",2,"n","9",1000,"25.3.2",-0.138393994741071
"1090",2,"n","9",1000,"28.6.10",-0.14288146050005
"1091",1,"n","9",100,"10.3.7",-0.0551558974024613
"1092",1,"n","9",100,"10.6.8",-0.149403516529184
"1093",1,"n","9",100,"22.3.3",-0.223333540313634
"1094",1,"y","9",100,"25.3.3",0.960423254278108
"1095",1,"y","9",100,"26.1.7",1.05698484898811
"1096",1,"y","9",100,"27.6.6",0.863743074732956
"1097",2,"y","9",100,"5.4.10",1.63695145797394
"1098",2,"y","9",100,"15.2.9",1.73001230968509
"1099",2,"n","9",100,"20.1.7",-0.101467040449419
"1100",2,"y","9",100,"24.4.10",1.71790803439946
"1101",2,"n","9",100,"26.4.9",-0.046819634967167
"1102",2,"n","9",100,"27.6.3",-0.13630445949894
"1103",1,"n","9",5,"5.1.4",-0.139604905389138
"1104",1,"y","9",5,"19.1.8",-0.127023766150446
"1105",1,"y","9",5,"22.5.3",-0.160763135838355
"1106",1,"n","9",5,"27.4.1",-0.0869438760800803
"1107",1,"n","9",5,"29.3.1",-0.139633296798961
"1108",1,"y","9",5,"32.6.1",-0.155540774847695
"1109",2,"y","9",5,"1.2.8",-0.0542136376821303
"1110",2,"n","9",5,"5.5.9",-0.0757622405001984
"1111",2,"n","9",5,"6.2.1",-0.130153329816133
"1112",2,"y","9",5,"10.6.7",-0.200181245520449
"1113",2,"y","9",5,"27.2.1",-0.0995671478311779
"1114",2,"n","9",5,"32.4.4",-0.142642664104087
"1115",1,"n","9",400,"2.2.8",-0.0776144391173601
"1116",1,"n","9",400,"8.2.3",-0.183952630984258
"1117",1,"n","9",400,"11.5.1",-0.0712287692832948
"1118",1,"y","9",400,"22.5.6",1.53349197782895
"1119",1,"y","9",400,"24.2.10",1.3635666976469
"1120",1,"y","9",400,"25.2.8",1.34543270740474
"1121",2,"y","9",400,"1.4.4",1.56807007212742
"1122",2,"n","9",400,"6.3.6",-0.0838197046307619
"1123",2,"n","9",400,"6.4.4",-0.123014397433033
"1124",2,"n","9",400,"18.6.9",-0.196489757844826
"1125",2,"y","9",400,"20.2.4",1.57992053363222
"1126",2,"y","9",400,"21.3.5",1.43497675730971
"1127",1,"n","9",700,"7.1.3",-0.105348607408157
"1128",1,"n","9",700,"12.3.8",-0.0987514183983337
"1129",1,"y","9",700,"28.4.7",1.09499883569695
"1130",1,"y","9",700,"28.6.3",1.19795532841088
"1131",1,"y","9",700,"31.1.2",1.11465463167808
"1132",1,"n","9",700,"32.1.7",-0.118735890818991
"1133",2,"n","9",700,"3.5.9",-0.0116082657572884
"1134",2,"y","9",700,"10.1.10",1.82320518930871
"1135",2,"y","9",700,"14.1.5",1.81589942932901
"1136",2,"y","9",700,"25.3.4",1.92392011468419
"1137",2,"n","9",700,"32.5.6",-0.126031196816337
"1138",2,"n","9",700,"32.6.1",-0.221880673491698
"1139",1,"y","10",1,"1.6.5",-0.0868920439516285
"1140",1,"n","10",1,"3.2.1",-0.0833111535989926
"1141",1,"y","10",1,"14.1.5",-0.222543511456594
"1142",1,"n","10",1,"18.2.5",-0.0931099203757376
"1143",1,"y","10",1,"28.1.1",0.057825937566532
"1144",1,"n","10",1,"31.4.10",-0.257655818052197
"1145",2,"y","10",1,"7.3.7",-0.185225507846222
"1146",2,"n","10",1,"8.6.4",-0.0827678452075858
"1147",2,"n","10",1,"12.6.10",-0.128526614126553
"1148",2,"n","10",1,"14.4.2",0.0572978183036657
"1149",2,"y","10",1,"17.2.4",-0.118961007791943
"1150",2,"y","10",1,"28.5.9",-0.122845135482275
"1151",1,"n","10",50,"6.3.10",-0.168369153928554
"1152",1,"n","10",50,"7.5.4",-0.175953541443118
"1153",1,"y","10",50,"7.5.7",1.36173777696734
"1154",1,"y","10",50,"9.6.10",1.10927346523813
"1155",1,"y","10",50,"28.1.5",0.734768531217041
"1156",1,"n","10",50,"28.3.8",-0.104979805849978
"1157",2,"y","10",50,"16.6.6",1.28360226215729
"1158",2,"n","10",50,"17.4.1",-0.0825071680623687
"1159",2,"y","10",50,"19.6.9",1.53725102009658
"1160",2,"n","10",50,"23.3.7",-0.169222392513814
"1161",2,"n","10",50,"24.1.3",-0.127658012832269
"1162",2,"y","10",50,"29.6.7",1.5973414052364
"1163",1,"n","10",0,"3.4.2",-0.251201825908685
"1164",1,"y","10",0,"9.2.9",-0.146688462101306
"1165",1,"y","10",0,"27.5.2",-0.0887001518392774
"1166",1,"n","10",0,"28.5.6",-0.1127099738469
"1167",1,"n","10",0,"29.2.4",-0.147712240291465
"1168",1,"y","10",0,"31.1.4",0.175428694504231
"1169",2,"y","10",0,"7.2.8",0.0185923202336787
"1170",2,"y","10",0,"8.6.2",-0.127463465721255
"1171",2,"n","10",0,"11.4.7",-0.0640146946109571
"1172",2,"y","10",0,"26.1.2",0.0224973428544492
"1173",2,"n","10",0,"29.5.6",-0.11164464721642
"1174",2,"n","10",0,"32.6.7",-0.127456414668161
"1175",1,"y","10",25,"4.3.7",1.50997888618414
"1176",1,"y","10",25,"4.6.7",1.43111279811479
"1177",1,"n","10",25,"6.6.6",-0.118684652528759
"1178",1,"n","10",25,"8.2.4",-0.0916745778385359
"1179",1,"n","10",25,"13.6.3",-0.195203912556781
"1180",1,"y","10",25,"21.2.8",0.566644456374163
"1181",2,"n","10",25,"2.3.10",-0.0841802446143317
"1182",2,"y","10",25,"3.1.9",1.05326252946476
"1183",2,"n","10",25,"16.4.3",-0.0225023996908668
"1184",2,"y","10",25,"21.5.4",0.567216910951986
"1185",2,"n","10",25,"23.2.9",-0.11736754786267
"1186",2,"y","10",25,"27.3.7",0.753076991298729
"1187",1,"n","10",10,"5.6.10",-0.227471857892658
"1188",1,"y","10",10,"6.3.4",0.700074800761254
"1189",1,"n","10",10,"15.4.3",-0.102681299422088
"1190",1,"n","10",10,"17.5.5",-0.134465327663573
"1191",1,"y","10",10,"24.6.9",0.408009577519118
"1192",1,"y","10",10,"32.5.5",0.280746950068794
"1193",2,"n","10",10,"2.6.10",-0.0266286540595571
"1194",2,"n","10",10,"13.2.4",-0.106406841148221
"1195",2,"y","10",10,"18.6.3",-0.137701359925609
"1196",2,"n","10",10,"21.1.10",-0.137005887703223
"1197",2,"y","10",10,"21.6.9",0.0024932914486792
"1198",2,"y","10",10,"31.4.7",0.305907293375978
"1199",1,"y","10",1000,"1.3.6",1.67954986728013
"1200",1,"n","10",1000,"2.2.10",-0.190549766181756
"1201",1,"n","10",1000,"9.5.4",-0.122533760320316
"1202",1,"y","10",1000,"11.2.6",1.28327042942288
"1203",1,"n","10",1000,"19.6.8",-0.180196693415273
"1204",1,"y","10",1000,"30.3.8",1.28998935069466
"1205",2,"n","10",1000,"4.2.10",-0.0530386465492563
"1206",2,"y","10",1000,"7.1.7",1.98989966247635
"1207",2,"y","10",1000,"21.3.2",1.50051703904277
"1208",2,"n","10",1000,"24.1.8",1.16587494672862
"1209",2,"n","10",1000,"27.2.3",-0.172337389664304
"1210",2,"y","10",1000,"28.1.10",1.67596079827914
"1211",1,"y","10",100,"4.6.1",1.76836889579312
"1212",1,"y","10",100,"9.3.9",1.11489322024167
"1213",1,"n","10",100,"12.2.1",-0.183741581423349
"1214",1,"n","10",100,"21.5.8",-0.227800285096685
"1215",1,"n","10",100,"26.4.10",-0.174843948446888
"1216",1,"y","10",100,"32.4.6",1.00787459385493
"1217",2,"n","10",100,"15.4.4",-0.099788139251688
"1218",2,"n","10",100,"15.4.6",-0.0925420969249535
"1219",2,"n","10",100,"24.3.6",-0.151050191880384
"1220",2,"y","10",100,"29.2.5",1.83142538837694
"1221",2,"y","10",100,"29.5.9",1.95607919464758
"1222",2,"y","10",100,"31.4.4",1.76650820619962
"1223",1,"n","10",5,"1.6.6",0.128670153547519
"1224",1,"y","10",5,"2.3.8",0.928342616707954
"1225",1,"y","10",5,"14.2.3",0.407864989265485
"1226",1,"n","10",5,"20.5.2",-0.204490119031683
"1227",1,"n","10",5,"20.6.10",-0.194538469173522
"1228",1,"y","10",5,"27.4.10",-0.126902155411787
"1229",2,"n","10",5,"18.3.3",-0.0911692827561487
"1230",2,"y","10",5,"19.3.7",-0.163243164978746
"1231",2,"y","10",5,"23.4.5",0.260501311768186
"1232",2,"y","10",5,"24.5.8",-0.204474180207685
"1233",2,"n","10",5,"25.4.8",-0.0665425823206771
"1234",2,"n","10",5,"27.4.7",-0.181703397706672
"1235",1,"y","10",400,"15.2.10",0.75609879313897
"1236",1,"y","10",400,"15.3.10",0.591449207447221
"1237",1,"n","10",400,"24.4.6",-0.107213940318431
"1238",1,"y","10",400,"25.2.7",1.54771010900016
"1239",1,"n","10",400,"29.3.2",-0.156141744863837
"1240",1,"n","10",400,"32.1.2",-0.00918674076839533
"1241",2,"n","10",400,"9.4.6",-0.0890802417073199
"1242",2,"y","10",400,"16.1.3",0.646397285201281
"1243",2,"y","10",400,"24.5.6",1.52088831030339
"1244",2,"y","10",400,"25.4.5",2.01161908899082
"1245",2,"n","10",400,"27.2.4",-0.139449048536438
"1246",2,"n","10",400,"28.4.3",-0.138414877577528
"1247",1,"n","10",700,"3.2.2",-0.14056618983888
"1248",1,"n","10",700,"6.5.10",-0.10406938819675
"1249",1,"y","10",700,"21.6.7",1.64556322433861
"1250",1,"n","10",700,"27.4.6",-0.157438253649735
"1251",1,"y","10",700,"29.6.7",0.967940254601058
"1252",1,"y","10",700,"32.4.7",1.43593150533001
"1253",2,"y","10",700,"3.4.9",1.93029209179631
"1254",2,"n","10",700,"4.3.7",-0.0507478789234376
"1255",2,"y","10",700,"5.5.3",1.78595754358298
"1256",2,"n","10",700,"15.3.7",-0.104934314256447
"1257",2,"y","10",700,"22.6.8",1.51435038681824
"1258",2,"n","10",700,"23.2.6",-0.123239633037118
"1259",1,"n","11",1,"9.2.7",-0.165054610884272
"1260",1,"n","11",1,"10.2.5",-0.165563690522325
"1261",1,"y","11",1,"14.3.2",-0.189246846103939
"1262",1,"y","11",1,"23.4.7",-0.232285309862776
"1263",1,"y","11",1,"26.3.5",-0.191130853569734
"1264",1,"n","11",1,"31.6.3",-0.100807555148894
"1265",2,"y","11",1,"15.1.8",-0.283615275807909
"1266",2,"y","11",1,"17.3.9",-0.310401960637625
"1267",2,"n","11",1,"24.5.4",-0.156616598844863
"1268",2,"n","11",1,"26.6.7",-0.143260788205807
"1269",2,"y","11",1,"27.6.5",-0.199471479621927
"1270",2,"n","11",1,"30.2.9",-0.149187830765942
"1271",1,"n","11",50,"10.2.4",-0.119117132143112
"1272",1,"n","11",50,"14.2.1",-0.194912900605664
"1273",1,"y","11",50,"17.5.8",0.540073491454343
"1274",1,"n","11",50,"22.3.10",-0.265902610533433
"1275",1,"y","11",50,"23.6.6",0.312518013209113
"1276",1,"y","11",50,"24.2.4",0.305148686510712
"1277",2,"y","11",50,"10.6.6",1.00614600737247
"1278",2,"y","11",50,"14.3.8",1.1529059032759
"1279",2,"n","11",50,"19.3.3",-0.127177877800306
"1280",2,"n","11",50,"23.5.8",-0.0535569256221891
"1281",2,"n","11",50,"24.3.7",-0.143156676213307
"1282",2,"y","11",50,"25.4.1",0.670495232019066
"1283",1,"n","11",0,"3.3.6",-0.0642220027363669
"1284",1,"y","11",0,"16.4.7",0.413691014203253
"1285",1,"n","11",0,"20.1.10",-0.171687745025101
"1286",1,"y","11",0,"24.3.9",-0.165832699693839
"1287",1,"y","11",0,"29.4.3",-0.206510126984482
"1288",1,"n","11",0,"32.4.3",-0.105579060710264
"1289",2,"n","11",0,"5.2.2",-0.123529380905079
"1290",2,"y","11",0,"10.5.2",-0.235058979322122
"1291",2,"y","11",0,"17.1.4",-0.20233121725017
"1292",2,"n","11",0,"18.1.4",-0.135104729140874
"1293",2,"y","11",0,"24.5.7",-0.221435870894814
"1294",2,"n","11",0,"27.1.8",-0.106627280016931
"1295",1,"y","11",25,"1.1.10",0.235188409829216
"1296",1,"n","11",25,"3.6.6",-0.0640880941969477
"1297",1,"n","11",25,"9.5.9",-0.166544625131028
"1298",1,"y","11",25,"11.1.2",0.891014784723547
"1299",1,"n","11",25,"19.3.2",-0.265115308660632
"1300",1,"y","11",25,"32.3.5",0.331101188047933
"1301",2,"n","11",25,"4.1.7",-0.162391622893189
"1302",2,"y","11",25,"10.1.4",0.444637737977136
"1303",2,"n","11",25,"10.4.1",-0.158328605526139
"1304",2,"y","11",25,"14.1.1",0.524482873661735
"1305",2,"n","11",25,"18.2.2",-0.0522261193584806
"1306",2,"y","11",25,"19.6.10",0.168987438640069
"1307",1,"y","11",10,"1.3.5",0.373763244009261
"1308",1,"y","11",10,"2.4.1",0.769345552302438
"1309",1,"n","11",10,"15.1.7",-0.133213790381493
"1310",1,"n","11",10,"22.3.4",-0.316988281102475
"1311",1,"y","11",10,"23.3.5",0.373506453880694
"1312",1,"y","11",10,"27.1.1",0.363163450090147
"1313",1,"n","11",10,"32.3.9",-0.135722813858068
"1314",2,"n","11",10,"2.4.2",-0.137101132472955
"1315",2,"y","11",10,"6.1.10",0.27443337081332
"1316",2,"y","11",10,"7.1.1",0.964007103430607
"1317",2,"n","11",10,"8.4.2",-0.0404339118055464
"1318",2,"y","11",10,"14.6.8",0.638620053031564
"1319",2,"y","11",10,"19.4.3",0.183573771400463
"1320",2,"n","11",10,"24.1.4",-0.16652239218242
"1321",1,"n","11",1000,"2.2.1",0.232843485886789
"1322",1,"y","11",1000,"2.3.4",1.49676031988326
"1323",1,"n","11",1000,"9.3.5",-0.0213089215456029
"1324",1,"y","11",1000,"26.1.4",1.33781176386319
"1325",1,"y","11",1000,"26.3.6",1.28319794550011
"1326",1,"n","11",1000,"27.3.9",-0.0836201002534439
"1327",2,"n","11",1000,"6.1.4",-0.0849740320002508
"1328",2,"n","11",1000,"9.2.3",-0.0259090739143196
"1329",2,"n","11",1000,"20.3.8",-0.147774959544836
"1330",2,"y","11",1000,"26.5.3",1.92979443523552
"1331",2,"y","11",1000,"30.4.4",1.92842511913416
"1332",2,"y","11",1000,"31.3.1",1.99095982049428
"1333",1,"y","11",100,"9.6.3",0.798078065610738
"1334",1,"y","11",100,"14.2.6",0.790703584570894
"1335",1,"n","11",100,"20.2.3",-0.271080927294882
"1336",1,"y","11",100,"25.2.9",0.498907549699127
"1337",1,"n","11",100,"27.1.5",-0.128797551149147
"1338",1,"n","11",100,"28.1.4",-0.132799608558773
"1339",2,"n","11",100,"4.3.5",-0.0795582799187415
"1340",2,"y","11",100,"9.6.4",1.46786285691463
"1341",2,"y","11",100,"12.2.2",0.595361605752848
"1342",2,"n","11",100,"17.5.2",-0.0791296859687127
"1343",2,"y","11",100,"22.2.10",1.0998748655184
"1344",2,"n","11",100,"25.2.2",-0.185558328336227
"1345",1,"y","11",5,"2.1.2",0.223346241720099
"1346",1,"y","11",5,"11.3.7",0.371204935017229
"1347",1,"y","11",5,"15.2.1",-0.300006618433619
"1348",1,"n","11",5,"20.3.5",-0.188563717513963
"1349",1,"n","11",5,"30.5.4",-0.222581633775026
"1350",1,"n","11",5,"31.6.5",-0.0852284712072047
"1351",2,"y","11",5,"1.1.3",-0.132162727471914
"1352",2,"n","11",5,"2.1.5",-0.0564038843089928
"1353",2,"n","11",5,"6.5.8",0.0134296703802234
"1354",2,"y","11",5,"23.3.8",0.19361928625877
"1355",2,"n","11",5,"23.4.6",-0.174487676010117
"1356",2,"y","11",5,"29.5.7",-0.238077309199631
"1357",1,"y","11",400,"1.4.10",0.675298840944343
"1358",1,"n","11",400,"18.4.4",-0.222783774973982
"1359",1,"y","11",400,"23.1.10",0.514962313932968
"1360",1,"y","11",400,"25.4.5",1.39025058341753
"1361",1,"n","11",400,"28.5.9",-0.107704427834424
"1362",1,"n","11",400,"31.5.6",-0.061131681547389
"1363",2,"n","11",400,"2.1.8",-0.0559587709444528
"1364",2,"y","11",400,"8.5.1",1.45104864518936
"1365",2,"n","11",400,"8.5.5",-0.130369919035041
"1366",2,"n","11",400,"15.1.2",-0.107450950932846
"1367",2,"y","11",400,"18.1.5",1.68270892990239
"1368",2,"y","11",400,"18.1.9",1.7928370979854
"1369",1,"n","11",700,"10.2.6",-0.0472785942442301
"1370",1,"y","11",700,"15.4.1",0.57696734291241
"1371",1,"n","11",700,"16.3.2",1.47315349424208
"1372",1,"n","11",700,"16.4.5",-0.119852378875783
"1373",1,"y","11",700,"19.1.7",1.68989277017169
"1374",1,"y","11",700,"24.5.7",1.23511855413485
"1375",2,"y","11",700,"8.1.3",1.57082387800778
"1376",2,"n","11",700,"15.2.2",-0.109997085361794
"1377",2,"n","11",700,"16.1.7",-0.122484474776623
"1378",2,"n","11",700,"21.4.6",-0.13689827942067
"1379",2,"y","11",700,"27.2.7",1.71326917752024
"1380",2,"y","11",700,"31.4.10",0.591118519454149
"1381",1,"n","12",1,"2.4.10",-0.107214996507374
"1382",1,"n","12",1,"8.6.8",-0.0814525369197949
"1383",1,"y","12",1,"13.4.1",-0.153313212416429
"1384",1,"y","12",1,"14.4.9",-0.0370665533826872
"1385",1,"y","12",1,"24.5.2",0.0763735622791509
"1386",1,"n","12",1,"31.2.6",-0.173145769960566
"1387",2,"y","12",1,"8.1.1",-0.0483774636151136
"1388",2,"y","12",1,"9.1.1",-0.261142823462627
"1389",2,"n","12",1,"9.3.1",0.0817892049540729
"1390",2,"n","12",1,"12.4.5",0.0438796525095261
"1391",2,"n","12",1,"13.2.1",-0.114093692440345
"1392",2,"y","12",1,"17.3.10",-0.128832244908826
"1393",1,"y","12",50,"2.6.1",1.21179524407189
"1394",1,"y","12",50,"4.3.3",1.60594880483368
"1395",1,"n","12",50,"5.3.6",-0.165563343172068
"1396",1,"n","12",50,"12.5.6",-0.184127315293568
"1397",1,"y","12",50,"20.1.4",1.32938764332756
"1398",1,"n","12",50,"24.6.1",-0.138472986663562
"1399",2,"n","12",50,"3.1.10",-0.105465687391815
"1400",2,"y","12",50,"5.4.8",1.54952589752206
"1401",2,"n","12",50,"8.5.10",0.100353298981536
"1402",2,"y","12",50,"16.2.5",1.2854863415894
"1403",2,"y","12",50,"20.3.10",1.47634022223884
"1404",2,"n","12",50,"28.1.2",-0.110726450684915
"1405",1,"y","12",0,"17.2.9",0.251076637705752
"1406",1,"n","12",0,"20.4.9",-0.235397049545008
"1407",1,"y","12",0,"20.5.4",-0.125036062581516
"1408",1,"n","12",0,"21.3.2",-0.214164090052575
"1409",1,"n","12",0,"23.1.3",-0.245916373838929
"1410",1,"y","12",0,"26.5.4",-0.185398706919394
"1411",2,"y","12",0,"4.1.1",-0.245649950181777
"1412",2,"y","12",0,"4.4.5",-0.222064052341052
"1413",2,"n","12",0,"10.1.7",-0.119021257584149
"1414",2,"n","12",0,"18.5.7",-0.179794310855977
"1415",2,"n","12",0,"26.1.1",-0.104904154468341
"1416",2,"y","12",0,"28.6.6",-0.12765720896776
"1417",1,"y","12",25,"7.6.5",1.45852747712724
"1418",1,"n","12",25,"8.3.2",-0.103792860248605
"1419",1,"y","12",25,"11.3.8",1.32199170054457
"1420",1,"n","12",25,"22.5.4",-0.272633450891251
"1421",1,"y","12",25,"25.2.10",0.67260881728979
"1422",1,"n","12",25,"29.6.2",-0.177767689010311
"1423",2,"y","12",25,"7.1.3",0.366559625188982
"1424",2,"n","12",25,"7.4.5",-0.0539578434112995
"1425",2,"n","12",25,"14.2.4",-0.0523891960693418
"1426",2,"y","12",25,"24.4.7",0.734369723132653
"1427",2,"n","12",25,"26.3.8",-0.214191533678475
"1428",2,"y","12",25,"32.4.1",1.09329551160677
"1429",1,"n","12",10,"4.5.3",-0.135036281552555
"1430",1,"y","12",10,"6.2.4",0.725050659153712
"1431",1,"n","12",10,"6.4.3",-0.112942171500973
"1432",1,"n","12",10,"7.4.2",-0.131904434124316
"1433",1,"y","12",10,"10.6.4",0.606110223183397
"1434",1,"y","12",10,"31.1.6",0.479928902264358
"1435",2,"y","12",10,"2.4.5",1.11210759472976
"1436",2,"n","12",10,"16.3.1",-0.100868805811694
"1437",2,"y","12",10,"16.4.10",0.0823171278052452
"1438",2,"n","12",10,"29.2.4",-0.132036841228977
"1439",2,"y","12",10,"31.3.4",0.274459486304284
"1440",2,"n","12",10,"32.2.1",-0.156672558107887
"1441",1,"y","12",1000,"2.3.1",1.65383591422217
"1442",1,"y","12",1000,"6.1.3",1.73975501360612
"1443",1,"y","12",1000,"14.3.6",1.5408857759996
"1444",1,"n","12",1000,"20.2.7",-0.198624667641182
"1445",1,"n","12",1000,"25.4.8",-0.177071816848764
"1446",1,"n","12",1000,"29.4.8",-0.125367274352005
"1447",2,"n","12",1000,"8.4.9",-0.0752945053987808
"1448",2,"y","12",1000,"9.2.2",0.98872842620396
"1449",2,"n","12",1000,"11.1.7",0.192405070982625
"1450",2,"n","12",1000,"11.2.7",-0.107152855003802
"1451",2,"y","12",1000,"18.1.2",1.58360251840978
"1452",2,"y","12",1000,"23.2.10",1.74590230540675
"1453",1,"y","12",100,"1.2.10",1.4945722521665
"1454",1,"y","12",100,"21.4.2",1.20365743651361
"1455",1,"n","12",100,"21.5.4",-0.239913475709971
"1456",1,"n","12",100,"26.3.8",-0.132214444231381
"1457",1,"n","12",100,"28.2.6",-0.188772986513437
"1458",1,"y","12",100,"31.2.7",0.936211930990877
"1459",2,"y","12",100,"1.3.7",1.58489302647251
"1460",2,"y","12",100,"9.3.7",2.1660282459177
"1461",2,"n","12",100,"21.1.8",-0.0860506615522893
"1462",2,"y","12",100,"22.6.6",1.4186044870799
"1463",2,"n","12",100,"25.1.3",-0.14743882119216
"1464",2,"n","12",100,"32.3.5",-0.200680958114918
"1465",1,"y","12",5,"5.5.1",0.554780305489981
"1466",1,"y","12",5,"10.4.8",0.391198851953376
"1467",1,"n","12",5,"17.6.6",-0.232896604930351
"1468",1,"y","12",5,"26.5.2",0.213646539865336
"1469",1,"n","12",5,"27.5.5",-0.183640328845069
"1470",1,"n","12",5,"30.6.5",-0.141595618035609
"1471",2,"y","12",5,"5.2.7",-0.150658043311413
"1472",2,"n","12",5,"7.2.5",-0.0925035834056218
"1473",2,"y","12",5,"20.2.3",-0.15994430304603
"1474",2,"n","12",5,"23.4.4",-0.0849662324965725
"1475",2,"y","12",5,"27.5.4",0.259390975253764
"1476",2,"n","12",5,"31.3.5",-0.120849802807309
"1477",1,"y","12",400,"8.6.2",1.6745952312683
"1478",1,"n","12",400,"14.6.6",-0.129839568335788
"1479",1,"y","12",400,"24.3.4",1.47058293906786
"1480",1,"n","12",400,"25.3.4",-0.134758295066408
"1481",1,"n","12",400,"29.5.5",-0.164688606482523
"1482",1,"y","12",400,"31.2.5",1.26868063930946
"1483",2,"n","12",400,"1.1.9",-0.0786059486755959
"1484",2,"n","12",400,"2.1.1",-0.0918328859312035
"1485",2,"y","12",400,"12.4.2",1.36859250238663
"1486",2,"y","12",400,"17.4.10",1.46610050291538
"1487",2,"y","12",400,"24.1.7",1.49040149815088
"1488",2,"n","12",400,"24.2.1",-0.148317967112573
"1489",1,"y","12",700,"4.2.1",2.21065899169793
"1490",1,"n","12",700,"8.4.6",-0.117782509442986
"1491",1,"n","12",700,"16.1.2",2.25920426566348
"1492",1,"y","12",700,"18.4.2",1.64354788287788
"1493",1,"y","12",700,"21.2.3",1.60258778060929
"1494",1,"n","12",700,"31.5.10",-0.178393453215556
"1495",2,"y","12",700,"3.3.9",1.15683815799199
"1496",2,"n","12",700,"13.4.10",-0.0859036650519886
"1497",2,"n","12",700,"24.2.2",-0.0799710273593619
"1498",2,"y","12",700,"24.2.9",1.44093750758331
"1499",2,"n","12",700,"28.4.1",-0.155470077421518
"1500",2,"y","12",700,"30.6.9",1.76530403811841
"1501",1,"y","13",1,"2.3.10",-0.200749296412748
"1502",1,"n","13",1,"6.3.5",-0.091894055472803
"1503",1,"y","13",1,"10.3.3",-0.20373764916097
"1504",1,"y","13",1,"12.1.4",-0.206184659950363
"1505",1,"n","13",1,"23.3.9",-0.130901977253407
"1506",1,"n","13",1,"26.5.10",-0.123627804863955
"1507",2,"n","13",1,"3.2.5",-0.116342388526767
"1508",2,"y","13",1,"10.2.1",-0.16689945855177
"1509",2,"y","13",1,"18.5.10",-0.27632184441479
"1510",2,"y","13",1,"19.2.5",-0.267984023026728
"1511",2,"n","13",1,"20.2.10",-0.0683224584684313
"1512",2,"n","13",1,"32.1.7",-0.146298011999312
"1513",1,"y","13",50,"9.1.3",1.17470348228806
"1514",1,"y","13",50,"9.6.9",0.807404229726393
"1515",1,"n","13",50,"15.4.4",-0.135907467446254
"1516",1,"n","13",50,"16.6.3",-0.25012061043235
"1517",1,"n","13",50,"18.2.10",-0.218294490994851
"1518",1,"y","13",50,"25.5.9",0.727565883947396
"1519",2,"y","13",50,"3.6.7",0.986126593445243
"1520",2,"n","13",50,"11.6.4",-0.0196689675781065
"1521",2,"n","13",50,"15.6.6",-0.140435392620055
"1522",2,"n","13",50,"22.6.7",-0.174076597053455
"1523",2,"y","13",50,"27.6.8",1.41303948340157
"1524",2,"y","13",50,"28.3.7",1.44093615229037
"1525",1,"y","13",0,"2.2.5",-0.18242668849127
"1526",1,"n","13",0,"8.4.7",-0.0615163822346583
"1527",1,"y","13",0,"8.5.3",-0.150714832202647
"1528",1,"n","13",0,"23.1.5",-0.243664501533631
"1529",1,"y","13",0,"29.3.4",-0.159978545723313
"1530",1,"n","13",0,"32.5.2",-0.232092421860583
"1531",2,"y","13",0,"1.2.9",-0.0422665133510838
"1532",2,"y","13",0,"18.5.3",-0.17779052729652
"1533",2,"y","13",0,"19.4.2",-0.0246945572355155
"1534",2,"n","13",0,"21.5.6",-0.164912996236545
"1535",2,"n","13",0,"23.2.3",-0.105438323814992
"1536",2,"n","13",0,"30.1.10",-0.171002391244274
"1537",1,"y","13",25,"1.2.3",0.962639956612593
"1538",1,"n","13",25,"1.6.4",-0.090461143735069
"1539",1,"n","13",25,"4.4.4",-0.174936237425698
"1540",1,"y","13",25,"5.4.5",1.13326613718868
"1541",1,"n","13",25,"9.5.5",-0.168011459768203
"1542",1,"y","13",25,"23.4.9",0.403268749896906
"1543",2,"y","13",25,"4.3.1",0.812821087281082
"1544",2,"y","13",25,"10.3.2",1.00009165352657
"1545",2,"n","13",25,"10.5.6",-0.0950433146074724
"1546",2,"y","13",25,"18.2.10",0.334417775615857
"1547",2,"n","13",25,"18.6.2",-0.166945522656002
"1548",2,"n","13",25,"23.3.4",-0.12079302572606
"1549",1,"y","13",10,"9.4.9",0.0802774156170129
"1550",1,"n","13",10,"12.1.3",0.0949483317772913
"1551",1,"n","13",10,"22.3.7",-0.2851452461788
"1552",1,"y","13",10,"22.6.8",0.279071782216318
"1553",1,"n","13",10,"23.4.4",-0.201423009396354
"1554",1,"y","13",10,"29.3.3",0.236466265904629
"1555",2,"n","13",10,"8.4.1",-0.081732630680458
"1556",2,"n","13",10,"8.6.9",-0.136695155985437
"1557",2,"n","13",10,"14.1.10",-0.0983101134434743
"1558",2,"y","13",10,"16.3.10",-0.197045518650758
"1559",2,"y","13",10,"26.4.10",-0.177023164305128
"1560",2,"y","13",10,"27.3.6",-0.112512183956926
"1561",1,"n","13",1000,"3.1.5",-0.149206236279991
"1562",1,"y","13",1000,"10.6.5",1.29864087788807
"1563",1,"n","13",1000,"11.4.7",-0.221303707180834
"1564",1,"y","13",1000,"18.4.3",1.52863463938248
"1565",1,"y","13",1000,"19.2.5",1.56028122679323
"1566",1,"n","13",1000,"25.6.10",-0.141600398626603
"1567",2,"n","13",1000,"19.5.7",-0.0905363202927711
"1568",2,"y","13",1000,"23.6.3",1.65790977225752
"1569",2,"y","13",1000,"24.4.5",1.63770312042392
"1570",2,"n","13",1000,"25.6.9",-0.15053621356254
"1571",2,"n","13",1000,"26.3.1",-0.119010238945231
"1572",2,"y","13",1000,"29.5.3",1.86455644695224
"1573",1,"n","13",100,"15.3.3",-0.148725502021354
"1574",1,"y","13",100,"17.3.5",1.20490970591068
"1575",1,"n","13",100,"22.1.2",-0.224702902201615
"1576",1,"y","13",100,"24.5.1",0.838757387708996
"1577",1,"y","13",100,"25.2.3",0.83564536788429
"1578",1,"n","13",100,"28.4.6",-0.166957879163075
"1579",2,"n","13",100,"7.6.10",-0.109888444513991
"1580",2,"y","13",100,"8.2.8",0.743610753574281
"1581",2,"n","13",100,"16.2.6",-0.0521431959044511
"1582",2,"n","13",100,"26.2.7",-0.154239662878133
"1583",2,"y","13",100,"28.3.5",1.64377999229662
"1584",2,"y","13",100,"32.6.9",1.75053577371213
"1585",1,"y","13",5,"5.2.6",0.39018951277368
"1586",1,"y","13",5,"17.5.10",0.172834964069764
"1587",1,"n","13",5,"19.3.3",-0.243642800565267
"1588",1,"y","13",5,"20.6.2",0.0794020013240769
"1589",1,"n","13",5,"24.5.6",-0.106006940753593
"1590",1,"n","13",5,"29.1.2",-0.148041004224056
"1591",2,"n","13",5,"1.5.1",-0.124147635669822
"1592",2,"y","13",5,"9.3.9",-0.268255118898091
"1593",2,"y","13",5,"12.1.9",-0.231474282850472
"1594",2,"n","13",5,"15.1.7",-0.0754029190700438
"1595",2,"y","13",5,"19.2.2",-0.0908357068524203
"1596",2,"n","13",5,"21.4.1",-0.113940944104254
"1597",1,"y","13",400,"12.4.2",0.652599550464552
"1598",1,"n","13",400,"13.2.7",-0.0814377248764527
"1599",1,"n","13",400,"23.2.2",-0.24230725117334
"1600",1,"y","13",400,"30.6.1",1.38924959909648
"1601",1,"n","13",400,"30.6.3",-0.147115193221069
"1602",1,"y","13",400,"30.6.6",1.53516274285142
"1603",2,"y","13",400,"1.5.6",1.48987597159523
"1604",2,"y","13",400,"6.6.10",0.456903797132646
"1605",2,"n","13",400,"8.3.10",-0.10201750179069
"1606",2,"n","13",400,"17.5.3",-0.0931298811450825
"1607",2,"y","13",400,"19.4.6",1.63097176148701
"1608",2,"n","13",400,"25.3.7",-0.169754230920973
"1609",1,"y","13",700,"2.6.3",1.86603281416545
"1610",1,"y","13",700,"5.2.2",1.96914341943729
"1611",1,"n","13",700,"7.4.3",-0.151363797852679
"1612",1,"y","13",700,"11.3.10",1.69253550523396
"1613",1,"n","13",700,"13.6.8",-0.152539200288103
"1614",1,"n","13",700,"26.3.3",-0.0317792204464899
"1615",2,"n","13",700,"14.2.7",-0.0954731747254864
"1616",2,"n","13",700,"16.5.8",-0.128378309081193
"1617",2,"y","13",700,"17.1.5",1.49857645673306
"1618",2,"n","13",700,"22.5.9",-0.127247243442748
"1619",2,"y","13",700,"28.1.9",1.63455006280705
"1620",2,"y","13",700,"30.1.1",1.84499814045636
"1621",1,"n","14",1,"12.3.9",-0.139245139929998
"1622",1,"y","14",1,"13.5.1",-0.189558427033157
"1623",1,"y","14",1,"20.3.4",0.0458789169614082
"1624",1,"y","14",1,"22.1.5",0.0568163823662301
"1625",1,"n","14",1,"23.3.8",-0.21815252353921
"1626",1,"n","14",1,"31.6.7",-0.171066861211294
"1627",2,"y","14",1,"2.3.3",0.189171622423561
"1628",2,"y","14",1,"11.6.3",0.751891503055753
"1629",2,"n","14",1,"12.1.10",-0.116959638564518
"1630",2,"y","14",1,"12.6.3",-0.210150258046876
"1631",2,"n","14",1,"16.2.3",-0.0873243784239863
"1632",2,"n","14",1,"17.5.5",-0.157575955854312
"1633",1,"n","14",50,"5.1.2",0.0493961230091422
"1634",1,"y","14",50,"7.6.7",1.29435652843575
"1635",1,"n","14",50,"10.6.3",-0.0923551714753211
"1636",1,"y","14",50,"13.1.8",0.926741268616909
"1637",1,"y","14",50,"13.2.9",1.04351168514943
"1638",1,"n","14",50,"19.3.6",-0.138323334561072
"1639",2,"y","14",50,"12.3.9",0.716225647635391
"1640",2,"y","14",50,"14.4.9",1.51481276724634
"1641",2,"n","14",50,"23.1.4",-0.176122743270083
"1642",2,"n","14",50,"25.4.9",-0.114933820918695
"1643",2,"y","14",50,"27.1.9",1.53248476094653
"1644",2,"n","14",50,"31.2.6",-0.151415495727433
"1645",1,"y","14",0,"14.2.10",-0.105940378007713
"1646",1,"n","14",0,"18.5.9",-0.192865601461774
"1647",1,"n","14",0,"20.6.8",-0.19868338681564
"1648",1,"y","14",0,"21.6.8",0.189377610512982
"1649",1,"n","14",0,"22.3.6",-0.273750827045396
"1650",1,"y","14",0,"22.6.10",-0.124131810006597
"1651",2,"y","14",0,"2.3.1",0.0760719609327132
"1652",2,"n","14",0,"6.5.4",0.109014564793544
"1653",2,"n","14",0,"9.1.3",-0.128580761647803
"1654",2,"y","14",0,"12.2.1",-0.134188494068529
"1655",2,"y","14",0,"22.2.5",-0.0763282737504769
"1656",2,"n","14",0,"22.3.4",-0.0813910679081391
"1657",1,"n","14",25,"4.6.2",0.0371445302133161
"1658",1,"y","14",25,"9.6.2",1.21446767188905
"1659",1,"y","14",25,"11.6.7",1.08233349604632
"1660",1,"y","14",25,"17.3.4",0.901894059931077
"1661",1,"n","14",25,"21.4.6",-0.269503410790198
"1662",1,"n","14",25,"32.6.10",-0.130784497572487
"1663",2,"n","14",25,"2.4.3",-0.0287178916958048
"1664",2,"n","14",25,"6.2.5",-0.03318687310844
"1665",2,"y","14",25,"15.4.10",0.956140608935767
"1666",2,"n","14",25,"24.2.7",-0.0796959680077154
"1667",2,"y","14",25,"25.2.4",0.397608518782417
"1668",2,"y","14",25,"25.3.3",1.0512282280708
"1669",1,"n","14",10,"2.5.7",-0.197168924536969
"1670",1,"y","14",10,"7.4.9",0.773332933086924
"1671",1,"n","14",10,"14.2.5",-0.120123336560361
"1672",1,"n","14",10,"15.2.7",-0.177077105348754
"1673",1,"y","14",10,"22.4.2",0.39524401145394
"1674",1,"y","14",10,"28.2.2",0.197972772285839
"1675",2,"n","14",10,"2.5.10",-0.0577515355411049
"1676",2,"n","14",10,"6.5.2",-0.0535866831945218
"1677",2,"y","14",10,"13.6.8",0.325920448851442
"1678",2,"y","14",10,"15.5.6",0.648373985605219
"1679",2,"y","14",10,"17.2.5",0.0116641290230316
"1680",2,"n","14",10,"31.1.8",-0.154212863833855
"1681",1,"n","14",1000,"4.6.10",-0.173626433156218
"1682",1,"n","14",1000,"7.1.1",-0.193891356348187
"1683",1,"n","14",1000,"8.4.4",-0.180935652000193
"1684",1,"y","14",1000,"10.4.2",1.70251840042125
"1685",1,"y","14",1000,"11.1.9",1.66460332517728
"1686",1,"y","14",1000,"25.3.7",1.41083928015019
"1687",2,"y","14",1000,"2.1.10",2.03414673756326
"1688",2,"y","14",1000,"7.1.5",0.921381860220915
"1689",2,"n","14",1000,"11.3.10",1.08751070448954
"1690",2,"n","14",1000,"13.6.1",-0.0957632631700318
"1691",2,"y","14",1000,"21.6.4",1.62800805637055
"1692",2,"n","14",1000,"29.6.9",-0.114010733936548
"1693",1,"y","14",100,"5.2.7",1.41207586231102
"1694",1,"n","14",100,"8.2.6",-0.0921296401824605
"1695",1,"n","14",100,"16.3.1",-0.253573119019801
"1696",1,"n","14",100,"26.4.2",-0.171753977734692
"1697",1,"y","14",100,"26.6.3",1.03315740939093
"1698",1,"y","14",100,"27.1.10",1.07274805207412
"1699",2,"n","14",100,"8.1.2",-0.0921474448080694
"1700",2,"y","14",100,"9.4.10",2.0481485096281
"1701",2,"n","14",100,"17.6.6",-0.178541630449588
"1702",2,"y","14",100,"17.6.8",1.45422024464522
"1703",2,"n","14",100,"21.4.7",-0.100624722886263
"1704",2,"y","14",100,"30.1.6",2.1226094497602
"1705",1,"y","14",5,"1.3.1",0.548160474897226
"1706",1,"n","14",5,"12.5.1",-0.144304374313501
"1707",1,"n","14",5,"12.5.10",-0.135926075584238
"1708",1,"y","14",5,"12.6.6",0.161609290361269
"1709",1,"y","14",5,"16.6.9",0.149957496479706
"1710",1,"n","14",5,"19.5.10",-0.119134487131734
"1711",2,"n","14",5,"1.3.3",-0.120653414322238
"1712",2,"y","14",5,"8.3.3",1.17642214669028
"1713",2,"n","14",5,"18.2.6",-0.101837994375471
"1714",2,"n","14",5,"19.5.8",-0.111656580883757
"1715",2,"y","14",5,"30.2.4",0.242756447468213
"1716",2,"y","14",5,"30.3.8",-0.198235026274525
"1717",1,"y","14",400,"3.3.4",1.67357236862136
"1718",1,"n","14",400,"5.6.9",-0.200663011895669
"1719",1,"n","14",400,"19.2.8",-0.148507727222197
"1720",1,"y","14",400,"25.2.4",1.42868191975111
"1721",1,"y","14",400,"27.2.9",1.22697192064061
"1722",1,"n","14",400,"32.6.6",-0.196651627887695
"1723",2,"y","14",400,"17.5.1",0.318701542557642
"1724",2,"y","14",400,"19.6.2",1.47495251393697
"1725",2,"n","14",400,"22.3.8",-0.136249262197944
"1726",2,"n","14",400,"24.5.5",-0.0712701497714439
"1727",2,"y","14",400,"29.4.9",1.76381178276465
"1728",2,"n","14",400,"32.5.1",-0.137038517793408
"1729",1,"y","14",700,"3.6.3",1.67507667589967
"1730",1,"n","14",700,"9.3.3",-0.10884283841101
"1731",1,"n","14",700,"9.3.7",-0.0878999772098752
"1732",1,"y","14",700,"11.6.8",1.25479501687292
"1733",1,"y","14",700,"27.6.2",1.29686254509822
"1734",1,"n","14",700,"31.2.3",-0.0932367014832474
"1735",2,"y","14",700,"5.3.8",0.791957892746756
"1736",2,"n","14",700,"5.6.5",-0.101357060140729
"1737",2,"n","14",700,"10.6.9",-0.105775060178482
"1738",2,"y","14",700,"23.6.8",1.74501424214971
"1739",2,"n","14",700,"29.2.1",-0.0544154458356574
"1740",2,"y","14",700,"31.2.9",1.68553621573008
"1741",1,"n","15",1,"3.4.4",-0.0944182206882659
"1742",1,"n","15",1,"6.2.10",-0.125698296483153
"1743",1,"y","15",1,"15.2.9",-0.0492494961583742
"1744",1,"y","15",1,"15.3.4",-0.18124921697663
"1745",1,"n","15",1,"25.3.10",-0.203356479055931
"1746",1,"y","15",1,"27.1.3",0.0616860821412252
"1747",2,"y","15",1,"2.1.4",0.14572929152775
"1748",2,"n","15",1,"6.2.8",-0.0819783606220786
"1749",2,"y","15",1,"9.5.1",-0.213283949126791
"1750",2,"n","15",1,"14.2.8",-0.105627901501709
"1751",2,"n","15",1,"22.1.9",-0.0875977049602254
"1752",2,"y","15",1,"29.4.6",-0.221200384915138
"1753",1,"n","15",50,"3.3.5",-0.105766766577706
"1754",1,"y","15",50,"4.4.5",1.3146642073296
"1755",1,"y","15",50,"14.2.9",1.07773964901273
"1756",1,"n","15",50,"16.3.3",-0.154706309002581
"1757",1,"y","15",50,"27.2.4",0.670467454430948
"1758",1,"n","15",50,"29.2.3",-0.112719572878106
"1759",2,"y","15",50,"17.1.10",1.29603306272375
"1760",2,"n","15",50,"21.2.5",-0.124248231141882
"1761",2,"n","15",50,"22.2.9",-0.122841486910261
"1762",2,"y","15",50,"23.3.10",1.30327862638055
"1763",2,"y","15",50,"29.5.5",1.66290212751871
"1764",2,"n","15",50,"31.4.3",-0.0902834236457575
"1765",1,"y","15",0,"3.4.7",-0.21790706313188
"1766",1,"n","15",0,"4.2.8",-0.158777213265011
"1767",1,"y","15",0,"4.5.9",-0.131460852779239
"1768",1,"y","15",0,"9.3.4",-0.244778547817087
"1769",1,"n","15",0,"22.2.10",-0.212373878268944
"1770",1,"n","15",0,"31.6.6",-0.185347506093192
"1771",2,"n","15",0,"5.3.10",0.258786637368059
"1772",2,"n","15",0,"8.3.4",-0.0185513625048927
"1773",2,"n","15",0,"9.4.4",-0.0902636152404996
"1774",2,"y","15",0,"24.6.3",-0.230089108586692
"1775",2,"y","15",0,"25.3.8",0.0856804316634248
"1776",2,"y","15",0,"25.6.1",-0.155754453890235
"1777",1,"y","15",25,"1.1.9",1.2100402302764
"1778",1,"y","15",25,"3.4.9",1.28446971919692
"1779",1,"y","15",25,"5.1.5",1.50607960046721
"1780",1,"n","15",25,"7.3.9",-0.160617348965649
"1781",1,"n","15",25,"19.4.10",-0.248636546087122
"1782",1,"n","15",25,"31.1.3",-0.0531229370900742
"1783",2,"n","15",25,"8.6.5",-0.0741955898224249
"1784",2,"n","15",25,"12.2.6",-0.152500708238263
"1785",2,"y","15",25,"14.1.4",0.778328285834413
"1786",2,"y","15",25,"22.3.3",0.80980594961467
"1787",2,"y","15",25,"24.6.10",0.852172189458006
"1788",2,"n","15",25,"27.1.6",-0.112472880160585
"1789",1,"n","15",10,"5.4.10",0.247325603905273
"1790",1,"n","15",10,"6.2.7",-0.173880005625831
"1791",1,"y","15",10,"14.5.8",0.612070738496335
"1792",1,"n","15",10,"24.5.10",-0.0320851285971385
"1793",1,"y","15",10,"26.3.1",0.431615533394108
"1794",1,"y","15",10,"29.4.1",0.36051742881083
"1795",2,"y","15",10,"3.2.9",0.741186827175408
"1796",2,"n","15",10,"8.5.9",-0.117671599413072
"1797",2,"y","15",10,"18.4.3",0.201925531095178
"1798",2,"y","15",10,"19.5.6",0.401378776522419
"1799",2,"n","15",10,"30.6.3",-0.152152726690576
"1800",2,"n","15",10,"31.2.1",-0.121235674928457
"1801",1,"n","15",1000,"7.4.6",-0.0961614455679838
"1802",1,"y","15",1000,"14.1.7",1.60748571811319
"1803",1,"n","15",1000,"22.1.1",-0.183374013655118
"1804",1,"n","15",1000,"23.2.6",-0.166231142536988
"1805",1,"y","15",1000,"26.4.4",1.28071893807478
"1806",1,"y","15",1000,"30.2.7",1.28348430182509
"1807",2,"y","15",1000,"3.6.6",2.05861140671927
"1808",2,"n","15",1000,"7.3.2",0.0476115351297997
"1809",2,"y","15",1000,"10.4.8",0.220004629208721
"1810",2,"y","15",1000,"12.4.3",1.41649010546963
"1811",2,"n","15",1000,"23.4.9",0.86651305532373
"1812",2,"n","15",1000,"27.4.4",-0.148296698693895
"1813",1,"n","15",100,"2.5.5",-0.160937884827789
"1814",1,"y","15",100,"8.2.1",0.694712340948103
"1815",1,"n","15",100,"9.2.5",-0.130789086275326
"1816",1,"n","15",100,"18.3.3",-0.121193098281906
"1817",1,"y","15",100,"24.6.3",1.14677818930991
"1818",1,"y","15",100,"30.1.2",0.722047652692748
"1819",2,"n","15",100,"8.3.5",-0.0683051690036117
"1820",2,"y","15",100,"19.6.6",1.78470304885473
"1821",2,"y","15",100,"28.6.1",1.54870347893911
"1822",2,"n","15",100,"30.2.10",-0.149798209120211
"1823",2,"y","15",100,"31.6.5",1.65812995965043
"1824",2,"n","15",100,"32.1.6",-0.153511734489061
"1825",1,"n","15",5,"5.2.9",-0.0969138792434607
"1826",1,"y","15",5,"9.1.2",0.585263630204016
"1827",1,"y","15",5,"12.3.4",0.482621653517328
"1828",1,"n","15",5,"19.2.2",-0.138226492172186
"1829",1,"n","15",5,"23.6.3",-0.210400153718212
"1830",1,"y","15",5,"32.2.2",0.201359507293735
"1831",2,"y","15",5,"1.1.2",0.316683009245951
"1832",2,"n","15",5,"6.6.9",-0.0534908738624361
"1833",2,"n","15",5,"17.4.9",-0.132851545098931
"1834",2,"y","15",5,"23.4.1",0.293125602621664
"1835",2,"n","15",5,"28.3.9",-0.105123898015065
"1836",2,"y","15",5,"31.1.4",0.307207493264768
"1837",1,"n","15",400,"2.6.10",-0.0935226255244241
"1838",1,"y","15",400,"3.1.9",1.78560340457232
"1839",1,"y","15",400,"4.3.9",1.57965518135198
"1840",1,"n","15",400,"10.3.9",-0.0969891251970537
"1841",1,"n","15",400,"12.1.2",-0.0647710417353593
"1842",1,"y","15",400,"30.2.10",1.38790994784316
"1843",2,"n","15",400,"5.3.2",-0.0568314357947583
"1844",2,"n","15",400,"6.3.2",-0.0779321331778694
"1845",2,"y","15",400,"9.1.9",1.87769475178137
"1846",2,"y","15",400,"22.3.6",1.56346796214484
"1847",2,"n","15",400,"28.1.5",-0.0908464988574609
"1848",2,"y","15",400,"29.6.6",1.9541201709537
"1849",1,"y","15",700,"10.1.9",0.79855374156279
"1850",1,"n","15",700,"10.5.1",-0.131552337028309
"1851",1,"y","15",700,"17.5.1",1.27567994750361
"1852",1,"n","15",700,"20.5.10",-0.167929877327119
"1853",1,"n","15",700,"22.5.2",-0.292033526396305
"1854",1,"y","15",700,"32.2.4",1.45528120519334
"1855",2,"y","15",700,"4.6.4",1.70131867753686
"1856",2,"y","15",700,"7.6.4",1.72595548228828
"1857",2,"n","15",700,"11.6.9",-0.0664759384201334
"1858",2,"y","15",700,"12.3.1",1.4239966115499
"1859",2,"n","15",700,"21.6.2",-0.105517106530547
"1860",2,"n","15",700,"22.5.1",-0.132135327772299
"1861",1,"y","all",1,"1.1.1",-0.178912568393373
"1862",1,"y","all",1,"4.5.2",-0.230919210009872
"1863",1,"n","all",1,"14.5.6",-0.141721668336202
"1864",1,"n","all",1,"17.1.9",-0.216764454324502
"1865",1,"y","all",1,"18.3.2",-0.437845561204133
"1866",1,"n","all",1,"21.2.10",-0.249171046944034
"1867",2,"y","all",1,"2.5.5",-0.207774144392329
"1868",2,"n","all",1,"11.4.6",-0.0601092374713224
"1869",2,"y","all",1,"17.1.3",-0.150651193514112
"1870",2,"n","all",1,"17.4.2",-0.109476456164142
"1871",2,"n","all",1,"22.6.1",0.0372500441562911
"1872",1,"y","all",50,"1.3.3",0.353765538890965
"1873",1,"y","all",50,"8.6.3",0.955897552209377
"1874",1,"n","all",50,"13.5.7",-0.141358736639465
"1875",1,"n","all",50,"16.3.6",-0.260209237998536
"1876",1,"y","all",50,"17.6.1",0.474559132337464
"1877",1,"n","all",50,"28.2.10",-0.169003718968215
"1878",2,"y","all",50,"7.2.9",1.1149864420224
"1879",2,"y","all",50,"13.5.3",0.75529990711159
"1880",2,"n","all",50,"16.2.7",-0.100457321394142
"1881",2,"n","all",50,"16.6.2",-0.125603525711359
"1882",2,"n","all",50,"28.5.7",-0.168756797233189
"1883",2,"y","all",50,"32.3.7",1.06281062342361
"1884",1,"n","all",0,"2.6.5",-0.166253017497938
"1885",1,"y","all",0,"3.4.6",-0.180562074996739
"1886",1,"n","all",0,"7.3.4",-0.107408244956242
"1887",1,"n","all",0,"12.3.1",-0.130984102502804
"1888",1,"y","all",0,"18.1.8",-0.237595343857972
"1889",1,"y","all",0,"21.1.10",-0.234857423214192
"1890",2,"y","all",0,"1.5.3",-0.179232183979753
"1891",2,"n","all",0,"2.6.4",0.00622700459332389
"1892",2,"n","all",0,"10.3.1",-0.103067548483873
"1893",2,"y","all",0,"18.3.5",-0.19032753745755
"1894",2,"y","all",0,"27.1.3",-0.167186936307563
"1895",2,"n","all",0,"32.1.3",-0.132634894401368
"1896",1,"n","all",25,"1.6.9",-0.0882169262950216
"1897",1,"y","all",25,"4.1.6",-0.153018763275541
"1898",1,"n","all",25,"5.5.8",0.118975499286572
"1899",1,"n","all",25,"8.4.8",-0.23171002142538
"1900",1,"y","all",25,"21.1.5",0.399268003709973
"1901",1,"y","all",25,"21.6.4",0.577309598908045
"1902",2,"n","all",25,"1.6.1",-0.0974497436427708
"1903",2,"n","all",25,"5.6.4",-0.116281717704813
"1904",2,"y","all",25,"11.1.5",0.585704024289773
"1905",2,"y","all",25,"13.1.5",0.498644862478942
"1906",2,"n","all",25,"13.3.10",0.050278249847691
"1907",2,"y","all",25,"18.5.1",0.499219183817252
"1908",1,"y","all",10,"11.2.8",0.476768983516318
"1909",1,"n","all",10,"20.5.3",-0.244925160256093
"1910",1,"n","all",10,"21.6.1",-0.310210295864446
"1911",1,"n","all",10,"31.2.4",0.0451414217992668
"1912",1,"y","all",10,"32.2.1",-0.139333476941439
"1913",1,"y","all",10,"32.4.1",-0.130610468809182
"1914",2,"n","all",10,"5.1.4",-0.124984781484732
"1915",2,"y","all",10,"25.1.7",-0.150867291627315
"1916",2,"n","all",10,"25.3.10",-0.0385846975243263
"1917",2,"y","all",10,"25.6.10",0.358548235974115
"1918",2,"y","all",10,"26.2.4",0.601717064916527
"1919",2,"n","all",10,"30.6.8",-0.113166106760404
"1920",1,"y","all",1000,"2.4.2",1.69786794597681
"1921",1,"n","all",1000,"8.1.3",-0.138150452937945
"1922",1,"n","all",1000,"8.1.8",-0.0624854558906935
"1923",1,"n","all",1000,"13.4.2",-0.214016507181901
"1924",1,"y","all",1000,"15.1.2",1.34524200417553
"1925",1,"y","all",1000,"32.5.1",1.42059095271347
"1926",2,"n","all",1000,"10.4.4",-0.0647827251117423
"1927",2,"y","all",1000,"10.6.2",2.10133054974909
"1928",2,"n","all",1000,"21.3.7",-0.134290002842044
"1929",2,"n","all",1000,"23.6.1",0.699368697063636
"1930",2,"y","all",1000,"24.2.8",1.680998468149
"1931",2,"y","all",1000,"29.1.8",2.02660682362921
"1932",1,"y","all",100,"5.1.9",0.877730792816248
"1933",1,"n","all",100,"7.2.7",-0.13257800106517
"1934",1,"y","all",100,"11.1.4",1.26722791949122
"1935",1,"y","all",100,"11.1.7",1.06219669201762
"1936",1,"n","all",100,"19.1.1",-0.168145460312569
"1937",1,"n","all",100,"23.1.6",-0.222801148319092
"1938",2,"y","all",100,"2.2.9",0.713781719757168
"1939",2,"n","all",100,"9.2.8",-0.118857719860181
"1940",2,"y","all",100,"9.4.8",1.4045915434917
"1941",2,"y","all",100,"22.1.4",1.37661226813454
"1942",2,"n","all",100,"24.5.1",-0.131884197108556
"1943",2,"n","all",100,"25.5.1",-0.093828356584482
"1944",1,"n","all",5,"22.4.3",-0.312621447952758
"1945",1,"y","all",5,"24.5.5",-0.173959153751839
"1946",1,"n","all",5,"26.1.9",-0.111649092169095
"1947",1,"n","all",5,"27.1.9",-0.111056381204663
"1948",1,"y","all",5,"29.6.6",0.141696092343351
"1949",1,"y","all",5,"30.3.3",0.185515705425609
"1950",2,"n","all",5,"5.5.8",0.0557042061051576
"1951",2,"n","all",5,"12.1.5",-0.135509552217688
"1952",2,"y","all",5,"14.5.7",-0.180558220875596
"1953",2,"y","all",5,"16.6.1",-0.172515219140919
"1954",2,"n","all",5,"20.2.8",-0.0867754717808882
"1955",2,"y","all",5,"20.3.9",0.00702643460650834
"1956",1,"y","all",400,"9.5.3",1.45636787192122
"1957",1,"n","all",400,"21.5.3",-0.335875599062736
"1958",1,"y","all",400,"22.1.10",1.4600235487834
"1959",1,"n","all",400,"22.2.9",-0.118533549995377
"1960",1,"y","all",400,"22.4.6",1.49424644132909
"1961",1,"n","all",400,"31.2.1",-0.130157626134519
"1962",2,"n","all",400,"1.4.5",0.0404023697703904
"1963",2,"n","all",400,"14.6.6",-0.148262216169405
"1964",2,"n","all",400,"16.6.4",-0.0830504718299082
"1965",2,"y","all",400,"21.3.4",1.62276737384738
"1966",2,"y","all",400,"25.2.8",2.0276196505984
"1967",2,"y","all",400,"27.1.5",1.82076041659936
"1968",1,"y","all",700,"5.3.5",1.83709379681159
"1969",1,"n","all",700,"7.1.5",-0.111221959884443
"1970",1,"n","all",700,"16.2.2",0.269145285360461
"1971",1,"y","all",700,"19.4.2",1.75576622130395
"1972",1,"n","all",700,"22.5.1",-0.250347823669701
"1973",1,"y","all",700,"23.6.4",1.29182312062659
"1974",2,"y","all",700,"6.2.3",0.837075470012449
"1975",2,"y","all",700,"11.1.1",1.93158725957826
"1976",2,"y","all",700,"12.3.5",1.5965120696327
"1977",2,"n","all",700,"21.3.1",-0.138828982339428
"1978",2,"n","all",700,"23.1.5",-0.117315219881715
"1979",2,"n","all",700,"29.5.4",-0.0845939191996882
