"","block","Chlamy","mic","salt","well.ID","r.exp"
"1",1,"y","none",9.33,"14.1.3",0.198939682327192
"2",1,"y","none",9.33,"19.6.3",-0.141029029503459
"3",1,"y","none",9.33,"28.5.4",-0.134331326147342
"4",2,"y","none",9.33,"12.5.5",0.191890064676579
"5",2,"y","none",9.33,"20.5.3",-0.137949860425179
"6",2,"y","none",9.33,"21.3.9",-0.165626203912364
"7",1,"y","none",1.33,"16.5.10",0.412729164669861
"8",1,"y","none",1.33,"30.3.2",0.994097015526534
"9",1,"y","none",1.33,"32.4.9",0.871899726468805
"10",2,"y","none",1.33,"4.1.4",1.51431887866201
"11",2,"y","none",1.33,"25.5.7",1.09288104270545
"12",2,"y","none",1.33,"29.1.2",1.44206001151494
"13",1,"y","none",2.67,"10.4.9",0.613815465770736
"14",1,"y","none",2.67,"15.5.4",0.456999158994487
"15",1,"y","none",2.67,"19.1.9",0.422569184976871
"16",2,"y","none",2.67,"7.6.7",0.766176066861154
"17",2,"y","none",2.67,"19.2.8",0.748711931971257
"18",2,"y","none",2.67,"19.4.1",0.700538970884594
"19",1,"y","none",8,"16.3.4",0.0334949435735191
"20",1,"y","none",8,"17.2.1",0.0374461176389017
"21",1,"y","none",8,"27.1.6",-0.149640762560627
"22",2,"y","none",8,"4.1.6",-0.153382596899143
"23",2,"y","none",8,"10.1.6",0.0816170999490915
"24",2,"y","none",8,"30.6.7",-0.11909487724716
"25",1,"y","none",0,"3.3.2",1.96385631931592
"26",1,"y","none",0,"13.2.8",1.39850292570454
"27",1,"y","none",0,"19.2.4",1.5224681356546
"28",2,"y","none",0,"1.4.1",1.6670656803598
"29",2,"y","none",0,"16.5.9",1.50301511891368
"30",2,"y","none",0,"20.6.6",1.98958306816144
"31",1,"y","none",4,"8.2.5",-0.040137407208025
"32",1,"y","none",4,"22.5.5",0.207292319031917
"33",1,"y","none",4,"31.1.1",0.253256170924148
"34",2,"y","none",4,"6.3.4",0.460537042445036
"35",2,"y","none",4,"11.4.9",0.256406348917869
"36",2,"y","none",4,"15.2.8",0.309785163813981
"37",1,"y","none",12,"12.3.10",-0.177723543763008
"38",1,"y","none",12,"13.3.1",-0.084560456565742
"39",1,"y","none",12,"22.4.5",-0.27055423930552
"40",2,"y","none",12,"5.6.9",-0.203144253937193
"41",2,"y","none",12,"11.6.2",-0.200450935135388
"42",2,"y","none",12,"15.3.2",-0.138777593149066
"43",1,"y","none",10.67,"8.6.4",-0.0914129957925791
"44",1,"y","none",10.67,"9.5.2",-0.136092802180983
"45",1,"y","none",10.67,"20.4.3",-0.202891939790874
"46",2,"y","none",10.67,"13.1.1",-0.160836099933873
"47",2,"y","none",10.67,"22.4.6",-0.14335634715704
"48",2,"y","none",10.67,"32.5.7",-0.196070915767578
"49",1,"y","none",6.67,"3.4.5",0.312866078141275
"50",1,"y","none",6.67,"14.3.8",0.248157914191059
"51",1,"y","none",6.67,"23.6.2",0.135764325039653
"52",2,"y","none",6.67,"6.4.10",0.106834635516745
"53",2,"y","none",6.67,"14.3.1",0.0831147505942958
"54",2,"y","none",6.67,"25.2.3",-0.145857646626716
"55",1,"y","none",5.33,"7.1.7",0.304230617937757
"56",1,"y","none",5.33,"27.2.7",0.0540854568329407
"57",1,"y","none",5.33,"31.5.2",0.183665410156469
"58",2,"y","none",5.33,"6.5.5",0.285097432432777
"59",2,"y","none",5.33,"10.3.3",0.184103977001336
"60",2,"y","none",5.33,"20.5.9",0.113311774700149
"61",1,"n","1",9.33,"5.4.9",0.0563317535509035
"62",1,"y","1",9.33,"15.2.2",0.177167345138615
"63",1,"n","1",9.33,"17.2.5",-0.169123719787603
"64",1,"n","1",9.33,"29.2.10",-0.103244036341801
"65",1,"y","1",9.33,"30.1.5",-0.0740395046057696
"66",1,"y","1",9.33,"32.1.5",-0.0127508932646237
"67",2,"n","1",9.33,"13.5.1",-0.129209819295237
"68",2,"n","1",9.33,"19.5.1",-0.0897384974669199
"69",2,"n","1",9.33,"20.2.6",-0.156415865403056
"70",2,"y","1",9.33,"24.6.6",0.179059310902961
"71",2,"y","1",9.33,"26.1.3",-0.0925307712229221
"72",2,"y","1",9.33,"30.1.4",-0.116365718664293
"73",1,"n","1",1.33,"6.1.2",-0.175806842354845
"74",1,"y","1",1.33,"14.1.9",1.35544106545604
"75",1,"n","1",1.33,"18.5.5",-0.105314022747477
"76",1,"y","1",1.33,"24.4.10",1.14884145748137
"77",1,"n","1",1.33,"27.6.9",-0.135822014017831
"78",1,"y","1",1.33,"30.3.1",1.164741274221
"79",2,"n","1",1.33,"11.4.8",-0.104742096996799
"80",2,"y","1",1.33,"17.2.2",1.36860537112779
"81",2,"n","1",1.33,"20.6.1",-0.0998003920789261
"82",2,"y","1",1.33,"27.4.10",1.24218608858215
"83",2,"y","1",1.33,"29.3.9",0.468668625036876
"84",2,"n","1",1.33,"29.5.10",-0.123802270744895
"85",1,"y","1",2.67,"3.6.4",0.606271998197924
"86",1,"n","1",2.67,"10.4.1",-0.0755652575023984
"87",1,"y","1",2.67,"21.1.6",0.66600352737622
"88",1,"n","1",2.67,"28.5.1",-0.106339551407788
"89",1,"y","1",2.67,"30.1.4",0.654800891081856
"90",1,"n","1",2.67,"31.3.3",-0.0699433643929133
"91",2,"n","1",2.67,"2.6.2",-0.0380330033585764
"92",2,"y","1",2.67,"15.3.10",0.687442262751663
"93",2,"y","1",2.67,"18.1.10",0.705878478584138
"94",2,"n","1",2.67,"19.3.4",-0.103350398936674
"95",2,"y","1",2.67,"24.6.7",0.782376009078402
"96",2,"n","1",2.67,"32.4.3",-0.13938949114527
"97",1,"y","1",8,"3.2.8",0.129831896681562
"98",1,"y","1",8,"13.3.9",0.0619245914919972
"99",1,"n","1",8,"14.3.3",-0.0989506600212886
"100",1,"n","1",8,"17.2.2",-0.17048297146048
"101",1,"y","1",8,"17.2.7",0.145274472067704
"102",1,"n","1",8,"19.5.2",-0.264303969189958
"103",2,"y","1",8,"1.3.5",0.206047424073236
"104",2,"y","1",8,"5.2.9",0.199520676385705
"105",2,"n","1",8,"15.4.9",-0.0503962232051438
"106",2,"n","1",8,"28.4.2",-0.11396323767092
"107",2,"y","1",8,"28.4.5",0.0182862088860141
"108",2,"n","1",8,"32.1.1",-0.207777850907773
"109",1,"n","1",0,"11.4.1",-0.212801929660624
"110",1,"y","1",0,"14.1.10",1.55164411575296
"111",1,"y","1",0,"27.3.1",1.39869624837869
"112",1,"n","1",0,"27.3.6",-0.141700636762175
"113",1,"y","1",0,"27.4.8",1.15042979775716
"114",1,"n","1",0,"29.5.7",-0.135852146715211
"115",2,"y","1",0,"3.3.2",1.14080500237257
"116",2,"n","1",0,"5.4.7",1.07719738480117
"117",2,"y","1",0,"12.3.4",1.4095502613828
"118",2,"y","1",0,"13.6.3",1.84061593995115
"119",2,"n","1",0,"25.2.10",-0.162631741320443
"120",2,"n","1",0,"31.3.6",-0.148434271468032
"121",1,"y","1",4,"1.2.9",0.306074835901428
"122",1,"n","1",4,"12.1.10",-0.130631029059707
"123",1,"n","1",4,"14.6.3",-0.145206276525479
"124",1,"y","1",4,"18.3.7",0.42238141064822
"125",1,"y","1",4,"30.4.6",0.178993798809592
"126",1,"n","1",4,"32.1.4",-0.121588819874899
"127",2,"y","1",4,"1.6.3",0.400519013820611
"128",2,"n","1",4,"13.4.4",-0.21156844289282
"129",2,"y","1",4,"17.5.8",0.357675583359785
"130",2,"n","1",4,"22.6.9",-0.13068020553469
"131",2,"n","1",4,"25.3.6",-0.0850511869445976
"132",2,"y","1",4,"29.6.3",0.234554161755301
"133",1,"n","1",12,"3.3.3",-0.0350210874013603
"134",1,"y","1",12,"25.4.1",-0.0965669872488946
"135",1,"n","1",12,"30.4.4",-0.130205742512591
"136",1,"y","1",12,"30.5.2",-0.197909216719474
"137",1,"n","1",12,"32.5.4",-0.136553217231297
"138",1,"y","1",12,"32.6.3",-0.158668670021562
"139",2,"y","1",12,"4.5.10",-0.212808643972571
"140",2,"n","1",12,"15.2.4",-0.101283077453487
"141",2,"n","1",12,"18.5.8",-0.150215588878773
"142",2,"y","1",12,"25.5.3",-0.120095054099587
"143",2,"y","1",12,"31.1.9",-0.173442000837594
"144",2,"n","1",12,"31.2.3",-0.112960504030832
"145",1,"n","1",10.67,"5.5.7",-0.101323421430967
"146",1,"n","1",10.67,"10.1.1",-0.117348974151272
"147",1,"y","1",10.67,"16.2.6",-0.0271355041349802
"148",1,"n","1",10.67,"16.4.4",-0.424163128670098
"149",1,"y","1",10.67,"26.2.7",-0.0721980557792302
"150",1,"y","1",10.67,"32.5.7",-0.0710121724753362
"151",2,"y","1",10.67,"4.3.8",-0.205225701146375
"152",2,"y","1",10.67,"5.5.6",-0.131870108401122
"153",2,"y","1",10.67,"20.5.4",-0.153857017578387
"154",2,"n","1",10.67,"22.1.2",-0.181530530182922
"155",2,"n","1",10.67,"28.2.8",-0.138491505075322
"156",1,"y","1",6.67,"1.5.9",0.1985513888093
"157",1,"n","1",6.67,"8.1.10",-0.108841042234321
"158",1,"n","1",6.67,"9.5.10",-0.0694470713631914
"159",1,"y","1",6.67,"15.6.4",0.258331347332421
"160",1,"y","1",6.67,"21.1.3",0.169158196576753
"161",1,"n","1",6.67,"26.6.8",-0.133124422913987
"162",2,"y","1",6.67,"13.4.6",0.0808089669965946
"163",2,"y","1",6.67,"16.4.1",0.0570610238083292
"164",2,"n","1",6.67,"19.2.7",-0.141823058282858
"165",2,"y","1",6.67,"21.4.2",0.138912890323432
"166",2,"n","1",6.67,"23.1.6",-0.109077961187745
"167",2,"n","1",6.67,"25.3.1",-0.121585106823504
"168",1,"n","1",5.33,"4.1.10",-0.130267719737962
"169",1,"n","1",5.33,"7.5.1",-0.0955426000239465
"170",1,"y","1",5.33,"10.5.7",0.263164934885554
"171",1,"n","1",5.33,"15.4.5",-0.174849465119937
"172",1,"y","1",5.33,"16.3.9",0.213513943370878
"173",1,"y","1",5.33,"28.3.2",0.115669872772512
"174",2,"y","1",5.33,"1.6.6",0.391178511151725
"175",2,"y","1",5.33,"13.2.10",0.205792630202946
"176",2,"n","1",5.33,"14.1.6",-0.105563861853788
"177",2,"n","1",5.33,"17.6.2",-0.152400506573978
"178",2,"y","1",5.33,"21.1.1",0.135977453591638
"179",2,"n","1",5.33,"22.4.4",-0.120270157000748
"180",1,"n","2",9.33,"5.5.6",0.0605850743016547
"181",1,"y","2",9.33,"11.1.6",0.0415345069100034
"182",1,"y","2",9.33,"11.6.9",0.0274145167934237
"183",1,"n","2",9.33,"16.1.5",1.50283305528967
"184",1,"y","2",9.33,"20.3.10",-0.0574443571112556
"185",1,"n","2",9.33,"26.5.3",-0.148992040146174
"186",2,"n","2",9.33,"6.5.6",-0.0621197929110328
"187",2,"y","2",9.33,"8.1.5",-0.118272000836673
"188",2,"y","2",9.33,"9.4.2",0.0729837088910696
"189",2,"n","2",9.33,"11.2.4",-0.0851961023995269
"190",2,"n","2",9.33,"11.5.6",-0.0269155428399734
"191",2,"y","2",9.33,"15.6.4",0.0564220180864883
"192",1,"y","2",1.33,"5.3.10",1.35743656483485
"193",1,"n","2",1.33,"5.5.4",0.0605850748304988
"194",1,"n","2",1.33,"11.6.6",1.33006744325989
"195",1,"n","2",1.33,"23.5.3",-0.300194533553495
"196",1,"y","2",1.33,"25.5.6",1.32646824619143
"197",1,"y","2",1.33,"30.1.6",0.645815236901557
"198",2,"y","2",1.33,"7.2.1",1.3315999129837
"199",2,"n","2",1.33,"7.6.1",-0.048829557165671
"200",2,"y","2",1.33,"8.5.3",1.36444913712864
"201",2,"y","2",1.33,"20.1.3",1.42821882595196
"202",2,"n","2",1.33,"22.5.2",0.0830082113332089
"203",2,"n","2",1.33,"30.6.2",-0.12013853525531
"204",1,"y","2",2.67,"1.6.10",0.814286246627147
"205",1,"y","2",2.67,"6.5.4",0.818232320793074
"206",1,"y","2",2.67,"10.4.6",0.399834991179565
"207",1,"n","2",2.67,"13.4.8",-0.0673465415345844
"208",1,"n","2",2.67,"25.6.1",-0.206366542417304
"209",1,"n","2",2.67,"26.2.10",-0.146121451908748
"210",2,"y","2",2.67,"9.4.1",0.835627794008884
"211",2,"n","2",2.67,"20.5.2",-0.163075901204145
"212",2,"n","2",2.67,"22.1.5",-0.132101210747131
"213",2,"n","2",2.67,"22.5.10",-0.169966669783962
"214",2,"y","2",2.67,"24.6.9",0.253613361907394
"215",2,"y","2",2.67,"27.2.6",0.775902465309287
"216",1,"y","2",8,"2.4.7",0.186228839977415
"217",1,"n","2",8,"14.5.3",-0.21807123669955
"218",1,"y","2",8,"18.5.1",0.0313597693118574
"219",1,"n","2",8,"25.4.3",-0.0758226305489445
"220",1,"n","2",8,"26.5.7",-0.0697724877381331
"221",1,"y","2",8,"32.4.10",1.19396225928105
"222",2,"y","2",8,"1.5.4",0.269130572195799
"223",2,"y","2",8,"9.5.2",0.118593476715648
"224",2,"n","2",8,"14.1.3",-0.0558370201463812
"225",2,"y","2",8,"24.6.5",-0.0819411414446884
"226",2,"n","2",8,"25.6.3",-0.0926483124023918
"227",2,"n","2",8,"30.2.5",0.184900960147866
"228",1,"y","2",0,"1.2.8",1.5476991377127
"229",1,"n","2",0,"2.2.9",-0.108441780038474
"230",1,"n","2",0,"4.2.3",-0.112858545213615
"231",1,"n","2",0,"10.2.3",-0.244098132158767
"232",1,"y","2",0,"21.3.3",1.71731816260534
"233",1,"y","2",0,"24.6.8",1.42530238068991
"234",2,"n","2",0,"2.2.5",0.0234506186110101
"235",2,"n","2",0,"6.6.3",-0.0885105923824894
"236",2,"n","2",0,"7.1.4",-0.0398851137224912
"237",2,"y","2",0,"14.3.7",0.569719356799636
"238",2,"y","2",0,"19.6.8",1.89604960381418
"239",2,"y","2",0,"30.3.7",1.82514901587401
"240",1,"n","2",4,"2.3.9",-0.114501449533092
"241",1,"n","2",4,"6.6.2",-0.0945432384843094
"242",1,"y","2",4,"8.5.5",0.651532129546321
"243",1,"n","2",4,"15.6.2",-0.183095878661871
"244",1,"y","2",4,"16.2.5",1.47459037935544
"245",1,"y","2",4,"18.5.2",0.411626056152185
"246",2,"y","2",4,"10.2.3",0.426707838178078
"247",2,"y","2",4,"19.1.1",0.369744007860057
"248",2,"y","2",4,"20.5.5",0.152452879515312
"249",2,"n","2",4,"27.6.4",-0.0979086087016067
"250",2,"n","2",4,"29.5.1",-0.128104992662009
"251",2,"n","2",4,"29.6.2",-0.111527265898227
"252",1,"y","2",12,"2.6.2",-0.0870104565658799
"253",1,"n","2",12,"13.4.9",-0.160114070149129
"254",1,"n","2",12,"14.6.4",-0.159337006980975
"255",1,"n","2",12,"17.6.3",-0.130306745380456
"256",1,"y","2",12,"19.5.6",-0.251316816752294
"257",1,"y","2",12,"20.3.6",-0.236684229167953
"258",2,"y","2",12,"3.1.8",-0.191702102653709
"259",2,"n","2",12,"5.1.10",-0.0289182737760044
"260",2,"n","2",12,"5.4.5",-0.0412395198255971
"261",2,"n","2",12,"8.1.4",-0.124745793832535
"262",2,"y","2",12,"11.3.3",-0.121886530792389
"263",2,"y","2",12,"29.2.7",-0.10500410543095
"264",1,"y","2",10.67,"7.2.9",-0.136261050945104
"265",1,"y","2",10.67,"9.6.5",0.243645242068107
"266",1,"n","2",10.67,"11.5.9",-0.139481604848864
"267",1,"n","2",10.67,"16.6.2",-0.209761602768074
"268",1,"y","2",10.67,"26.6.4",-0.154709477138938
"269",1,"n","2",10.67,"28.5.10",-0.0911974269247657
"270",2,"y","2",10.67,"5.3.4",-0.118627453571581
"271",2,"y","2",10.67,"8.5.2",0.0476952204640175
"272",2,"n","2",10.67,"16.1.8",-0.0909694433505934
"273",2,"y","2",10.67,"22.1.1",-0.0886551510282626
"274",2,"n","2",10.67,"24.1.10",-0.0814896489787647
"275",2,"n","2",10.67,"28.1.3",-0.112146585626948
"276",1,"n","2",6.67,"4.5.6",-0.152260288234082
"277",1,"y","2",6.67,"8.3.5",0.446342894336827
"278",1,"y","2",6.67,"15.4.6",0.239068705438231
"279",1,"n","2",6.67,"18.1.2",-0.279463141555051
"280",1,"n","2",6.67,"22.2.4",-0.237210419368116
"281",1,"y","2",6.67,"31.4.6",0.111613615745958
"282",2,"y","2",6.67,"4.3.9",0.220023853245279
"283",2,"n","2",6.67,"7.2.10",-0.110834270781144
"284",2,"n","2",6.67,"15.5.4",-0.056889327982535
"285",2,"y","2",6.67,"17.4.5",0.186087343190489
"286",2,"y","2",6.67,"17.5.7",0.323286767202073
"287",2,"n","2",6.67,"30.4.7",-0.173364447091973
"288",1,"y","2",5.33,"15.3.8",0.361909578947366
"289",1,"n","2",5.33,"19.1.10",-0.231512965272707
"290",1,"n","2",5.33,"23.1.4",-0.2394647972969
"291",1,"y","2",5.33,"23.4.8",0.297957882152207
"292",1,"y","2",5.33,"26.1.5",0.320664017187434
"293",1,"n","2",5.33,"26.6.6",-0.145987461291816
"294",2,"y","2",5.33,"2.6.8",0.472609144086712
"295",2,"n","2",5.33,"12.1.7",-0.134837338561219
"296",2,"n","2",5.33,"25.1.6",-0.162162633010032
"297",2,"n","2",5.33,"25.5.4",-0.167140613316126
"298",2,"y","2",5.33,"28.4.10",0.304149048555207
"299",2,"y","2",5.33,"29.5.8",0.142152164533392
"300",1,"n","3",9.33,"6.1.10",-0.185046536999613
"301",1,"n","3",9.33,"6.3.6",-0.138247467441204
"302",1,"y","3",9.33,"6.3.9",-0.0858712961222698
"303",1,"n","3",9.33,"12.6.2",-0.259580977542254
"304",1,"y","3",9.33,"22.6.4",-0.122800653120464
"305",1,"y","3",9.33,"28.6.5",0.0205160653760448
"306",2,"y","3",9.33,"2.3.2",0.119884695571015
"307",2,"n","3",9.33,"9.3.2",-0.0680872673694244
"308",2,"n","3",9.33,"16.5.4",-0.088555135205413
"309",2,"y","3",9.33,"18.5.9",-0.114002716037898
"310",2,"y","3",9.33,"22.6.3",0.167479698695694
"311",2,"n","3",9.33,"25.4.2",-0.118941433050785
"312",1,"y","3",1.33,"5.1.8",1.47140622917956
"313",1,"n","3",1.33,"10.2.2",-0.038349526788174
"314",1,"n","3",1.33,"16.1.8",1.62074567636359
"315",1,"y","3",1.33,"17.2.4",0.455155022341397
"316",1,"n","3",1.33,"29.6.10",-0.152016205071254
"317",1,"y","3",1.33,"31.5.3",0.46536405870447
"318",2,"n","3",1.33,"11.2.9",-0.0849791371004128
"319",2,"y","3",1.33,"11.3.5",1.33943022346195
"320",2,"y","3",1.33,"14.5.8",1.33790606359941
"321",2,"n","3",1.33,"19.3.8",-0.087053350316686
"322",2,"n","3",1.33,"21.3.6",-0.0870562083385451
"323",2,"y","3",1.33,"28.2.9",1.30107867784947
"324",1,"n","3",2.67,"2.5.4",-0.135960814756893
"325",1,"y","3",2.67,"4.2.5",0.321384680754461
"326",1,"n","3",2.67,"20.6.1",-0.14934005085869
"327",1,"y","3",2.67,"22.3.5",0.547032979674928
"328",1,"n","3",2.67,"29.2.2",-0.170959728852322
"329",1,"y","3",2.67,"32.4.2",0.455828320217914
"330",2,"n","3",2.67,"3.6.4",-0.115412176201217
"331",2,"n","3",2.67,"17.6.3",-0.12796496888782
"332",2,"n","3",2.67,"20.2.1",-0.149436736525147
"333",2,"y","3",2.67,"21.5.3",0.674747769933871
"334",2,"y","3",2.67,"30.1.8",0.784879094917647
"335",2,"y","3",2.67,"32.3.6",0.706958296788583
"336",1,"n","3",8,"7.6.4",-0.126554969564944
"337",1,"n","3",8,"12.2.9",-0.0751512756501077
"338",1,"y","3",8,"14.5.9",-0.129667766294893
"339",1,"n","3",8,"17.1.6",-0.175028982619305
"340",1,"y","3",8,"17.3.7",0.158099486758858
"341",1,"y","3",8,"17.4.8",0.165298568020814
"342",2,"n","3",8,"1.6.9",0.199800334675164
"343",2,"n","3",8,"9.6.10",-0.11535886501584
"344",2,"y","3",8,"12.2.3",0.147903911027123
"345",2,"y","3",8,"14.5.1",0.141923322528712
"346",2,"n","3",8,"19.6.7",-0.0819091367590113
"347",2,"y","3",8,"30.5.4",-0.115494756390729
"348",1,"n","3",0,"14.1.1",0.0587260326752163
"349",1,"y","3",0,"15.2.4",1.51806651365417
"350",1,"y","3",0,"16.6.7",1.26352830752711
"351",1,"n","3",0,"17.4.9",-0.172809587972989
"352",1,"y","3",0,"22.2.8",1.70098972924365
"353",1,"n","3",0,"23.2.1",-0.278315283054493
"354",2,"n","3",0,"1.3.2",-0.138255111993657
"355",2,"y","3",0,"4.2.5",0.564777381667419
"356",2,"y","3",0,"6.6.1",2.02198242619098
"357",2,"n","3",0,"19.3.2",-0.0939433141806954
"358",2,"y","3",0,"24.3.2",0.510548726717515
"359",2,"n","3",0,"31.2.5",-0.110401543911114
"360",1,"n","3",4,"5.1.1",-0.149069180216275
"361",1,"y","3",4,"5.5.9",0.39059916061333
"362",1,"y","3",4,"11.6.3",0.173876863667666
"363",1,"n","3",4,"18.1.1",-0.279043660536843
"364",1,"n","3",4,"20.2.4",-0.18772999875327
"365",1,"y","3",4,"24.1.1",0.299417877420707
"366",2,"y","3",4,"3.4.3",0.526734028243606
"367",2,"y","3",4,"4.6.7",0.297281913139612
"368",2,"n","3",4,"15.2.6",-0.113592387300273
"369",2,"n","3",4,"23.1.8",-0.137516257875524
"370",2,"n","3",4,"27.1.2",-0.210434706789408
"371",2,"y","3",4,"28.6.8",0.239821292326405
"372",1,"n","3",12,"8.1.5",-0.0884004555297109
"373",1,"y","3",12,"11.6.4",0.160010457562611
"374",1,"y","3",12,"13.1.2",-0.218094792719444
"375",1,"y","3",12,"20.1.3",-0.1696725883265
"376",1,"n","3",12,"20.5.9",-0.198481099853447
"377",1,"n","3",12,"28.6.2",-0.163986987667533
"378",2,"n","3",12,"15.2.1",-0.129040417785717
"379",2,"n","3",12,"15.2.3",-0.151938971086994
"380",2,"n","3",12,"19.4.5",-0.124013114907167
"381",2,"y","3",12,"25.4.6",-0.150591639205168
"382",2,"y","3",12,"26.5.7",-0.129191986305489
"383",2,"y","3",12,"27.6.2",-0.170721235356714
"384",1,"n","3",10.67,"5.6.2",-0.0551435093700385
"385",1,"n","3",10.67,"6.4.2",-0.175234563729265
"386",1,"y","3",10.67,"7.3.2",-0.151794189932296
"387",1,"y","3",10.67,"16.2.4",1.37587041426595
"388",1,"y","3",10.67,"18.5.10",-0.125176477193216
"389",1,"n","3",10.67,"26.5.9",-0.159743985153198
"390",2,"y","3",10.67,"6.5.9",-0.132663601442846
"391",2,"n","3",10.67,"11.3.8",0.0995326965969991
"392",2,"y","3",10.67,"14.4.5",-0.109297479262717
"393",2,"n","3",10.67,"22.2.2",-0.0978402743853092
"394",2,"n","3",10.67,"26.4.5",-0.0931792619492392
"395",2,"y","3",10.67,"26.6.1",-0.130584124712595
"396",1,"y","3",6.67,"9.4.8",0.150706395842287
"397",1,"n","3",6.67,"9.5.6",-0.0791086909487865
"398",1,"y","3",6.67,"11.4.3",0.249104210555129
"399",1,"n","3",6.67,"12.2.8",-0.0751493945495449
"400",1,"y","3",6.67,"18.3.4",0.17934226452817
"401",1,"n","3",6.67,"30.1.10",-0.137317281923662
"402",2,"y","3",6.67,"1.6.8",0.150222480468372
"403",2,"y","3",6.67,"6.5.7",0.183103402649825
"404",2,"n","3",6.67,"12.3.7",-0.103617781296193
"405",2,"y","3",6.67,"13.5.8",0.20702572384964
"406",2,"n","3",6.67,"14.2.10",-0.0370324955712301
"407",2,"n","3",6.67,"15.6.3",-0.0781524795979607
"408",1,"n","3",5.33,"7.3.5",-0.187936206334219
"409",1,"y","3",5.33,"9.3.2",0.258596954191694
"410",1,"y","3",5.33,"10.1.2",0.344113000913148
"411",1,"y","3",5.33,"13.1.4",0.402033749221057
"412",1,"n","3",5.33,"14.3.4",-0.165677181923324
"413",1,"n","3",5.33,"23.6.10",-0.243385016393586
"414",2,"y","3",5.33,"1.5.2",0.796463802914117
"415",2,"n","3",5.33,"7.5.2",-0.0768760544738857
"416",2,"n","3",5.33,"10.1.1",-0.0824133172714918
"417",2,"y","3",5.33,"10.3.7",0.22526153066875
"418",2,"y","3",5.33,"23.6.5",0.16899079721247
"419",2,"n","3",5.33,"32.6.4",-0.165965005629759
"420",1,"n","4",9.33,"1.1.5",-0.104579803267433
"421",1,"y","4",9.33,"1.4.6",0.190592285473052
"422",1,"y","4",9.33,"4.4.7",0.102139500996328
"423",1,"y","4",9.33,"14.4.2",0.110330511166774
"424",1,"n","4",9.33,"21.2.2",-0.142725093918115
"425",1,"n","4",9.33,"21.4.1",-0.290307027196808
"426",2,"y","4",9.33,"9.4.3",0.0210432568856487
"427",2,"n","4",9.33,"23.5.7",-0.0960462628884409
"428",2,"y","4",9.33,"26.2.6",-0.116129764189315
"429",2,"y","4",9.33,"26.2.9",-0.141415763365143
"430",2,"n","4",9.33,"29.2.3",-0.144174081444577
"431",2,"n","4",9.33,"30.5.9",-0.133589030032838
"432",1,"n","4",1.33,"1.1.7",-0.0880073064641407
"433",1,"y","4",1.33,"2.4.3",1.32587782636017
"434",1,"y","4",1.33,"7.2.5",0.592643916579292
"435",1,"n","4",1.33,"17.5.3",-0.230378921535294
"436",1,"n","4",1.33,"22.4.8",-0.159730381858734
"437",1,"y","4",1.33,"26.6.10",1.05499274892436
"438",2,"y","4",1.33,"3.2.6",1.54166234360629
"439",2,"y","4",1.33,"15.6.9",1.27547755347917
"440",2,"n","4",1.33,"19.2.4",-0.153438975426076
"441",2,"n","4",1.33,"20.6.4",-0.0549309632532745
"442",2,"n","4",1.33,"31.1.1",-0.17379909068367
"443",2,"y","4",1.33,"31.2.4",0.344151842555539
"444",1,"n","4",2.67,"8.6.6",-0.058617845639272
"445",1,"y","4",2.67,"10.4.4",0.500717731178924
"446",1,"n","4",2.67,"11.3.5",0.186599036470253
"447",1,"n","4",2.67,"14.2.7",-0.162375578191645
"448",1,"y","4",2.67,"14.5.7",0.384102479881724
"449",1,"y","4",2.67,"24.3.5",0.569969685170747
"450",2,"y","4",2.67,"12.4.1",0.590474611029558
"451",2,"n","4",2.67,"13.6.2",-0.150361717518885
"452",2,"n","4",2.67,"25.4.7",-0.0845579975378225
"453",2,"y","4",2.67,"27.5.5",0.346025430356962
"454",2,"n","4",2.67,"29.2.10",-0.111853152198794
"455",2,"y","4",2.67,"32.1.5",0.711408200556344
"456",1,"y","4",8,"4.4.6",0.126718592302592
"457",1,"n","4",8,"4.5.8",-0.0559582332293386
"458",1,"n","4",8,"21.6.6",-0.277287034735998
"459",1,"y","4",8,"22.2.1",0.0186740682607612
"460",1,"n","4",8,"25.5.5",-0.163126288433533
"461",1,"y","4",8,"28.3.1",-0.147686110948753
"462",2,"y","4",8,"17.1.8",0.105590347166465
"463",2,"y","4",8,"17.3.3",0.150986914602483
"464",2,"y","4",8,"19.2.9",-0.104056677861823
"465",2,"n","4",8,"20.3.6",-0.177688250452309
"466",2,"n","4",8,"21.1.6",-0.0932890439217394
"467",2,"n","4",8,"31.1.10",-0.115018982968452
"468",1,"n","4",0,"1.5.8",-0.101834849426575
"469",1,"n","4",0,"8.6.9",-0.14538429724248
"470",1,"y","4",0,"12.5.3",1.26952215197287
"471",1,"n","4",0,"19.4.1",-0.162024853327273
"472",1,"y","4",0,"25.2.5",1.4071422858506
"473",1,"y","4",0,"31.6.4",0.684580536897758
"474",2,"n","4",0,"7.6.9",2.13144067680892
"475",2,"n","4",0,"13.4.5",-0.136201211480139
"476",2,"n","4",0,"16.3.3",-0.138532580662659
"477",2,"y","4",0,"23.3.3",1.39263475425869
"478",2,"y","4",0,"32.1.8",1.50209914935752
"479",2,"y","4",0,"32.2.4",1.4993655782513
"480",1,"y","4",4,"6.6.4",0.236769564917213
"481",1,"n","4",4,"8.3.9",-0.0978062541259204
"482",1,"y","4",4,"9.2.3",0.346116912344849
"483",1,"y","4",4,"12.1.5",0.235758912337339
"484",1,"n","4",4,"13.3.5",-0.240159479467694
"485",1,"n","4",4,"18.4.1",-0.143221179647411
"486",2,"y","4",4,"8.3.8",0.389012989695991
"487",2,"y","4",4,"12.4.10",0.340445269648268
"488",2,"y","4",4,"20.6.5",0.199629234361454
"489",2,"n","4",4,"23.5.6",-0.133428828008778
"490",2,"n","4",4,"24.4.2",-0.138244664988961
"491",2,"n","4",4,"30.4.10",-0.0807128471264889
"492",1,"y","4",12,"5.2.3",-0.163714718691023
"493",1,"n","4",12,"12.1.6",-0.13439383430463
"494",1,"n","4",12,"12.3.6",-0.115835384868134
"495",1,"n","4",12,"13.3.8",-0.100104880751767
"496",1,"y","4",12,"23.4.1",-0.275935626204471
"497",1,"y","4",12,"28.3.9",-0.169341105076318
"498",2,"n","4",12,"15.5.3",-0.150448010291166
"499",2,"y","4",12,"17.1.9",-0.165477473166347
"500",2,"y","4",12,"23.3.6",-0.135689168135736
"501",2,"n","4",12,"27.3.5",-0.165982012755165
"502",2,"y","4",12,"32.1.10",-0.123057196413011
"503",2,"n","4",12,"32.5.8",-0.103374345175318
"504",1,"y","4",10.67,"4.5.7",0.0363273823791268
"505",1,"n","4",10.67,"13.6.4",-0.182681381373274
"506",1,"y","4",10.67,"14.4.6",-0.044714837437404
"507",1,"y","4",10.67,"22.5.7",1.59261981765057
"508",1,"n","4",10.67,"29.2.9",-0.102005733482982
"509",1,"n","4",10.67,"30.2.3",-0.132921668281004
"510",2,"n","4",10.67,"11.1.9",-0.114130504059675
"511",2,"y","4",10.67,"12.2.5",-0.0796325276342801
"512",2,"n","4",10.67,"13.4.8",-0.0773166164364125
"513",2,"n","4",10.67,"14.3.4",-0.119206909718733
"514",2,"y","4",10.67,"24.3.5",-0.158795090963237
"515",2,"y","4",10.67,"26.3.2",-0.104761759495097
"516",1,"y","4",6.67,"2.3.2",0.17151329826142
"517",1,"n","4",6.67,"3.6.2",-0.144381841858916
"518",1,"y","4",6.67,"12.4.1",0.268534532499924
"519",1,"n","4",6.67,"24.5.3",-0.152937026952491
"520",1,"y","4",6.67,"30.6.7",-0.100606276023527
"521",1,"n","4",6.67,"32.6.8",-0.158496500226564
"522",2,"n","4",6.67,"5.4.1",-0.118482173369568
"523",2,"n","4",6.67,"10.2.8",-0.0412563388082087
"524",2,"n","4",6.67,"11.5.1",-0.112780443427401
"525",2,"y","4",6.67,"20.6.10",-0.142323179788359
"526",2,"y","4",6.67,"24.1.6",0.194567703430878
"527",2,"y","4",6.67,"25.2.6",0.162591370441605
"528",1,"y","4",5.33,"3.2.9",0.218734377249467
"529",1,"n","4",5.33,"6.4.8",-0.162595708123435
"530",1,"n","4",5.33,"11.2.2",-0.0814268383681227
"531",1,"n","4",5.33,"17.6.2",0.101258103809687
"532",1,"y","4",5.33,"20.5.7",0.318234418940909
"533",1,"y","4",5.33,"24.2.5",0.233581164991975
"534",2,"n","4",5.33,"8.1.7",-0.0759233936153957
"535",2,"n","4",5.33,"12.3.3",-0.0723342620450049
"536",2,"y","4",5.33,"22.2.7",0.416647938255129
"537",2,"y","4",5.33,"23.6.7",0.117832080871854
"538",2,"n","4",5.33,"28.2.2",-0.149120347202944
"539",2,"y","4",5.33,"32.5.5",0.2106408334907
"540",1,"y","5",9.33,"5.3.1",-0.108034251899991
"541",1,"y","5",9.33,"6.6.5",0.093231013223342
"542",1,"n","5",9.33,"12.4.5",-0.175706055471894
"543",1,"n","5",9.33,"24.2.8",-0.0717714865347884
"544",1,"n","5",9.33,"26.4.1",-0.162487478808639
"545",1,"y","5",9.33,"30.3.9",-0.189107973046049
"546",2,"n","5",9.33,"3.1.3",-0.1022330742387
"547",2,"y","5",9.33,"10.2.6",0.197644907928222
"548",2,"y","5",9.33,"15.4.7",-0.188202070983126
"549",2,"y","5",9.33,"21.2.3",-0.141772603996129
"550",2,"n","5",9.33,"32.3.1",-0.116972064226771
"551",2,"n","5",9.33,"32.4.10",-0.130755896197474
"552",1,"n","5",1.33,"8.3.4",-0.062179184228192
"553",1,"y","5",1.33,"13.1.3",0.503522507917574
"554",1,"n","5",1.33,"19.4.6",-0.249579854536355
"555",1,"n","5",1.33,"25.4.9",-0.107774233171896
"556",1,"y","5",1.33,"28.4.1",0.844430616360314
"557",1,"y","5",1.33,"32.3.10",0.914974642307567
"558",2,"y","5",1.33,"1.5.9",1.44217017290465
"559",2,"n","5",1.33,"17.5.4",-0.0853282811223281
"560",2,"y","5",1.33,"19.1.8",1.39498570203005
"561",2,"n","5",1.33,"22.4.10",-0.0937863537104847
"562",2,"n","5",1.33,"22.5.5",-0.185133204781099
"563",2,"y","5",1.33,"30.5.8",1.36473194172853
"564",1,"n","5",2.67,"4.1.9",-0.112228473111134
"565",1,"n","5",2.67,"14.5.1",-0.147302650015431
"566",1,"y","5",2.67,"23.4.5",0.452837095855128
"567",1,"y","5",2.67,"24.6.5",0.494290787946374
"568",1,"y","5",2.67,"25.5.7",0.321698799533893
"569",1,"n","5",2.67,"27.1.8",-0.123106290640107
"570",2,"y","5",2.67,"1.2.4",0.747905046323704
"571",2,"y","5",2.67,"5.1.3",0.76484242130119
"572",2,"y","5",2.67,"7.3.3",0.253810513225798
"573",2,"n","5",2.67,"10.6.5",-0.111961243979993
"574",2,"n","5",2.67,"11.2.1",-0.132951531141807
"575",2,"n","5",2.67,"17.3.8",-0.151025975985336
"576",1,"y","5",8,"8.1.7",0.0429559660567772
"577",1,"n","5",8,"10.2.7",-0.137710947820356
"578",1,"y","5",8,"17.3.3",0.111209611645957
"579",1,"y","5",8,"21.5.1",-0.0690502493858568
"580",1,"n","5",8,"25.6.8",0.031471521456107
"581",1,"n","5",8,"26.6.1",-0.149903578699955
"582",2,"n","5",8,"4.3.2",-0.11044926220296
"583",2,"y","5",8,"5.4.6",-0.179853764713567
"584",2,"y","5",8,"13.1.6",-0.120515198869218
"585",2,"n","5",8,"19.3.9",-0.0917118965308378
"586",2,"n","5",8,"21.1.5",-0.132606142549519
"587",2,"y","5",8,"21.1.9",-0.153079523272739
"588",1,"y","5",0,"2.3.3",1.75191194610895
"589",1,"n","5",0,"3.5.8",-0.152437045631995
"590",1,"y","5",0,"3.6.1",1.68544061550666
"591",1,"y","5",0,"6.2.9",1.91326778963833
"592",1,"n","5",0,"8.6.5",-0.13297346809448
"593",1,"n","5",0,"30.3.4",-0.149172022711428
"594",2,"n","5",0,"3.5.5",-0.050178139974558
"595",2,"y","5",0,"14.4.4",0.596415985107147
"596",2,"n","5",0,"21.2.8",-0.102978439073585
"597",2,"y","5",0,"21.4.9",1.57394994739512
"598",2,"n","5",0,"22.4.2",-0.0760222787037916
"599",2,"y","5",0,"30.1.5",1.77860727667499
"600",1,"y","5",4,"5.6.1",0.165638245057499
"601",1,"y","5",4,"12.2.7",0.349001567668777
"602",1,"n","5",4,"19.1.6",-0.191149268736339
"603",1,"n","5",4,"20.2.9",-0.196028792339197
"604",1,"n","5",4,"21.4.7",-0.243900520768951
"605",1,"y","5",4,"26.6.5",0.316114226168552
"606",2,"n","5",4,"7.5.1",-0.0772796883687643
"607",2,"n","5",4,"10.3.9",-0.0856788538486178
"608",2,"y","5",4,"17.2.10",0.247498409888001
"609",2,"n","5",4,"18.6.4",-0.19066742371846
"610",2,"y","5",4,"28.5.1",0.101369868603947
"611",2,"y","5",4,"30.5.7",0.292454507902517
"612",1,"n","5",12,"6.4.9",-0.209804236800739
"613",1,"n","5",12,"8.1.9",-0.143395029095843
"614",1,"y","5",12,"11.5.3",0.364477941458692
"615",1,"y","5",12,"15.6.9",-0.209676767891692
"616",1,"y","5",12,"17.6.4",-0.118436757945008
"617",1,"n","5",12,"23.4.2",-0.233659099959666
"618",2,"n","5",12,"1.4.8",-0.0831766327445656
"619",2,"y","5",12,"4.5.1",-0.146461429910988
"620",2,"y","5",12,"7.5.10",-0.195077334174458
"621",2,"y","5",12,"8.5.8",-0.159072089107567
"622",2,"n","5",12,"10.6.10",-0.111425997240215
"623",2,"n","5",12,"13.1.7",-0.079261375730811
"624",1,"n","5",10.67,"14.6.9",0.111073713429505
"625",2,"n","5",10.67,"18.2.4",-0.260620541192671
"626",1,"y","5",10.67,"19.2.3",-0.224917867488158
"627",1,"n","5",10.67,"19.5.9",-0.175164318524231
"628",1,"y","5",10.67,"26.5.8",-0.168417182359944
"629",1,"n","5",10.67,"31.6.9",-0.225690225175617
"630",2,"n","5",10.67,"9.2.9",0.0550873697324613
"631",2,"y","5",10.67,"10.5.7",-0.155110694005805
"632",2,"y","5",10.67,"14.4.7",-0.170673536437486
"633",2,"n","5",10.67,"17.2.6",-0.0890080288556297
"634",2,"y","5",10.67,"27.1.4",0.165293960851136
"635",1,"n","5",6.67,"7.1.4",-0.233902787447436
"636",1,"y","5",6.67,"7.3.7",0.219027201139021
"637",1,"y","5",6.67,"7.4.1",0.151983712005261
"638",1,"n","5",6.67,"12.1.7",-0.169285935507323
"639",1,"n","5",6.67,"12.6.1",-0.116635669482156
"640",1,"y","5",6.67,"29.5.1",-0.0984329015015837
"641",2,"n","5",6.67,"3.5.8",-0.109386297639874
"642",2,"n","5",6.67,"15.3.6",-0.126106422880161
"643",2,"n","5",6.67,"17.2.3",-0.0889368305824566
"644",2,"y","5",6.67,"29.4.2",-0.124822904499572
"645",2,"y","5",6.67,"31.6.4",-0.1447728670729
"646",2,"y","5",6.67,"32.4.8",-0.124881021194212
"647",1,"y","5",5.33,"1.4.4",0.278339777156099
"648",1,"n","5",5.33,"2.1.5",-0.100507496160683
"649",1,"n","5",5.33,"4.2.9",-0.119308465433093
"650",1,"y","5",5.33,"15.5.9",0.274328349442158
"651",1,"y","5",5.33,"25.5.4",0.052746508591907
"652",1,"n","5",5.33,"25.5.10",-0.126813153158208
"653",2,"y","5",5.33,"5.1.2",0.410724311738673
"654",2,"n","5",5.33,"7.5.5",-0.0687977795451161
"655",2,"n","5",5.33,"8.4.7",-0.0941760121796385
"656",2,"y","5",5.33,"10.1.3",0.196767763641172
"657",2,"y","5",5.33,"11.2.10",0.177658878712483
"658",2,"n","5",5.33,"15.6.7",-0.0499364204224221
"659",1,"n","6",9.33,"6.1.9",-0.167123414592953
"660",1,"n","6",9.33,"9.4.2",-0.163222563420986
"661",1,"y","6",9.33,"9.4.7",0.0351743961814515
"662",1,"n","6",9.33,"9.5.1",-0.0683793867275135
"663",1,"y","6",9.33,"20.2.6",-0.20385903462314
"664",1,"y","6",9.33,"25.1.3",-0.205326130749854
"665",2,"n","6",9.33,"6.6.7",0.174234778156714
"666",2,"y","6",9.33,"15.1.6",-0.166960287512293
"667",2,"n","6",9.33,"20.6.7",-0.202810681346453
"668",2,"y","6",9.33,"27.5.6",-0.189500183724234
"669",2,"n","6",9.33,"28.6.9",-0.145985132775442
"670",2,"y","6",9.33,"31.6.3",-0.131983551860165
"671",1,"n","6",1.33,"1.1.3",-0.119937345113212
"672",1,"n","6",1.33,"2.5.10",-0.152976945986495
"673",1,"y","6",1.33,"8.5.10",1.22163351239751
"674",1,"y","6",1.33,"11.1.1",1.0550995617551
"675",1,"y","6",1.33,"18.1.6",1.25125943194348
"676",1,"n","6",1.33,"30.5.9",-0.183277050586878
"677",2,"n","6",1.33,"1.3.9",-0.0989797660270148
"678",2,"y","6",1.33,"5.1.9",1.73985618791183
"679",2,"n","6",1.33,"6.1.1",-0.0617720671988828
"680",2,"y","6",1.33,"10.1.5",1.31098080849512
"681",2,"n","6",1.33,"19.1.3",-0.138023603073354
"682",2,"y","6",1.33,"19.3.1",1.35423680564279
"683",1,"n","6",2.67,"5.6.6",-0.219047568841111
"684",1,"y","6",2.67,"7.2.1",0.64555180118077
"685",1,"n","6",2.67,"13.3.6",-0.103120024299605
"686",1,"y","6",2.67,"17.4.1",0.378077610012647
"687",1,"y","6",2.67,"27.6.1",0.393985398580584
"688",1,"n","6",2.67,"29.6.9",-0.159133304526415
"689",2,"y","6",2.67,"3.5.7",0.944749783568261
"690",2,"n","6",2.67,"5.2.1",-0.132240890727119
"691",2,"y","6",2.67,"6.4.2",0.357906790815154
"692",2,"y","6",2.67,"16.2.2",0.788569566311113
"693",2,"n","6",2.67,"31.1.6",-0.0619327542310769
"694",2,"n","6",2.67,"32.3.3",-0.15128348743019
"695",1,"y","6",8,"5.4.2",0.0758589265677555
"696",1,"n","6",8,"7.3.1",-0.142221247788592
"697",1,"y","6",8,"17.1.3",0.0667833317402985
"698",1,"n","6",8,"19.5.4",-0.160231181280616
"699",1,"y","6",8,"20.4.2",0.133298304840409
"700",1,"n","6",8,"31.3.2",-0.117897780201165
"701",2,"y","6",8,"5.2.3",0.102723167592056
"702",2,"n","6",8,"12.4.4",-0.0908355815127687
"703",2,"y","6",8,"12.5.1",0.0672960294559423
"704",2,"y","6",8,"13.4.3",0.0467460550739694
"705",2,"n","6",8,"22.2.3",-0.0809894474470507
"706",2,"n","6",8,"29.2.2",-0.106910877082636
"707",1,"y","6",0,"4.3.2",1.55122208941487
"708",1,"y","6",0,"5.6.5",1.73266934200902
"709",1,"n","6",0,"18.1.9",-0.302083381943974
"710",1,"y","6",0,"18.6.10",1.69584933194639
"711",1,"n","6",0,"22.6.6",-0.267424911374183
"712",1,"n","6",0,"25.1.10",-0.0913920506888924
"713",2,"n","6",0,"2.4.1",-0.109754309838865
"714",2,"y","6",0,"6.1.2",1.87595926542475
"715",2,"n","6",0,"9.1.10",-0.0584094355046754
"716",2,"y","6",0,"14.5.2",0.743242238043045
"717",2,"n","6",0,"23.5.5",0.615721304700192
"718",2,"y","6",0,"24.1.1",1.41472058995539
"719",1,"y","6",4,"3.5.4",0.49143479733388
"720",1,"n","6",4,"12.1.9",-0.123410686916281
"721",1,"y","6",4,"13.6.1",0.42930813360925
"722",1,"n","6",4,"20.3.3",-0.211510424973787
"723",1,"y","6",4,"26.1.6",0.363653826143385
"724",1,"n","6",4,"31.3.5",-0.0828452333946313
"725",2,"y","6",4,"4.4.4",0.497606620023127
"726",2,"n","6",4,"7.1.10",-0.0912780921693477
"727",2,"y","6",4,"8.2.5",0.458873111318665
"728",2,"y","6",4,"8.4.5",0.22751641354916
"729",2,"n","6",4,"23.1.2",0.0328751839293313
"730",2,"n","6",4,"25.2.1",-0.156094848331778
"731",1,"y","6",12,"7.6.8",-0.207423704981586
"732",1,"n","6",12,"14.3.9",-0.100775481572063
"733",1,"n","6",12,"21.1.2",-0.297663077813133
"734",1,"n","6",12,"22.4.7",-0.207353833534472
"735",1,"y","6",12,"28.3.10",-0.207550093179551
"736",1,"y","6",12,"29.6.8",-0.264639503236772
"737",2,"n","6",12,"3.3.4",0.130929403921487
"738",2,"y","6",12,"3.3.6",-0.190438115300937
"739",2,"y","6",12,"10.3.5",-0.124174367330718
"740",2,"n","6",12,"22.5.7",-0.149082717936726
"741",2,"y","6",12,"26.1.6",-0.172419753100944
"742",2,"n","6",12,"29.1.9",-0.0867550814613822
"743",1,"y","6",10.67,"4.6.5",-0.249843275912571
"744",1,"n","6",10.67,"15.5.7",-0.169961982729816
"745",1,"y","6",10.67,"19.3.10",-0.27254795448344
"746",1,"y","6",10.67,"22.1.4",-0.264671329575632
"747",1,"n","6",10.67,"23.1.7",-0.0828708686801194
"748",1,"n","6",10.67,"26.2.8",-0.05962665319518
"749",2,"n","6",10.67,"1.5.10",-0.140047130241146
"750",2,"n","6",10.67,"6.4.9",-0.0633390408184039
"751",2,"y","6",10.67,"15.4.3",-0.11801473958727
"752",2,"n","6",10.67,"21.6.6",-0.15677271162423
"753",2,"y","6",10.67,"24.5.9",-0.113566001804331
"754",2,"y","6",10.67,"26.1.5",-0.226631611894457
"755",1,"y","6",6.67,"1.4.3",0.235517453105116
"756",1,"n","6",6.67,"2.4.6",-0.0448359753927059
"757",1,"y","6",6.67,"2.6.9",0.151051731613031
"758",1,"n","6",6.67,"19.4.7",-0.111810176245181
"759",1,"y","6",6.67,"29.5.8",-0.106476951416954
"760",1,"n","6",6.67,"31.5.9",-0.0769977656652289
"761",2,"n","6",6.67,"2.3.7",0.057611610402251
"762",2,"y","6",6.67,"4.3.10",0.126530855993777
"763",2,"n","6",6.67,"5.5.7",-0.0568080508043822
"764",2,"n","6",6.67,"11.1.8",-0.182738417768812
"765",2,"y","6",6.67,"12.1.1",0.16520401525955
"766",2,"y","6",6.67,"26.3.3",-0.114832616971876
"767",1,"y","6",5.33,"6.2.5",0.293838607579295
"768",1,"y","6",5.33,"19.5.1",0.0890316307497481
"769",1,"n","6",5.33,"22.5.8",-0.245580670855251
"770",1,"y","6",5.33,"23.3.2",0.13704448724983
"771",1,"n","6",5.33,"29.1.8",-0.166194519117489
"772",1,"n","6",5.33,"29.6.1",-0.218597531003016
"773",2,"y","6",5.33,"1.1.1",0.18173562490671
"774",2,"y","6",5.33,"1.3.6",0.330700307578454
"775",2,"n","6",5.33,"7.2.6",-0.0905512406976473
"776",2,"n","6",5.33,"7.5.8",-0.0579770653795785
"777",2,"y","6",5.33,"10.4.2",0.17027110593858
"778",2,"n","6",5.33,"13.6.6",-0.124717158515612
"779",1,"n","7",9.33,"6.3.1",-0.0749014391968934
"780",1,"y","7",9.33,"7.1.8",0.156972666448684
"781",1,"n","7",9.33,"8.4.9",-0.165978319128548
"782",1,"y","7",9.33,"11.1.8",0.417165032370437
"783",1,"n","7",9.33,"15.6.7",-0.188229391575101
"784",1,"y","7",9.33,"30.2.6",-0.0859012420835632
"785",2,"n","7",9.33,"5.6.2",-0.118535157381363
"786",2,"y","7",9.33,"9.1.8",0.0533310347860631
"787",2,"y","7",9.33,"10.6.8",-0.0574314508646336
"788",2,"y","7",9.33,"13.2.7",0.0842184326342533
"789",2,"n","7",9.33,"14.6.2",-0.0939548630131743
"790",2,"n","7",9.33,"18.4.4",-0.155386913282399
"791",1,"n","7",1.33,"2.3.5",-0.120251764043129
"792",1,"y","7",1.33,"10.2.10",1.18748856953791
"793",1,"n","7",1.33,"10.5.6",-0.103012184014483
"794",1,"n","7",1.33,"19.4.8",-0.230759433718837
"795",1,"y","7",1.33,"29.1.4",0.843365107664265
"796",1,"y","7",1.33,"30.4.7",1.0764856837485
"797",2,"y","7",1.33,"3.3.8",1.436645972108
"798",2,"n","7",1.33,"4.4.6",0.0667740735254521
"799",2,"n","7",1.33,"7.3.5",-0.121593290078658
"800",2,"y","7",1.33,"9.1.4",1.42900627157906
"801",2,"n","7",1.33,"9.6.5",-0.0880838434378709
"802",2,"y","7",1.33,"10.3.10",1.28439554921657
"803",1,"n","7",2.67,"1.1.8",-0.0584957106052805
"804",1,"y","7",2.67,"4.1.7",0.490118026316119
"805",1,"n","7",2.67,"6.6.7",-0.192301600021916
"806",1,"y","7",2.67,"21.6.9",0.475694399257686
"807",1,"n","7",2.67,"29.5.4",-0.122764242105285
"808",1,"y","7",2.67,"30.5.6",0.731514359689155
"809",2,"y","7",2.67,"2.3.9",0.787589424246238
"810",2,"n","7",2.67,"20.1.5",-0.177317811752155
"811",2,"n","7",2.67,"26.3.4",-0.0748616141651468
"812",2,"y","7",2.67,"26.3.9",0.21909897118174
"813",2,"y","7",2.67,"28.6.3",0.177192336466438
"814",2,"n","7",2.67,"31.3.7",-0.14604560615126
"815",1,"n","7",8,"2.4.4",-0.108241480815869
"816",1,"y","7",8,"3.3.7",0.24984013050095
"817",1,"n","7",8,"17.1.5",-0.176989940016212
"818",1,"n","7",8,"19.4.9",-0.196424818403532
"819",1,"y","7",8,"21.3.10",0.0813024175689187
"820",1,"y","7",8,"31.3.8",0.120168058121594
"821",2,"n","7",8,"3.4.7",-0.131430812053424
"822",2,"y","7",8,"6.6.5",0.0966160638936536
"823",2,"y","7",8,"15.1.1",0.0572131069508986
"824",2,"n","7",8,"16.6.9",-0.0924860515327012
"825",2,"y","7",8,"25.6.4",-0.0621773502811279
"826",2,"n","7",8,"28.5.4",-0.118026553982208
"827",1,"y","7",0,"6.3.7",1.91090632529515
"828",1,"n","7",0,"11.2.1",-0.19027397492311
"829",1,"y","7",0,"16.2.7",0.586743316671137
"830",1,"n","7",0,"21.3.6",-0.276512395167111
"831",1,"y","7",0,"31.5.5",0.659610367823439
"832",1,"n","7",0,"32.5.8",-0.125877217867074
"833",2,"y","7",0,"6.4.5",0.483417366464925
"834",2,"y","7",0,"8.2.6",0.681271321753383
"835",2,"n","7",0,"8.3.2",-0.0713681836524398
"836",2,"y","7",0,"11.3.6",0.485398609092074
"837",2,"n","7",0,"22.1.3",0.267620533327684
"838",2,"n","7",0,"24.1.5",-0.126049763348758
"839",1,"y","7",4,"7.2.2",0.355203503862256
"840",1,"n","7",4,"7.5.3",-0.117248094668734
"841",1,"y","7",4,"16.3.8",0.388240944976707
"842",1,"n","7",4,"21.3.7",-0.2695291668558
"843",1,"y","7",4,"22.1.7",-0.176096833277316
"844",1,"n","7",4,"27.5.4",-0.101696793198597
"845",2,"n","7",4,"6.1.8",-0.157000344122655
"846",2,"y","7",4,"13.4.1",0.180417912628783
"847",2,"y","7",4,"21.4.4",0.239896497305247
"848",2,"n","7",4,"23.3.9",-0.092873991622479
"849",2,"n","7",4,"28.2.6",-0.166971418311957
"850",2,"y","7",4,"30.3.6",0.289093408943242
"851",1,"y","7",12,"4.1.4",-0.191300626521256
"852",1,"n","7",12,"6.5.2",-0.157089134679461
"853",1,"n","7",12,"12.2.10",-0.0632439714140784
"854",1,"n","7",12,"13.3.4",0.240597496064905
"855",1,"y","7",12,"16.1.7",-0.089449888850917
"856",1,"y","7",12,"30.6.2",-0.208249675700781
"857",2,"y","7",12,"3.3.10",-0.19178760817395
"858",2,"y","7",12,"5.6.10",-0.144900012825933
"859",2,"y","7",12,"8.1.6",-0.0845984556670055
"860",2,"n","7",12,"8.4.6",-0.0812443594537903
"861",2,"n","7",12,"25.5.8",-0.115429324726568
"862",2,"n","7",12,"31.3.8",-0.136863507115607
"863",1,"y","7",10.67,"13.1.1",-0.104315426981953
"864",1,"y","7",10.67,"15.3.9",-0.0571393503855666
"865",1,"y","7",10.67,"18.6.6",-0.20305959500445
"866",1,"n","7",10.67,"21.4.4",-0.233687625654245
"867",1,"n","7",10.67,"23.2.3",-0.252919334298137
"868",1,"n","7",10.67,"29.2.1",-0.119577798805268
"869",2,"y","7",10.67,"13.2.8",-0.110268512507209
"870",2,"n","7",10.67,"15.3.5",-0.0978981835696167
"871",2,"y","7",10.67,"18.2.9",0.0247661041655709
"872",2,"n","7",10.67,"18.4.8",-0.107290793905145
"873",2,"y","7",10.67,"27.4.1",-0.169823454653573
"874",2,"n","7",10.67,"27.4.8",-0.117626701995115
"875",1,"y","7",6.67,"3.4.8",0.201541659021729
"876",1,"y","7",6.67,"5.3.9",0.149830361035732
"877",1,"n","7",6.67,"17.6.8",-0.254105372453245
"878",1,"n","7",6.67,"18.4.7",-0.221548224773831
"879",1,"n","7",6.67,"28.6.7",-0.109859600948863
"880",1,"y","7",6.67,"31.2.10",0.0159384490626052
"881",2,"n","7",6.67,"2.1.7",-0.121017041667013
"882",2,"y","7",6.67,"10.3.6",0.102330046730596
"883",2,"n","7",6.67,"13.4.7",-0.0750259128464659
"884",2,"y","7",6.67,"23.3.5",0.203571896455437
"885",2,"n","7",6.67,"25.4.10",-0.119306805637082
"886",2,"y","7",6.67,"26.1.8",0.0991257813594773
"887",1,"n","7",5.33,"7.6.3",0.0146486051062724
"888",1,"y","7",5.33,"14.5.2",0.239845995053239
"889",1,"y","7",5.33,"18.6.5",0.246580049179466
"890",1,"n","7",5.33,"19.3.4",-0.146570358747377
"891",1,"n","7",5.33,"28.1.7",-0.135881772036598
"892",1,"y","7",5.33,"29.3.5",0.0720896654471676
"893",2,"y","7",5.33,"2.4.7",0.502308275933971
"894",2,"y","7",5.33,"4.6.6",0.286528636331938
"895",2,"n","7",5.33,"13.4.9",-0.136957726446473
"896",2,"n","7",5.33,"18.4.5",-0.17501096635598
"897",2,"n","7",5.33,"23.1.7",-0.102253263784995
"898",2,"y","7",5.33,"26.6.3",0.291312299678459
"899",1,"y","8",9.33,"7.4.8",-0.0133844491961882
"900",1,"n","8",9.33,"16.5.7",-0.150017965375777
"901",1,"y","8",9.33,"23.1.8",-0.185181369587178
"902",1,"n","8",9.33,"23.6.5",-0.220706860621215
"903",1,"y","8",9.33,"24.2.3",-0.16448748800769
"904",1,"n","8",9.33,"31.4.7",-0.139162684925315
"905",2,"n","8",9.33,"9.6.7",-0.047509989300514
"906",2,"y","8",9.33,"13.2.3",0.034508732548041
"907",2,"n","8",9.33,"14.3.2",-0.159490063418165
"908",2,"n","8",9.33,"18.5.6",-0.140265011392451
"909",2,"y","8",9.33,"20.5.7",-0.155541701254365
"910",2,"y","8",9.33,"28.2.1",-0.18077166630579
"911",1,"y","8",1.33,"15.6.5",0.504105406882903
"912",1,"y","8",1.33,"16.4.3",1.05973622508832
"913",1,"y","8",1.33,"19.3.5",1.1088433282618
"914",1,"n","8",1.33,"23.3.10",-0.28604277471209
"915",1,"n","8",1.33,"25.4.6",-0.064277573014145
"916",1,"n","8",1.33,"30.6.8",-0.201828317360422
"917",2,"y","8",1.33,"7.2.4",1.45622116035082
"918",2,"n","8",1.33,"9.5.9",-0.0577906398638947
"919",2,"y","8",1.33,"9.6.2",1.42587827739188
"920",2,"n","8",1.33,"10.6.4",-0.110766760925287
"921",2,"y","8",1.33,"15.6.8",1.29055826549647
"922",2,"n","8",1.33,"31.2.8",-0.142933586939034
"923",1,"y","8",2.67,"1.3.4",0.563667670140452
"924",1,"n","8",2.67,"5.2.10",-0.105964697606895
"925",1,"y","8",2.67,"7.4.7",0.510712248907845
"926",1,"n","8",2.67,"25.3.9",-0.131370492330457
"927",1,"n","8",2.67,"26.3.10",-0.0979891360688536
"928",1,"y","8",2.67,"27.2.10",0.410312658363338
"929",2,"n","8",2.67,"1.2.6",-0.0802068011781918
"930",2,"y","8",2.67,"6.3.5",0.806392540826725
"931",2,"n","8",2.67,"6.3.8",-0.0796645682890897
"932",2,"y","8",2.67,"7.1.8",0.579927681925913
"933",2,"y","8",2.67,"9.5.7",0.772552913571516
"934",2,"n","8",2.67,"12.2.8",-0.0937112766926338
"935",1,"y","8",8,"4.1.8",-0.137008793098614
"936",1,"n","8",8,"9.4.1",-0.0997445391475021
"937",1,"n","8",8,"10.1.7",-0.0449076141869336
"938",1,"n","8",8,"12.4.3",-0.194678499887588
"939",1,"y","8",8,"20.3.9",0.0274277809582765
"940",1,"y","8",8,"22.3.2",0.0654564798199614
"941",2,"y","8",8,"4.6.8",-0.146523173024252
"942",2,"y","8",8,"11.1.4",-0.075311376718351
"943",2,"n","8",8,"22.3.1",-0.119376173005896
"944",2,"n","8",8,"22.6.10",-0.132673858480695
"945",2,"n","8",8,"23.1.1",-0.123883754027981
"946",2,"y","8",8,"30.4.2",-0.156271657224072
"947",1,"y","8",0,"8.5.4",1.62804794365275
"948",1,"y","8",0,"10.3.10",1.62512125171499
"949",1,"n","8",0,"11.2.3",-0.179433077500529
"950",1,"n","8",0,"17.5.6",-0.198532567666172
"951",1,"n","8",0,"19.2.1",-0.183901402351887
"952",1,"y","8",0,"24.3.7",1.44556091489899
"953",2,"y","8",0,"13.3.7",0.417633905131253
"954",2,"n","8",0,"13.5.9",-0.0634097307396083
"955",2,"n","8",0,"15.3.8",-0.0993002451645589
"956",2,"n","8",0,"17.1.2",-0.0620732119055086
"957",2,"y","8",0,"24.4.4",1.58926605181112
"958",2,"y","8",0,"26.4.2",1.859869582008
"959",1,"n","8",4,"9.2.6",-0.208993008506456
"960",1,"n","8",4,"13.2.5",-0.0969928424199217
"961",1,"y","8",4,"16.3.7",0.229427223729569
"962",1,"y","8",4,"19.4.4",0.20212278165706
"963",1,"y","8",4,"22.3.1",0.321315606216742
"964",1,"n","8",4,"24.1.6",-0.233079161526442
"965",2,"n","8",4,"12.6.2",-0.0702689975694675
"966",2,"n","8",4,"14.4.3",-0.0740138589880864
"967",2,"y","8",4,"20.5.6",0.220642456913543
"968",2,"n","8",4,"21.6.3",-0.0972674439195599
"969",2,"y","8",4,"29.5.2",0.380092047854531
"970",2,"y","8",4,"32.2.10",0.179558762140835
"971",1,"n","8",12,"7.6.10",-0.16937784655217
"972",1,"n","8",12,"9.6.7",-0.00697508618536925
"973",1,"y","8",12,"18.2.2",-0.151124144169108
"974",1,"n","8",12,"21.5.5",-0.14613700781456
"975",1,"y","8",12,"25.2.1",-0.215142592330927
"976",1,"y","8",12,"31.5.8",0.0879774478756106
"977",2,"n","8",12,"5.1.6",-0.0910938703803528
"978",2,"y","8",12,"10.2.10",-0.140017120228389
"979",2,"n","8",12,"10.5.8",-0.0840465330094214
"980",2,"y","8",12,"18.3.1",0.0206565498941048
"981",2,"n","8",12,"30.6.4",-0.13257539145445
"982",2,"y","8",12,"31.5.2",-0.176491535781185
"983",1,"n","8",10.67,"2.6.6",-0.00598544576901953
"984",1,"n","8",10.67,"4.2.2",-0.0993389751505203
"985",1,"n","8",10.67,"9.1.1",-0.195755815354939
"986",1,"y","8",10.67,"13.5.6",0.0304806690819054
"987",1,"y","8",10.67,"20.4.5",-0.241997483300515
"988",1,"y","8",10.67,"24.2.7",0.0249801422753447
"989",2,"n","8",10.67,"3.3.3",-0.119930484896806
"990",2,"y","8",10.67,"4.1.2",-0.20231112365653
"991",2,"n","8",10.67,"5.4.4",-0.0531376946103058
"992",2,"n","8",10.67,"10.4.3",0.0507817475178496
"993",2,"y","8",10.67,"14.5.4",-0.0954059835031489
"994",2,"y","8",10.67,"25.2.9",-0.158356060126793
"995",1,"n","8",6.67,"3.2.7",-0.0996568957578226
"996",1,"n","8",6.67,"5.2.8",-0.170393323872572
"997",1,"y","8",6.67,"12.4.9",0.117817856506828
"998",1,"n","8",6.67,"19.1.5",0.0495976479266831
"999",1,"y","8",6.67,"19.6.5",0.0881662088653468
"1000",1,"y","8",6.67,"31.6.2",-0.0461244168851628
"1001",2,"n","8",6.67,"3.6.2",-0.0992571096351658
"1002",2,"y","8",6.67,"9.2.5",0.20271887196944
"1003",2,"y","8",6.67,"11.3.4",0.0221697626033167
"1004",2,"y","8",6.67,"14.6.10",0.145033844427884
"1005",2,"n","8",6.67,"17.2.7",-0.122928510257907
"1006",2,"n","8",6.67,"30.5.1",-0.16811529948233
"1007",1,"y","8",5.33,"10.1.8",0.153896575457792
"1008",1,"n","8",5.33,"12.2.6",0.132438452229558
"1009",1,"n","8",5.33,"16.2.10",1.54386672480852
"1010",1,"y","8",5.33,"27.1.7",0.0952165690931639
"1011",1,"y","8",5.33,"27.3.8",0.0786165108632545
"1012",1,"n","8",5.33,"32.6.9",-0.143875794257309
"1013",2,"n","8",5.33,"2.1.9",-0.13282044056577
"1014",2,"y","8",5.33,"6.4.1",0.205623501644761
"1015",2,"n","8",5.33,"22.2.6",-0.118858862166778
"1016",2,"y","8",5.33,"22.4.3",0.232613177904821
"1017",2,"y","8",5.33,"28.3.6",0.288779359367076
"1018",2,"n","8",5.33,"28.6.5",-0.13803495674935
"1019",1,"y","9",9.33,"5.1.10",0.303449923136919
"1020",1,"y","9",9.33,"10.3.4",0.143390419535432
"1021",1,"n","9",9.33,"20.2.1",-0.170602033822774
"1022",1,"y","9",9.33,"25.4.7",-0.129914783263815
"1023",1,"n","9",9.33,"27.3.10",-0.16916931610674
"1024",1,"n","9",9.33,"28.4.2",-0.154022453016972
"1025",2,"y","9",9.33,"4.1.5",-0.101204188256398
"1026",2,"n","9",9.33,"12.6.7",-0.0691312388034149
"1027",2,"y","9",9.33,"24.3.1",-0.127179364286235
"1028",2,"y","9",9.33,"24.4.8",-0.0978133710477305
"1029",2,"n","9",9.33,"25.6.8",-0.160666092686483
"1030",2,"n","9",9.33,"29.4.5",-0.0801239151303635
"1031",1,"n","9",1.33,"8.1.2",-0.113839467392811
"1032",1,"y","9",1.33,"18.4.5",0.445258872437207
"1033",1,"n","9",1.33,"19.1.3",-0.194123229333207
"1034",1,"y","9",1.33,"28.3.6",0.93572832522839
"1035",1,"y","9",1.33,"30.1.3",0.931374726448641
"1036",1,"n","9",1.33,"30.2.8",-0.152707456384582
"1037",2,"n","9",1.33,"17.1.6",-0.0963749201790823
"1038",2,"n","9",1.33,"24.5.10",-0.0803420329666105
"1039",2,"y","9",1.33,"30.1.7",1.30810182343889
"1040",2,"n","9",1.33,"30.4.5",-0.119926452087949
"1041",2,"y","9",1.33,"31.6.9",1.75003039621935
"1042",2,"y","9",1.33,"32.6.2",1.26190809459349
"1043",1,"n","9",2.67,"2.1.7",-0.17135041325567
"1044",1,"n","9",2.67,"6.1.7",-0.0473800509821133
"1045",1,"n","9",2.67,"7.2.8",-0.116858564742394
"1046",1,"y","9",2.67,"14.5.4",0.426072552030364
"1047",1,"y","9",2.67,"23.2.7",0.268787269961487
"1048",1,"y","9",2.67,"30.1.9",0.440615124374617
"1049",2,"y","9",2.67,"9.3.10",0.885884954192928
"1050",2,"y","9",2.67,"11.5.7",0.753660699103445
"1051",2,"y","9",2.67,"22.1.10",0.622051150711469
"1052",2,"n","9",2.67,"25.6.7",-0.118992790486061
"1053",2,"n","9",2.67,"26.4.8",-0.101210495422243
"1054",2,"n","9",2.67,"28.4.4",-0.184039740088374
"1055",1,"n","9",8,"13.5.5",-0.155714868368374
"1056",1,"n","9",8,"15.2.8",-0.163556687614786
"1057",1,"n","9",8,"23.5.4",-0.254829460899014
"1058",1,"y","9",8,"24.5.4",0.0409268373409651
"1059",1,"y","9",8,"30.4.1",-0.0834421786792471
"1060",1,"y","9",8,"30.5.8",0.0597701686193083
"1061",2,"y","9",8,"10.2.7",0.0985265476659317
"1062",2,"n","9",8,"14.1.8",-0.115722735334086
"1063",2,"n","9",8,"15.2.5",-0.134420642204365
"1064",2,"y","9",8,"16.1.4",-0.0550956995852228
"1065",2,"y","9",8,"19.6.5",-0.0865027005874747
"1066",2,"n","9",8,"22.5.3",-0.118014086135505
"1067",1,"y","9",0,"8.1.6",1.66797705550495
"1068",1,"n","9",0,"9.2.10",-0.0596159734854167
"1069",1,"y","9",0,"16.3.10",0.478309449776339
"1070",1,"n","9",0,"23.5.1",-0.249798829679308
"1071",1,"y","9",0,"24.1.8",1.40258473831413
"1072",1,"n","9",0,"24.4.4",-0.0634589259461454
"1073",2,"y","9",0,"3.6.3",2.08630884268208
"1074",2,"y","9",0,"8.5.6",1.85723736559402
"1075",2,"y","9",0,"11.3.9",1.82349823414471
"1076",2,"n","9",0,"13.6.7",-0.119338566220561
"1077",2,"n","9",0,"25.3.2",-0.138393994985815
"1078",2,"n","9",0,"28.6.10",-0.142881460688838
"1079",1,"y","9",4,"12.6.3",0.291258659742588
"1080",1,"n","9",4,"14.4.10",-0.163382297857201
"1081",1,"n","9",4,"16.6.4",0.317366761169385
"1082",1,"y","9",4,"26.3.9",0.236923458540377
"1083",1,"y","9",4,"28.5.7",0.198532882879439
"1084",1,"n","9",4,"29.1.9",-0.16300685586319
"1085",2,"n","9",4,"4.4.10",-0.0595163272906579
"1086",2,"y","9",4,"11.4.10",0.325581794463192
"1087",2,"n","9",4,"16.2.9",-0.116554469832675
"1088",2,"y","9",4,"17.1.7",0.277134253478886
"1089",2,"y","9",4,"18.1.8",0.437942194584447
"1090",2,"n","9",4,"28.5.6",-0.184622145367779
"1091",1,"y","9",12,"1.3.9",-0.163554380274425
"1092",1,"y","9",12,"3.1.1",-0.215699038957579
"1093",1,"n","9",12,"4.5.10",-0.0119817187837451
"1094",1,"n","9",12,"21.3.5",-0.266258730350676
"1095",1,"n","9",12,"25.1.4",-0.111845641837208
"1096",1,"y","9",12,"26.4.8",-0.219226034694205
"1097",2,"y","9",12,"3.1.4",-0.131009295284265
"1098",2,"n","9",12,"14.1.7",-0.0875454548429256
"1099",2,"y","9",12,"15.1.5",-0.137140654997507
"1100",2,"n","9",12,"19.1.2",-0.093467243723834
"1101",2,"n","9",12,"21.5.8",-0.0777022522364487
"1102",2,"y","9",12,"25.6.2",-0.119323179769366
"1103",1,"y","9",10.67,"4.2.7",-0.165448582579478
"1104",1,"y","9",10.67,"6.3.2",-0.152255733435745
"1105",1,"y","9",10.67,"10.1.10",-0.172556687085864
"1106",1,"n","9",10.67,"18.5.4",-0.188172280057978
"1107",1,"n","9",10.67,"20.1.2",-0.168692624586136
"1108",1,"n","9",10.67,"29.3.7",-0.144803250712912
"1109",2,"y","9",10.67,"8.1.8",-0.145846434623348
"1110",2,"y","9",10.67,"10.4.10",-0.100193719660061
"1111",2,"n","9",10.67,"13.3.2",-0.107886004490128
"1112",2,"y","9",10.67,"26.5.9",-0.180465053625798
"1113",2,"n","9",10.67,"27.2.2",0.121062392653974
"1114",2,"n","9",10.67,"32.2.9",-0.102380616073563
"1115",1,"n","9",6.67,"5.3.3",-0.129458205481417
"1116",1,"y","9",6.67,"13.5.3",0.322318545738112
"1117",1,"n","9",6.67,"19.2.6",-0.218575377261565
"1118",1,"y","9",6.67,"22.2.3",0.184037253417622
"1119",1,"y","9",6.67,"27.4.7",0.0913452833096364
"1120",1,"n","9",6.67,"29.2.6",-0.133058889675673
"1121",2,"n","9",6.67,"4.6.2",-0.115186574719398
"1122",2,"n","9",6.67,"7.5.4",-0.0697383487156214
"1123",2,"y","9",6.67,"11.4.4",0.14375676128878
"1124",2,"y","9",6.67,"15.5.8",0.2517193122935
"1125",2,"y","9",6.67,"17.3.6",0.236921500224242
"1126",2,"n","9",6.67,"18.1.1",-0.10621712840622
"1127",1,"n","9",5.33,"8.2.2",-0.0835893462291279
"1128",1,"y","9",5.33,"11.4.4",0.206706386112991
"1129",1,"y","9",5.33,"11.5.8",0.282303792630226
"1130",1,"n","9",5.33,"22.6.1",-0.301832543925935
"1131",1,"n","9",5.33,"27.2.3",-0.146324514070961
"1132",1,"y","9",5.33,"28.1.2",0.161759949977807
"1133",2,"n","9",5.33,"3.2.2",-0.0429939993510932
"1134",2,"y","9",5.33,"4.4.2",0.250757874477106
"1135",2,"y","9",5.33,"12.2.4",0.188762709777129
"1136",2,"n","9",5.33,"19.2.1",-0.146914485579776
"1137",2,"n","9",5.33,"30.5.3",-0.108709816663137
"1138",2,"y","9",5.33,"31.5.5",0.294290903362431
"1139",1,"n","10",9.33,"2.3.6",-0.117735005628556
"1140",1,"y","10",9.33,"3.5.10",0.111913014881848
"1141",1,"y","10",9.33,"7.1.2",-0.140161885262619
"1142",1,"n","10",9.33,"9.2.4",-0.150853391150507
"1143",1,"n","10",9.33,"14.1.6",-0.12470444931868
"1144",1,"y","10",9.33,"17.3.1",-0.0433163830045815
"1145",2,"n","10",9.33,"2.2.3",-0.13805488127617
"1146",2,"y","10",9.33,"5.3.5",-0.176111732549229
"1147",2,"y","10",9.33,"22.3.7",-0.10657215998391
"1148",2,"n","10",9.33,"25.6.6",-0.0781501916549096
"1149",2,"n","10",9.33,"27.5.3",-0.0602241019241395
"1150",2,"y","10",9.33,"28.4.6",-0.149093957358941
"1151",1,"y","10",1.33,"2.1.8",1.59776252698474
"1152",1,"n","10",1.33,"3.1.4",-0.128632536998568
"1153",1,"y","10",1.33,"3.1.8",1.19685464655929
"1154",1,"n","10",1.33,"12.5.7",-0.12332926568024
"1155",1,"n","10",1.33,"13.5.9",-0.10435360894523
"1156",1,"y","10",1.33,"21.5.9",1.03127774300421
"1157",2,"y","10",1.33,"3.1.5",1.38869268850924
"1158",2,"n","10",1.33,"3.5.1",-0.134169877952143
"1159",2,"y","10",1.33,"4.6.3",1.45795397942818
"1160",2,"n","10",1.33,"9.4.9",0.0390692813270188
"1161",2,"y","10",1.33,"23.6.2",1.01122222175101
"1162",2,"n","10",1.33,"26.5.10",-0.105169860786185
"1163",1,"y","10",2.67,"4.4.1",0.514291740649487
"1164",1,"n","10",2.67,"8.3.7",-0.159837604120728
"1165",1,"n","10",2.67,"16.1.1",0.25393493362862
"1166",1,"y","10",2.67,"22.2.7",0.503051912682077
"1167",1,"y","10",2.67,"22.4.1",0.383484844997743
"1168",1,"n","10",2.67,"27.2.1",-0.167021579627448
"1169",2,"n","10",2.67,"1.3.8",0.0428908121419238
"1170",2,"y","10",2.67,"6.3.10",0.844834530972283
"1171",2,"y","10",2.67,"7.2.2",0.849703721452678
"1172",2,"n","10",2.67,"18.5.2",-0.145811538942753
"1173",2,"y","10",2.67,"21.3.3",0.18178202189271
"1174",2,"n","10",2.67,"22.3.5",-0.0781622493570203
"1175",1,"n","10",8,"1.2.7",-0.0562602064277137
"1176",1,"n","10",8,"6.5.1",-0.103267220210662
"1177",1,"y","10",8,"8.2.10",0.105919615838283
"1178",1,"y","10",8,"11.1.3",0.791390707397839
"1179",1,"y","10",8,"31.1.9",-0.14163412818575
"1180",1,"n","10",8,"32.3.6",-0.172730577130042
"1181",2,"n","10",8,"2.4.4",-0.0785463931090813
"1182",2,"y","10",8,"3.6.9",-0.160653739314325
"1183",2,"n","10",8,"13.2.2",-0.139439063649703
"1184",2,"y","10",8,"16.2.10",0.0541893872901406
"1185",2,"y","10",8,"27.4.5",-0.13098112745975
"1186",2,"n","10",8,"27.5.8",-0.192909298060394
"1187",1,"y","10",0,"1.3.6",1.67954986773143
"1188",1,"n","10",0,"2.2.10",-0.190549765964777
"1189",1,"n","10",0,"9.5.4",-0.122533760476973
"1190",1,"y","10",0,"11.2.6",1.28327042946556
"1191",1,"n","10",0,"19.6.8",-0.180196693722749
"1192",1,"y","10",0,"30.3.8",1.28998932666804
"1193",2,"n","10",0,"4.2.10",-0.0530386463451257
"1194",2,"y","10",0,"7.1.7",1.98989966175251
"1195",2,"y","10",0,"21.3.2",1.50051704078766
"1196",2,"n","10",0,"24.1.8",1.1658749459585
"1197",2,"n","10",0,"27.2.3",-0.172337389803695
"1198",2,"y","10",0,"28.1.10",1.67596079902498
"1199",1,"y","10",4,"2.6.7",0.566709344447927
"1200",1,"y","10",4,"9.1.6",0.368049907942501
"1201",1,"y","10",4,"10.1.4",0.254972712414658
"1202",1,"n","10",4,"13.5.10",-0.182550981692044
"1203",1,"n","10",4,"20.5.1",-0.246103323032195
"1204",1,"n","10",4,"21.5.7",-0.267157004682043
"1205",2,"y","10",4,"8.6.6",0.134840277601032
"1206",2,"n","10",4,"13.1.4",-0.0734518043204768
"1207",2,"y","10",4,"13.5.4",0.459240096647089
"1208",2,"n","10",4,"14.5.3",-0.0986559886145741
"1209",2,"n","10",4,"20.3.3",-0.073601581533866
"1210",2,"y","10",4,"28.4.7",0.368994258737469
"1211",1,"n","10",12,"20.1.7",-0.233073367931071
"1212",1,"n","10",12,"23.4.3",-0.252928744497981
"1213",1,"n","10",12,"27.4.9",-0.170589683161055
"1214",1,"y","10",12,"28.3.5",-0.169452671749225
"1215",1,"y","10",12,"30.3.7",-0.204158884437925
"1216",1,"y","10",12,"32.2.5",-0.176792550802082
"1217",2,"n","10",12,"4.5.5",-0.109929570847775
"1218",2,"n","10",12,"11.1.6",-0.118879786649816
"1219",2,"y","10",12,"11.3.1",-0.231347327757444
"1220",2,"n","10",12,"20.3.5",-0.0670408228146536
"1221",2,"y","10",12,"25.5.6",-0.156062881487777
"1222",2,"y","10",12,"31.1.2",-0.218397289769117
"1223",1,"n","10",10.67,"11.2.4",-0.246401020399061
"1224",1,"y","10",10.67,"11.4.10",0.247646557156048
"1225",1,"n","10",10.67,"22.6.2",-0.326395326114713
"1226",1,"y","10",10.67,"24.3.1",-0.145536742671972
"1227",1,"n","10",10.67,"27.1.2",-0.177430640498418
"1228",1,"y","10",10.67,"29.2.5",-0.203022125083254
"1229",2,"y","10",10.67,"2.3.5",-0.199351994957072
"1230",2,"y","10",10.67,"7.4.10",-0.154370403418401
"1231",2,"n","10",10.67,"12.4.8",-0.103944510463747
"1232",2,"n","10",10.67,"20.4.7",-0.158379863846164
"1233",2,"n","10",10.67,"23.5.10",-0.139506207740528
"1234",2,"y","10",10.67,"26.6.5",-0.173510216544324
"1235",1,"y","10",6.67,"4.1.5",0.129397068074781
"1236",1,"y","10",6.67,"5.4.6",0.135748489620223
"1237",1,"n","10",6.67,"27.3.3",-0.144973607782018
"1238",1,"n","10",6.67,"27.5.1",-0.11656626118904
"1239",1,"n","10",6.67,"30.2.2",-0.0967860430648521
"1240",1,"y","10",6.67,"32.3.4",-0.0614431270679501
"1241",2,"y","10",6.67,"1.2.3",0.150232152569661
"1242",2,"y","10",6.67,"18.3.4",0.0444998066587015
"1243",2,"n","10",6.67,"19.3.6",-0.137484187855924
"1244",2,"n","10",6.67,"20.6.3",-0.130655909252287
"1245",2,"n","10",6.67,"21.5.9",-0.0889813596752333
"1246",2,"y","10",6.67,"24.5.3",-0.101387736774556
"1247",1,"n","10",5.33,"5.4.4",-0.133394658093753
"1248",1,"n","10",5.33,"9.2.8",-0.145736319368803
"1249",1,"y","10",5.33,"11.3.6",0.194208084814097
"1250",1,"n","10",5.33,"22.6.3",-0.303242407828062
"1251",1,"y","10",5.33,"27.4.3",0.201000015219411
"1252",1,"y","10",5.33,"29.1.6",0.0408241329203775
"1253",2,"y","10",5.33,"2.2.1",0.339121580320267
"1254",2,"n","10",5.33,"2.6.5",-0.108801620427973
"1255",2,"n","10",5.33,"13.3.8",-0.0736870099255678
"1256",2,"y","10",5.33,"23.6.6",0.110290689141156
"1257",2,"y","10",5.33,"27.2.9",0.0650823768159912
"1258",2,"n","10",5.33,"32.6.5",-0.178532932357995
"1259",1,"y","11",9.33,"9.5.8",0.032027040508422
"1260",1,"y","11",9.33,"13.6.9",-0.200888083608676
"1261",1,"n","11",9.33,"21.1.1",0.0248849887244227
"1262",1,"n","11",9.33,"23.3.1",-0.0808558018658365
"1263",1,"y","11",9.33,"29.4.2",0.0250473444982921
"1264",2,"n","11",9.33,"30.3.5",-0.128488504587852
"1265",2,"n","11",9.33,"1.4.10",-0.0928909685787475
"1266",2,"y","11",9.33,"7.1.2",0.148379607414773
"1267",2,"n","11",9.33,"16.3.4",-0.124992212463808
"1268",2,"y","11",9.33,"29.3.4",-0.120869775418345
"1269",2,"y","11",9.33,"30.1.9",-0.0868290951307746
"1270",1,"y","11",1.33,"10.6.6",0.823541572871027
"1271",1,"y","11",1.33,"19.6.1",0.782357769785707
"1272",1,"n","11",1.33,"24.4.7",-0.0538413875201693
"1273",1,"n","11",1.33,"30.6.4",-0.194654260886176
"1274",1,"y","11",1.33,"30.6.9",0.763068325661097
"1275",1,"n","11",1.33,"31.2.8",-0.0343103580273442
"1276",2,"n","11",1.33,"9.6.9",-0.0786703197485818
"1277",2,"y","11",1.33,"14.1.2",0.339955902923495
"1278",2,"y","11",1.33,"16.1.10",0.427164041540085
"1279",2,"n","11",1.33,"20.1.8",-0.0817938929241035
"1280",2,"n","11",1.33,"25.5.5",-0.11019289871491
"1281",2,"y","11",1.33,"27.6.9",0.40147129126555
"1282",1,"y","11",2.67,"10.5.3",0.254341252855732
"1283",1,"y","11",2.67,"15.2.3",0.440968565082309
"1284",1,"n","11",2.67,"20.1.8",-0.158079453100822
"1285",1,"n","11",2.67,"21.6.5",-0.212906468635606
"1286",1,"n","11",2.67,"23.3.6",-0.0560132614646683
"1287",1,"y","11",2.67,"31.1.7",0.309181649891162
"1288",2,"y","11",2.67,"2.1.6",0.556501817116428
"1289",2,"y","11",2.67,"5.5.4",0.588075594767532
"1290",2,"n","11",2.67,"9.6.3",-0.0662561336663803
"1291",2,"y","11",2.67,"11.5.9",0.471578459364003
"1292",2,"n","11",2.67,"21.2.9",-0.117541486646736
"1293",2,"n","11",2.67,"26.3.7",-0.1304418928764
"1294",1,"n","11",8,"5.4.8",-0.0190780534651079
"1295",1,"y","11",8,"7.4.10",0.0778016807422341
"1296",1,"n","11",8,"19.6.10",-0.00887447361431247
"1297",1,"n","11",8,"20.6.3",-0.104693355666777
"1298",1,"y","11",8,"22.3.8",-0.00175164551859113
"1299",1,"y","11",8,"31.2.2",0.138124340916945
"1300",2,"y","11",8,"4.2.7",0.118022251583602
"1301",2,"y","11",8,"4.6.10",0.151195320632276
"1302",2,"n","11",8,"8.6.8",-0.0243723207679545
"1303",2,"n","11",8,"15.4.8",-0.126031376204588
"1304",2,"n","11",8,"27.5.10",-0.111952991289587
"1305",2,"y","11",8,"27.6.7",0.0624362838949129
"1306",1,"n","11",0,"2.2.1",0.232843488324925
"1307",1,"y","11",0,"2.3.4",1.49676032033563
"1308",1,"n","11",0,"9.3.5",-0.0213089192911014
"1309",1,"y","11",0,"26.1.4",1.33781177892333
"1310",1,"y","11",0,"26.3.6",1.28319794533267
"1311",1,"n","11",0,"27.3.9",-0.0836200991825549
"1312",2,"n","11",0,"6.1.4",-0.0849740322654285
"1313",2,"n","11",0,"9.2.3",-0.0259090747151887
"1314",2,"n","11",0,"20.3.8",-0.147774959148334
"1315",2,"y","11",0,"26.5.3",1.92979443509083
"1316",2,"y","11",0,"30.4.4",1.92842512091407
"1317",2,"y","11",0,"31.3.1",1.99095982223533
"1318",1,"n","11",4,"11.6.10",1.53045183238464
"1319",1,"y","11",4,"17.4.6",0.405595462957479
"1320",1,"n","11",4,"27.6.10",-0.05832922515843
"1321",1,"n","11",4,"32.1.8",-0.0636799235968511
"1322",1,"y","11",4,"32.2.8",0.212469634302774
"1323",1,"y","11",4,"32.5.6",0.144781607217317
"1324",2,"y","11",4,"2.3.4",0.451199512422512
"1325",2,"y","11",4,"7.4.7",0.397196178737651
"1326",2,"n","11",4,"10.2.2",-0.123614517609274
"1327",2,"n","11",4,"22.2.8",-0.137668743904869
"1328",2,"n","11",4,"31.3.10",-0.122278494021218
"1329",2,"y","11",4,"31.6.7",0.182621588363047
"1330",1,"y","11",12,"7.2.3",0.138753943264043
"1331",1,"n","11",12,"17.2.8",-0.0687041461630659
"1332",1,"n","11",12,"18.3.6",-0.0880557688679508
"1333",1,"n","11",12,"24.3.2",0.0406243227802934
"1334",1,"y","11",12,"29.3.8",-0.0663918055931511
"1335",1,"y","11",12,"32.4.8",-0.00966589392676727
"1336",2,"n","11",12,"5.2.6",-0.145861701761642
"1337",2,"y","11",12,"11.5.3",-0.112972964201302
"1338",2,"y","11",12,"18.4.7",-0.115761026831967
"1339",2,"n","11",12,"19.1.5",-0.157034409748526
"1340",2,"n","11",12,"23.3.1",-0.133808731087297
"1341",2,"y","11",12,"28.5.5",-0.142255597497802
"1342",1,"y","11",10.67,"4.3.4",-0.0990302309003573
"1343",1,"y","11",10.67,"6.6.3",0.0329844273389044
"1344",1,"n","11",10.67,"11.6.1",1.44751655110116
"1345",1,"n","11",10.67,"16.4.2",0.0526725027354498
"1346",1,"y","11",10.67,"17.1.10",-0.0413526331643239
"1347",1,"n","11",10.67,"24.3.10",0.0938061634973101
"1348",2,"n","11",10.67,"2.6.3",-0.058442926820183
"1349",2,"y","11",10.67,"5.1.7",-0.113228423139743
"1350",2,"n","11",10.67,"18.2.5",-0.0491488114666522
"1351",2,"n","11",10.67,"26.2.8",-0.0717399928981133
"1352",2,"y","11",10.67,"30.1.2",-0.233490326614713
"1353",2,"y","11",10.67,"30.4.1",-0.174939340066147
"1354",1,"n","11",6.67,"2.2.7",0.105083958605872
"1355",1,"n","11",6.67,"15.3.5",-0.0889209080536874
"1356",1,"y","11",6.67,"17.6.10",0.254346449527146
"1357",1,"y","11",6.67,"20.1.1",0.249814504273428
"1358",1,"y","11",6.67,"21.1.4",0.0958029823831987
"1359",1,"n","11",6.67,"27.4.2",-0.0437873772020928
"1360",2,"n","11",6.67,"3.5.3",-0.00780214934042995
"1361",2,"n","11",6.67,"11.6.1",-0.0916952450461451
"1362",2,"y","11",6.67,"14.5.5",0.13080342045338
"1363",2,"y","11",6.67,"20.5.1",0.0447751876847786
"1364",2,"n","11",6.67,"23.5.2",-0.130144051851281
"1365",2,"y","11",6.67,"26.4.6",0.122584309099216
"1366",1,"y","11",5.33,"4.6.6",0.259680089378359
"1367",1,"n","11",5.33,"10.3.1",0.0541809190462141
"1368",1,"n","11",5.33,"17.5.7",0.0688286052678889
"1369",1,"n","11",5.33,"20.3.7",-0.061294205065475
"1370",1,"y","11",5.33,"23.2.9",0.230462560415128
"1371",1,"y","11",5.33,"30.5.3",0.0812367091759439
"1372",2,"n","11",5.33,"5.3.9",-0.0682644899005578
"1373",2,"n","11",5.33,"7.3.10",-0.11762479902691
"1374",2,"n","11",5.33,"12.5.7",-0.10634695540755
"1375",2,"y","11",5.33,"12.6.5",0.162482656682418
"1376",2,"y","11",5.33,"16.2.1",0.0887271511451764
"1377",2,"y","11",5.33,"27.4.9",0.209133971300917
"1378",1,"n","12",9.33,"5.3.2",-0.0466562805262363
"1379",1,"n","12",9.33,"12.5.8",-0.0963956909180999
"1380",1,"y","12",9.33,"14.4.5",-0.0706618966762396
"1381",1,"y","12",9.33,"19.2.10",-0.17401599970235
"1382",1,"n","12",9.33,"26.3.2",-0.154679696491049
"1383",1,"y","12",9.33,"30.2.1",-0.171512070432952
"1384",2,"y","12",9.33,"8.2.9",0.00968385602755434
"1385",2,"n","12",9.33,"16.3.9",-0.0573384449375199
"1386",2,"n","12",9.33,"18.4.6",-0.0859311973154198
"1387",2,"n","12",9.33,"26.6.2",-0.0961451629960958
"1388",2,"y","12",9.33,"29.1.4",0.428872418389398
"1389",2,"y","12",9.33,"30.2.2",-0.128036612731176
"1390",1,"y","12",1.33,"3.2.4",1.45516005285158
"1391",1,"y","12",1.33,"15.1.5",1.04505222575134
"1392",1,"n","12",1.33,"17.6.7",-0.145074075513753
"1393",1,"n","12",1.33,"24.1.7",-0.0954499599351067
"1394",1,"n","12",1.33,"30.6.10",-0.187301879894557
"1395",1,"y","12",1.33,"31.4.4",0.463949269950086
"1396",2,"n","12",1.33,"6.4.7",-0.0771997404287597
"1397",2,"n","12",1.33,"6.6.6",-0.060464148870309
"1398",2,"y","12",1.33,"9.6.6",1.3828837261866
"1399",2,"y","12",1.33,"17.6.10",1.32155838967305
"1400",2,"n","12",1.33,"24.3.4",-0.0864446952354994
"1401",2,"y","12",1.33,"26.5.6",1.35477405877237
"1402",1,"y","12",2.67,"10.2.9",0.519726835976132
"1403",1,"n","12",2.67,"16.1.10",-0.196249566733302
"1404",1,"n","12",2.67,"16.6.1",-0.17499913489362
"1405",1,"y","12",2.67,"19.6.2",0.251224388489231
"1406",1,"y","12",2.67,"23.1.2",0.350324169663409
"1407",1,"n","12",2.67,"31.6.10",-0.153994651229216
"1408",2,"y","12",2.67,"7.4.4",0.78697746678193
"1409",2,"y","12",2.67,"13.2.5",0.352846073191747
"1410",2,"n","12",2.67,"17.6.4",0.00237270120029473
"1411",2,"y","12",2.67,"29.6.1",0.773377283763597
"1412",2,"n","12",2.67,"32.1.9",-0.149865390349486
"1413",2,"n","12",2.67,"32.5.4",-0.167478678027757
"1414",1,"y","12",8,"3.1.3",0.111913017448112
"1415",1,"n","12",8,"10.5.8",-0.104066378145007
"1416",1,"n","12",8,"11.3.2",-0.206826195935654
"1417",1,"n","12",8,"22.1.9",-0.160673690765669
"1418",1,"y","12",8,"28.3.3",-0.00688733149666577
"1419",1,"y","12",8,"28.6.8",-0.119248838997854
"1420",2,"n","12",8,"6.1.5",-0.133607397683835
"1421",2,"n","12",8,"9.6.1",-0.107139896125182
"1422",2,"y","12",8,"11.6.6",-0.144446156552974
"1423",2,"n","12",8,"15.4.1",-0.0520119205726007
"1424",2,"y","12",8,"26.2.2",-0.129937062135904
"1425",2,"y","12",8,"26.4.4",0.062067673671587
"1426",1,"y","12",0,"2.3.1",1.6538359143298
"1427",1,"y","12",0,"6.1.3",1.7397550136675
"1428",1,"y","12",0,"14.3.6",1.54088577605114
"1429",1,"n","12",0,"20.2.7",-0.198624665174328
"1430",1,"n","12",0,"25.4.8",-0.177071815072938
"1431",1,"n","12",0,"29.4.8",-0.125367274462151
"1432",2,"n","12",0,"8.4.9",-0.0752945041297106
"1433",2,"y","12",0,"9.2.2",0.988728428214888
"1434",2,"n","12",0,"11.1.7",0.19240507086306
"1435",2,"n","12",0,"11.2.7",-0.107152855232148
"1436",2,"y","12",0,"18.1.2",1.5836025196003
"1437",2,"y","12",0,"23.2.10",1.74590230629937
"1438",1,"y","12",4,"6.1.6",0.341854888860441
"1439",1,"n","12",4,"9.3.6",-0.0965115462974562
"1440",1,"n","12",4,"15.2.6",-0.109533499762127
"1441",1,"y","12",4,"16.2.8",0.30676473939628
"1442",1,"y","12",4,"26.4.6",0.232686824304348
"1443",1,"n","12",4,"28.5.2",-0.143805498167996
"1444",2,"n","12",4,"3.3.7",-0.0859201213005607
"1445",2,"y","12",4,"5.6.7",0.501325806557183
"1446",2,"n","12",4,"13.4.2",-0.120416611621602
"1447",2,"y","12",4,"21.2.4",0.294990542082591
"1448",2,"y","12",4,"26.6.4",0.390135135787846
"1449",2,"n","12",4,"28.3.1",-0.140231727834877
"1450",1,"y","12",12,"2.1.6",0.0205079211101139
"1451",1,"y","12",12,"3.3.8",-0.218425928653437
"1452",1,"y","12",12,"18.3.1",-0.207642653066425
"1453",1,"n","12",12,"18.3.8",-0.199256520384649
"1454",1,"n","12",12,"29.1.1",-0.153446435509948
"1455",1,"n","12",12,"30.3.6",-0.15195229299577
"1456",2,"y","12",12,"5.6.1",-0.172606511296507
"1457",2,"y","12",12,"9.2.4",-0.18491134963392
"1458",2,"n","12",12,"9.3.8",-0.1285423083811
"1459",2,"n","12",12,"17.6.7",-0.0902730126266035
"1460",2,"y","12",12,"21.2.6",-0.145080906474685
"1461",2,"n","12",12,"26.2.10",-0.129943212417513
"1462",1,"y","12",10.67,"13.4.7",-0.109782504627251
"1463",1,"y","12",10.67,"15.5.10",-0.114315261431829
"1464",1,"y","12",10.67,"17.1.1",-0.0942864990046833
"1465",1,"n","12",10.67,"23.2.5",-0.288938460024069
"1466",1,"n","12",10.67,"24.1.4",-0.156510608332518
"1467",1,"n","12",10.67,"24.3.6",-0.0822911189665734
"1468",2,"n","12",10.67,"1.2.1",-0.0842192473350426
"1469",2,"n","12",10.67,"8.3.1",-0.118784232278508
"1470",2,"y","12",10.67,"8.5.4",-0.138061921243561
"1471",2,"y","12",10.67,"16.1.6",-0.123798934431392
"1472",2,"n","12",10.67,"21.5.10",-0.105078699093184
"1473",2,"y","12",10.67,"24.4.6",-0.15413899182067
"1474",1,"n","12",6.67,"4.2.6",-0.13900929995418
"1475",1,"y","12",6.67,"10.3.5",0.0991111010256298
"1476",1,"n","12",6.67,"13.5.4",-0.160627503253507
"1477",1,"y","12",6.67,"18.5.8",-0.0602898420395982
"1478",1,"n","12",6.67,"30.4.5",-0.167619069305788
"1479",1,"y","12",6.67,"31.3.9",0.00010324706417977
"1480",2,"n","12",6.67,"4.2.9",-0.11468761665163
"1481",2,"y","12",6.67,"15.3.9",0.0780062190784477
"1482",2,"n","12",6.67,"16.3.6",-0.130705363843293
"1483",2,"y","12",6.67,"19.3.5",0.084702140289766
"1484",2,"y","12",6.67,"24.3.10",0.0253059684587738
"1485",2,"n","12",6.67,"29.3.10",0.194945502085169
"1486",1,"n","12",5.33,"10.5.5",-0.132703863974722
"1487",1,"n","12",5.33,"18.4.9",-0.206055523972053
"1488",1,"y","12",5.33,"23.5.2",0.200834329360162
"1489",1,"y","12",5.33,"25.1.6",0.235865372240714
"1490",1,"n","12",5.33,"25.6.6",-0.0857005041930257
"1491",1,"y","12",5.33,"26.1.3",0.17560353218964
"1492",2,"y","12",5.33,"9.3.6",0.236576045685662
"1493",2,"n","12",5.33,"10.4.5",-0.16756241247515
"1494",2,"y","12",5.33,"10.4.7",0.169663217554919
"1495",2,"y","12",5.33,"18.1.3",0.256755917935071
"1496",2,"n","12",5.33,"22.3.10",-0.0783740043825582
"1497",2,"n","12",5.33,"30.2.8",-0.154202942107039
"1498",1,"n","13",9.33,"10.5.9",-0.0956562395960133
"1499",1,"n","13",9.33,"20.2.8",-0.264739280617981
"1500",1,"n","13",9.33,"21.2.4",-0.298932516049128
"1501",1,"y","13",9.33,"23.2.4",-0.118531383252535
"1502",1,"y","13",9.33,"24.1.3",0.063394635437932
"1503",1,"y","13",9.33,"32.3.8",-0.0158207339370567
"1504",2,"y","13",9.33,"3.4.5",0.0874764317434351
"1505",2,"y","13",9.33,"11.2.2",0.138657822897575
"1506",2,"n","13",9.33,"11.4.5",0.187908331363633
"1507",2,"n","13",9.33,"16.5.3",-0.0851422382881073
"1508",2,"n","13",9.33,"19.5.4",-0.116814145307735
"1509",2,"y","13",9.33,"24.3.9",-0.0957995524825991
"1510",1,"n","13",1.33,"1.3.2",-0.0622963583351323
"1511",1,"y","13",1.33,"18.4.10",0.430200608255
"1512",1,"n","13",1.33,"22.4.4",-0.247006591764642
"1513",1,"y","13",1.33,"23.6.8",1.13149196881931
"1514",1,"n","13",1.33,"27.4.5",-0.0512120440113819
"1515",1,"y","13",1.33,"28.2.5",1.02250620308079
"1516",2,"y","13",1.33,"6.5.1",1.45568913861009
"1517",2,"n","13",1.33,"7.3.1",-0.0187724948866874
"1518",2,"y","13",1.33,"10.6.1",1.34350011641241
"1519",2,"y","13",1.33,"25.4.4",1.33978256627147
"1520",2,"n","13",1.33,"30.3.4",-0.13341407074361
"1521",2,"n","13",1.33,"31.5.8",-0.13602686563354
"1522",1,"y","13",2.67,"1.2.6",0.635759318414309
"1523",1,"y","13",2.67,"8.5.2",0.628076233189313
"1524",1,"n","13",2.67,"9.6.1",-0.14215612292173
"1525",1,"n","13",2.67,"10.5.4",-0.0415035688025349
"1526",1,"n","13",2.67,"18.2.6",-0.212544687132536
"1527",1,"y","13",2.67,"19.5.8",0.66978418412431
"1528",2,"n","13",2.67,"1.2.5",-0.0894772710635659
"1529",2,"y","13",2.67,"13.5.5",0.592181178618746
"1530",2,"y","13",2.67,"16.3.2",0.585010516230417
"1531",2,"y","13",2.67,"20.2.9",0.146173034028767
"1532",2,"n","13",2.67,"21.3.10",-0.0885464449875456
"1533",2,"n","13",2.67,"21.6.1",-0.134549222091514
"1534",1,"y","13",8,"3.3.10",0.241569840648915
"1535",1,"y","13",8,"8.5.6",0.389082353023344
"1536",1,"n","13",8,"9.4.6",-0.101163732668022
"1537",1,"n","13",8,"13.6.10",-0.185818701534839
"1538",1,"n","13",8,"16.1.9",0.87794950437735
"1539",1,"y","13",8,"30.4.8",0.0186309242129568
"1540",2,"n","13",8,"16.4.5",-0.117957966642049
"1541",2,"y","13",8,"20.5.8",0.123316105873232
"1542",2,"n","13",8,"24.6.1",-0.124187241041875
"1543",2,"y","13",8,"26.6.10",0.0839420915771198
"1544",2,"n","13",8,"31.2.10",-0.175038465785512
"1545",2,"y","13",8,"32.3.9",0.0224594851640266
"1546",1,"n","13",0,"3.1.5",-0.149206237690877
"1547",1,"y","13",0,"10.6.5",1.29864087784084
"1548",1,"n","13",0,"11.4.7",-0.22130370667494
"1549",1,"y","13",0,"18.4.3",1.52863463890573
"1550",1,"y","13",0,"19.2.5",1.56028122696622
"1551",1,"n","13",0,"25.6.10",-0.14160039895031
"1552",2,"n","13",0,"19.5.7",-0.0905363198665691
"1553",2,"y","13",0,"23.6.3",1.65790977051907
"1554",2,"y","13",0,"24.4.5",1.63770312188446
"1555",2,"n","13",0,"25.6.9",-0.150536213902623
"1556",2,"n","13",0,"26.3.1",-0.119010238649716
"1557",2,"y","13",0,"29.5.3",1.86455644635893
"1558",1,"n","13",4,"8.3.8",-0.155233188397447
"1559",1,"y","13",4,"8.6.7",0.59371104080382
"1560",1,"y","13",4,"11.3.1",0.24212033125224
"1561",1,"n","13",4,"18.2.3",-0.251376491395545
"1562",1,"y","13",4,"21.1.8",0.4397649587134
"1563",1,"n","13",4,"28.6.6",-0.136139605015152
"1564",2,"n","13",4,"3.3.5",-0.0306263734297236
"1565",2,"y","13",4,"14.6.3",0.313115547154074
"1566",2,"y","13",4,"16.4.6",0.238170127455607
"1567",2,"n","13",4,"19.1.9",-0.0589461363031168
"1568",2,"n","13",4,"30.6.5",-0.122339760902236
"1569",2,"y","13",4,"32.6.3",0.0761857784860084
"1570",1,"y","13",12,"2.4.5",-0.206524356912079
"1571",1,"n","13",12,"3.5.3",-0.0373011893926911
"1572",1,"n","13",12,"8.3.3",-0.177699287191081
"1573",1,"n","13",12,"20.3.1",-0.262600888242874
"1574",1,"y","13",12,"25.4.2",-0.151147934142341
"1575",1,"y","13",12,"31.4.8",-0.100032982324147
"1576",2,"n","13",12,"18.2.7",-0.140236386615827
"1577",2,"y","13",12,"19.1.6",-0.174398994302602
"1578",2,"y","13",12,"22.1.7",-0.156072808434737
"1579",2,"y","13",12,"22.6.5",-0.126882576838319
"1580",2,"n","13",12,"26.2.3",-0.0941828589371457
"1581",2,"n","13",12,"31.4.5",-0.122844936679343
"1582",1,"y","13",10.67,"1.3.10",1.76433095749239
"1583",1,"n","13",10.67,"17.4.4",-0.214676895458515
"1584",1,"y","13",10.67,"23.5.8",-0.202338491546033
"1585",1,"y","13",10.67,"27.2.2",-0.192197196927731
"1586",1,"n","13",10.67,"30.5.7",-0.0977510592426633
"1587",1,"n","13",10.67,"31.6.8",-0.141269782804084
"1588",2,"y","13",10.67,"2.5.2",-0.0906035131280808
"1589",2,"n","13",10.67,"15.2.7",0.204690892207972
"1590",2,"y","13",10.67,"18.2.3",-0.126710848758165
"1591",2,"n","13",10.67,"19.2.3",-0.0498697102799066
"1592",2,"y","13",10.67,"19.5.9",0.109396315056721
"1593",2,"n","13",10.67,"32.1.2",-0.175587434912807
"1594",1,"y","13",6.67,"2.1.3",0.191361600338983
"1595",1,"y","13",6.67,"5.2.4",0.206768174159395
"1596",1,"n","13",6.67,"23.3.3",-0.139395149106386
"1597",1,"y","13",6.67,"24.4.1",0.16573309081815
"1598",1,"n","13",6.67,"29.4.5",-0.185107981145554
"1599",1,"n","13",6.67,"31.5.1",-0.114335021628772
"1600",2,"n","13",6.67,"19.1.7",-0.0946382624158331
"1601",2,"y","13",6.67,"26.6.8",0.0434780211323025
"1602",2,"y","13",6.67,"28.2.10",0.204331432098998
"1603",2,"n","13",6.67,"29.3.3",-0.0895206614278116
"1604",2,"y","13",6.67,"31.5.6",0.0372305234395998
"1605",2,"n","13",6.67,"32.3.10",-0.135071073733772
"1606",1,"n","13",5.33,"12.1.8",-0.178057341292333
"1607",1,"y","13",5.33,"12.6.7",0.35696431699697
"1608",1,"y","13",5.33,"14.3.1",0.321212768386994
"1609",1,"n","13",5.33,"15.5.3",-0.163471073132665
"1610",1,"y","13",5.33,"18.2.1",0.303872909037711
"1611",1,"n","13",5.33,"29.3.6",-0.120336041833456
"1612",2,"n","13",5.33,"2.5.4",-0.0950780782755757
"1613",2,"n","13",5.33,"4.6.1",-0.134389515018932
"1614",2,"y","13",5.33,"6.1.3",0.441454502018562
"1615",2,"y","13",5.33,"11.1.10",0.110037786071281
"1616",2,"y","13",5.33,"12.2.9",0.20226262866477
"1617",2,"n","13",5.33,"16.6.7",-0.094326752228624
"1618",1,"y","14",9.33,"1.4.1",0.0241925556979013
"1619",1,"n","14",9.33,"11.3.9",-0.125240653123921
"1620",1,"n","14",9.33,"14.6.5",-0.162114038340994
"1621",1,"y","14",9.33,"18.4.6",-0.160810997923703
"1622",1,"n","14",9.33,"25.5.3",-0.14422168029744
"1623",1,"y","14",9.33,"26.6.2",-0.171711304561007
"1624",2,"n","14",9.33,"6.1.6",-0.0697966582280638
"1625",2,"n","14",9.33,"7.1.9",-0.0810809464771194
"1626",2,"y","14",9.33,"11.5.4",0.174833497758428
"1627",2,"y","14",9.33,"11.5.5",-0.117531087458705
"1628",2,"n","14",9.33,"22.1.6",-0.133329048542229
"1629",2,"y","14",9.33,"31.5.4",-0.15725106275872
"1630",1,"y","14",1.33,"10.6.1",1.07048911944706
"1631",1,"n","14",1.33,"17.1.8",-0.0933580674807166
"1632",1,"y","14",1.33,"17.3.8",0.472429394068409
"1633",1,"n","14",1.33,"26.1.10",-0.101348153205428
"1634",1,"y","14",1.33,"30.1.7",1.08809032210973
"1635",1,"n","14",1.33,"32.3.1",0.891225436140085
"1636",2,"y","14",1.33,"3.2.4",1.49417356804432
"1637",2,"n","14",1.33,"7.6.6",-0.0905110214865573
"1638",2,"y","14",1.33,"9.5.10",1.40258113656507
"1639",2,"n","14",1.33,"12.6.1",-0.109815907808156
"1640",2,"y","14",1.33,"20.1.9",1.28367326886482
"1641",2,"n","14",1.33,"31.3.9",-0.122429839584212
"1642",1,"y","14",2.67,"6.1.1",0.544277711567135
"1643",1,"n","14",2.67,"10.4.3",-0.121904400476048
"1644",1,"y","14",2.67,"16.1.6",0.3190648100733
"1645",1,"y","14",2.67,"18.1.4",0.273466890152738
"1646",1,"n","14",2.67,"26.2.6",-0.0490163764335109
"1647",1,"n","14",2.67,"28.2.1",-0.11408032076969
"1648",2,"y","14",2.67,"6.4.3",0.7213003836216
"1649",2,"n","14",2.67,"7.4.3",-0.148018295710725
"1650",2,"y","14",2.67,"17.4.4",0.336854453096743
"1651",2,"y","14",2.67,"17.6.5",0.570467606100192
"1652",2,"n","14",2.67,"22.5.6",-0.0895902538298171
"1653",2,"n","14",2.67,"31.2.2",-0.122066909490436
"1654",1,"y","14",8,"11.5.5",0.121865132481414
"1655",1,"n","14",8,"13.4.4",-0.130334255604883
"1656",1,"n","14",8,"14.1.2",-0.174007238124938
"1657",1,"y","14",8,"20.1.6",-0.128572358031482
"1658",1,"y","14",8,"25.1.9",-0.150924191512358
"1659",1,"n","14",8,"30.5.10",-0.121985431598187
"1660",2,"y","14",8,"12.5.9",0.0247498414782426
"1661",2,"y","14",8,"19.4.10",0.0659200724206425
"1662",2,"n","14",8,"22.3.2",-0.106576633747006
"1663",2,"n","14",8,"28.3.4",-0.149643477026793
"1664",2,"y","14",8,"29.6.5",-0.137337198978225
"1665",2,"n","14",8,"32.5.9",-0.131022170462865
"1666",1,"n","14",0,"4.6.10",-0.173626433091655
"1667",1,"n","14",0,"7.1.1",-0.19389135620696
"1668",1,"n","14",0,"8.4.4",-0.18093565292371
"1669",1,"y","14",0,"10.4.2",1.7025184003664
"1670",1,"y","14",0,"11.1.9",1.66460332506512
"1671",1,"y","14",0,"25.3.7",1.41083927934248
"1672",2,"y","14",0,"2.1.10",2.03414673722616
"1673",2,"y","14",0,"7.1.5",0.921381859357014
"1674",2,"n","14",0,"11.3.10",1.08751070436832
"1675",2,"n","14",0,"13.6.1",-0.0957632634348376
"1676",2,"y","14",0,"21.6.4",1.62800808269184
"1677",2,"n","14",0,"29.6.9",-0.114010733811864
"1678",1,"n","14",4,"3.6.5",-0.136710093213516
"1679",1,"n","14",4,"6.1.5",-0.165291161238426
"1680",1,"y","14",4,"16.4.9",0.326605048627107
"1681",1,"n","14",4,"23.2.8",-0.31592694028532
"1682",1,"y","14",4,"23.5.9",0.164979836374963
"1683",1,"y","14",4,"29.4.10",0.212170347709947
"1684",2,"y","14",4,"2.4.9",0.471336194306661
"1685",2,"n","14",4,"16.1.2",-0.13030525260463
"1686",2,"y","14",4,"17.3.1",0.159244625565355
"1687",2,"n","14",4,"20.3.2",-0.139124260477182
"1688",2,"n","14",4,"23.1.3",-0.0937482463566228
"1689",2,"y","14",4,"32.4.2",0.474261723772924
"1690",1,"y","14",12,"3.1.7",-0.225806373774146
"1691",1,"n","14",12,"9.1.7",-0.114707239420838
"1692",1,"y","14",12,"16.5.3",-0.0984693658960015
"1693",1,"n","14",12,"19.4.3",-0.239552344097999
"1694",1,"n","14",12,"25.4.4",-0.181433716173
"1695",1,"y","14",12,"27.5.3",-0.20845355689485
"1696",2,"y","14",12,"2.3.8",-0.205209156127759
"1697",2,"n","14",12,"3.1.2",-0.0990966542300934
"1698",2,"n","14",12,"3.2.1",0.229684943826125
"1699",2,"n","14",12,"13.1.2",-0.110938703621296
"1700",2,"y","14",12,"15.5.5",-0.118713648677215
"1701",2,"y","14",12,"32.3.8",-0.188376822770348
"1702",1,"n","14",10.67,"4.6.4",-0.109189704028794
"1703",1,"n","14",10.67,"8.6.10",-0.256555270109017
"1704",1,"y","14",10.67,"9.4.4",-0.146164433388146
"1705",1,"n","14",10.67,"24.6.4",-0.17784053155123
"1706",1,"y","14",10.67,"30.4.9",-0.140551922897749
"1707",1,"y","14",10.67,"31.5.7",0.0462683056007014
"1708",2,"n","14",10.67,"1.5.7",-0.0778091303129695
"1709",2,"n","14",10.67,"3.4.1",-0.127934815228642
"1710",2,"y","14",10.67,"17.3.2",-0.135713449619002
"1711",2,"y","14",10.67,"21.6.5",-0.224960423256829
"1712",2,"y","14",10.67,"25.1.8",-0.127458254655328
"1713",2,"n","14",10.67,"27.5.9",-0.140392300552069
"1714",1,"y","14",6.67,"6.3.3",0.0642468002726359
"1715",1,"n","14",6.67,"7.4.4",-0.161217766649263
"1716",1,"y","14",6.67,"9.4.3",0.124798246991988
"1717",1,"y","14",6.67,"15.4.9",-0.110498868870684
"1718",1,"n","14",6.67,"25.3.5",-0.14801444879857
"1719",1,"n","14",6.67,"31.4.2",-0.102505844065548
"1720",2,"n","14",6.67,"2.5.6",-0.114679005717516
"1721",2,"y","14",6.67,"4.5.8",0.142204882547809
"1722",2,"y","14",6.67,"15.3.4",0.0225915202274566
"1723",2,"n","14",6.67,"29.3.8",-0.0830414727872608
"1724",2,"n","14",6.67,"30.2.7",-0.0868096429679887
"1725",2,"y","14",6.67,"30.3.2",-0.160343619662566
"1726",1,"n","14",5.33,"3.5.6",-0.0809543161137008
"1727",1,"y","14",5.33,"5.1.7",0.227606570677525
"1728",1,"y","14",5.33,"7.4.5",0.178451192851448
"1729",1,"y","14",5.33,"15.1.4",0.224564424342346
"1730",1,"n","14",5.33,"31.3.1",-0.157552053594766
"1731",2,"y","14",5.33,"32.2.7",0.0452776827624155
"1732",2,"n","14",5.33,"1.2.10",-0.129294105276227
"1733",2,"y","14",5.33,"17.3.4",0.148407185815999
"1734",2,"y","14",5.33,"20.3.1",0.237922111486866
"1735",2,"n","14",5.33,"22.4.7",-0.101529413954231
"1736",2,"n","14",5.33,"32.5.3",-0.165171174430824
"1737",1,"n","15",9.33,"1.1.2",-0.107869296172895
"1738",1,"n","15",9.33,"5.6.8",-0.139693668895168
"1739",1,"y","15",9.33,"6.5.3",-0.124951996173451
"1740",1,"y","15",9.33,"12.2.2",0.140355456360812
"1741",1,"n","15",9.33,"17.1.4",-0.083456657490949
"1742",1,"y","15",9.33,"18.2.9",-0.141681846267391
"1743",2,"n","15",9.33,"2.5.1",-0.106367165826911
"1744",2,"y","15",9.33,"11.4.1",-0.166054427309546
"1745",2,"y","15",9.33,"12.3.8",0.0732696245859935
"1746",2,"n","15",9.33,"19.6.1",-0.150779612870209
"1747",2,"y","15",9.33,"22.2.4",-0.151351838181912
"1748",2,"n","15",9.33,"30.6.6",-0.111157384311517
"1749",1,"y","15",1.33,"1.4.7",1.00377175151173
"1750",1,"y","15",1.33,"5.4.1",1.20651314057484
"1751",1,"n","15",1.33,"13.2.6",-0.140858920320793
"1752",1,"n","15",1.33,"15.5.6",-0.26398829545415
"1753",1,"y","15",1.33,"16.4.10",1.02987663717391
"1754",1,"n","15",1.33,"21.5.6",-0.145430137626676
"1755",2,"y","15",1.33,"1.1.8",1.43137946860177
"1756",2,"y","15",1.33,"11.2.5",1.32163282657863
"1757",2,"n","15",1.33,"15.5.2",-0.0851468597684189
"1758",2,"y","15",1.33,"16.5.6",1.37940958888091
"1759",2,"n","15",1.33,"22.6.4",-0.180656053868885
"1760",2,"n","15",1.33,"27.1.10",-0.138338928695498
"1761",1,"n","15",2.67,"8.4.3",-0.159767495955382
"1762",1,"y","15",2.67,"14.2.4",0.527170762444522
"1763",1,"y","15",2.67,"17.4.7",0.694470170299036
"1764",1,"n","15",2.67,"19.5.3",-0.214134031051402
"1765",1,"y","15",2.67,"24.2.6",0.515276287607246
"1766",1,"n","15",2.67,"26.1.1",-0.0915776155057728
"1767",2,"n","15",2.67,"5.3.6",-0.103167921335915
"1768",2,"n","15",2.67,"9.5.3",0.0593247306409408
"1769",2,"n","15",2.67,"17.4.6",-0.14478581658158
"1770",2,"y","15",2.67,"21.5.7",0.233037817581866
"1771",2,"y","15",2.67,"26.5.8",0.838579946568131
"1772",2,"y","15",2.67,"29.6.4",0.305217591836818
"1773",1,"y","15",8,"5.1.6",-0.0900042593904644
"1774",1,"n","15",8,"5.3.7",-0.13348460168603
"1775",1,"y","15",8,"10.1.6",0.0598920288134506
"1776",1,"n","15",8,"16.6.8",0.404320413536606
"1777",1,"y","15",8,"27.1.4",0.0173226049874491
"1778",1,"n","15",8,"31.6.1",-0.0541814004030083
"1779",2,"y","15",8,"2.5.7",0.0339761100273621
"1780",2,"y","15",8,"9.2.7",0.0891331892625453
"1781",2,"n","15",8,"14.4.1",-0.156559278598137
"1782",2,"n","15",8,"15.6.2",-0.121355704728339
"1783",2,"y","15",8,"27.4.2",-0.507037423302537
"1784",2,"n","15",8,"28.3.2",-0.0805900244978526
"1785",1,"n","15",0,"7.4.6",-0.0961614458783104
"1786",1,"y","15",0,"14.1.7",1.60748571748352
"1787",1,"n","15",0,"22.1.1",-0.183374013024643
"1788",1,"n","15",0,"23.2.6",-0.166231141803485
"1789",1,"y","15",0,"26.4.4",1.28071893808035
"1790",1,"y","15",0,"30.2.7",1.283484301204
"1791",2,"y","15",0,"3.6.6",2.0586114080469
"1792",2,"n","15",0,"7.3.2",0.0476115367154976
"1793",2,"y","15",0,"10.4.8",0.220004628534777
"1794",2,"y","15",0,"12.4.3",1.41649010543257
"1795",2,"n","15",0,"23.4.9",0.866513055409595
"1796",2,"n","15",0,"27.4.4",-0.148296697902959
"1797",1,"y","15",4,"1.4.9",0.453996794666911
"1798",1,"n","15",4,"5.3.4",-0.169699613908381
"1799",1,"n","15",4,"11.4.8",0.394283352840595
"1800",1,"y","15",4,"12.2.5",0.392818422520398
"1801",1,"n","15",4,"13.1.6",-0.136489751088289
"1802",1,"y","15",4,"24.1.10",0.221437878346366
"1803",2,"n","15",4,"5.5.2",-0.156985781908783
"1804",2,"n","15",4,"9.3.5",-0.119380222486447
"1805",2,"n","15",4,"12.1.2",-0.0904712190601722
"1806",2,"y","15",4,"23.5.4",0.3701704449848
"1807",2,"y","15",4,"28.2.4",0.181434261169761
"1808",2,"y","15",4,"31.5.1",0.272021657310479
"1809",1,"y","15",12,"1.6.1",-0.15821999758585
"1810",1,"y","15",12,"3.2.5",-0.206601021122343
"1811",1,"n","15",12,"3.4.1",-0.102949384631884
"1812",1,"n","15",12,"9.1.9",-0.19559593834591
"1813",1,"n","15",12,"12.6.9",-0.175251703105721
"1814",1,"y","15",12,"21.2.9",-0.209559908934619
"1815",2,"y","15",12,"2.3.6",-0.1365116339429
"1816",2,"n","15",12,"10.3.4",-0.100548696522622
"1817",2,"y","15",12,"16.1.9",-0.170977275975937
"1818",2,"n","15",12,"18.2.1",-0.0873293233823182
"1819",2,"y","15",12,"19.6.4",-0.201201122474121
"1820",2,"n","15",12,"20.1.4",-0.0679353255938095
"1821",1,"n","15",10.67,"1.5.2",0.0960045661665636
"1822",1,"n","15",10.67,"6.2.2",-0.069975425011018
"1823",1,"y","15",10.67,"23.6.1",-0.207340613746385
"1824",1,"y","15",10.67,"24.6.2",-0.153805623637566
"1825",1,"n","15",10.67,"24.6.7",-0.137006647793092
"1826",1,"y","15",10.67,"26.5.6",-0.177603119716439
"1827",2,"y","15",10.67,"1.1.10",-0.155488457725705
"1828",2,"n","15",10.67,"3.2.8",-0.0711814187141497
"1829",2,"y","15",10.67,"7.3.6",-0.156614609686256
"1830",2,"n","15",10.67,"14.5.10",-0.0520133582138991
"1831",2,"y","15",10.67,"20.4.1",-0.212233066640155
"1832",2,"n","15",10.67,"32.2.6",-0.150889897559305
"1833",1,"n","15",6.67,"13.2.4",-0.10377289039026
"1834",1,"n","15",6.67,"15.3.7",-0.110096401478979
"1835",1,"y","15",6.67,"18.2.8",0.129845074534432
"1836",1,"n","15",6.67,"22.1.3",-0.00882829424997305
"1837",1,"y","15",6.67,"23.5.10",0.182041758900073
"1838",1,"y","15",6.67,"28.1.9",-0.0841168730852136
"1839",2,"y","15",6.67,"1.4.3",0.120875977579324
"1840",2,"y","15",6.67,"11.6.5",0.0790019566582038
"1841",2,"y","15",6.67,"14.1.9",0.0290939790099796
"1842",2,"n","15",6.67,"24.2.3",-0.164816124294313
"1843",2,"n","15",6.67,"27.2.5",-0.109061972653985
"1844",2,"n","15",6.67,"32.3.4",-0.116576595667931
"1845",1,"y","15",5.33,"9.4.10",0.186223394327689
"1846",1,"y","15",5.33,"15.6.10",0.214957835443239
"1847",1,"n","15",5.33,"20.3.8",-0.194584595166699
"1848",1,"n","15",5.33,"20.4.1",-0.15565424397867
"1849",1,"y","15",5.33,"23.1.9",0.221862792649576
"1850",1,"n","15",5.33,"26.1.2",-0.126727131433468
"1851",2,"n","15",5.33,"5.3.3",-0.111072660016604
"1852",2,"n","15",5.33,"11.2.8",-0.11480503950385
"1853",2,"y","15",5.33,"12.1.8",0.252183911883904
"1854",2,"y","15",5.33,"16.1.1",0.183650373805107
"1855",2,"n","15",5.33,"16.6.8",-0.0901245165971179
"1856",2,"y","15",5.33,"18.6.5",0.236578334877063
"1857",1,"n","all",9.33,"5.2.1",0.0455792053891988
"1858",1,"n","all",9.33,"8.6.1",0.0259993051599286
"1859",1,"y","all",9.33,"11.2.10",1.39521134764347
"1860",1,"n","all",9.33,"13.2.1",0.284202435609695
"1861",1,"y","all",9.33,"15.6.6",-0.0375193488991743
"1862",1,"y","all",9.33,"24.4.2",0.0853034204122112
"1863",2,"y","all",9.33,"1.2.7",0.106459327009422
"1864",2,"y","all",9.33,"2.6.6",0.11026952107014
"1865",2,"n","all",9.33,"2.6.7",-0.14021721145279
"1866",2,"y","all",9.33,"16.2.4",0.0978610768411462
"1867",2,"n","all",9.33,"18.3.6",-0.102354015172166
"1868",2,"n","all",9.33,"23.5.9",-0.0619065098599812
"1869",1,"n","all",1.33,"1.5.7",-0.0633305581173646
"1870",1,"y","all",1.33,"5.5.3",1.43605039798725
"1871",1,"n","all",1.33,"7.5.2",-0.0560242926336181
"1872",1,"y","all",1.33,"7.6.2",1.27228904265328
"1873",1,"y","all",1.33,"8.5.9",1.08072502775594
"1874",1,"n","all",1.33,"29.5.6",-0.0826794110809519
"1875",2,"n","all",1.33,"1.6.7",-0.121016065775168
"1876",2,"n","all",1.33,"6.6.8",-0.0771175364128707
"1877",2,"y","all",1.33,"15.6.5",1.21343817234748
"1878",2,"n","all",1.33,"18.1.6",-0.165697883358389
"1879",2,"y","all",1.33,"20.4.10",1.25846777759266
"1880",2,"y","all",1.33,"28.1.7",1.37727019914575
"1881",1,"n","all",2.67,"2.5.9",-0.0458082610557729
"1882",1,"n","all",2.67,"3.5.2",0.0150772398737895
"1883",1,"y","all",2.67,"3.6.9",0.735816385803909
"1884",1,"n","all",2.67,"5.4.3",-0.0271804479830032
"1885",1,"y","all",2.67,"7.6.1",0.596510421953202
"1886",1,"y","all",2.67,"19.3.8",0.49597591001757
"1887",2,"n","all",2.67,"3.6.8",-0.115161582980375
"1888",2,"y","all",2.67,"5.2.10",0.600677963813438
"1889",2,"n","all",2.67,"8.4.8",-0.130905636612222
"1890",2,"n","all",2.67,"11.3.2",0.0547866161834633
"1891",2,"y","all",2.67,"22.3.9",0.612989973069417
"1892",2,"y","all",2.67,"32.6.6",0.332636824939728
"1893",1,"n","all",8,"1.6.3",0.0343698860839701
"1894",1,"y","all",8,"3.1.10",0.0859994093553471
"1895",1,"n","all",8,"13.6.7",-0.190997077362944
"1896",1,"n","all",8,"21.6.2",-0.125155921026468
"1897",1,"y","all",8,"24.4.8",0.0760855408355221
"1898",1,"y","all",8,"26.4.3",0.0467334031035261
"1899",2,"n","all",8,"9.3.3",-0.117013310342955
"1900",2,"n","all",8,"13.3.1",-0.137018434055575
"1901",2,"y","all",8,"14.4.6",0.0590694384372941
"1902",2,"n","all",8,"21.4.8",-0.150756454365588
"1903",2,"y","all",8,"25.6.5",0.0189683799914571
"1904",2,"y","all",8,"26.4.1",0.092052894335393
"1905",1,"y","all",0,"2.4.2",1.69786794587688
"1906",1,"n","all",0,"8.1.3",-0.138150453070975
"1907",1,"n","all",0,"8.1.8",-0.0624854559169278
"1908",1,"n","all",0,"13.4.2",-0.214016508613098
"1909",1,"y","all",0,"15.1.2",1.34524200578076
"1910",1,"y","all",0,"32.5.1",1.42059095247824
"1911",2,"n","all",0,"10.4.4",-0.0647827251137032
"1912",2,"y","all",0,"10.6.2",2.10133054849993
"1913",2,"n","all",0,"21.3.7",-0.134290005444118
"1914",2,"n","all",0,"23.6.1",0.699368696725957
"1915",2,"y","all",0,"24.2.8",1.68099846770194
"1916",2,"y","all",0,"29.1.8",2.0266068234106
"1917",1,"y","all",4,"4.5.5",0.390093209328402
"1918",1,"n","all",4,"17.5.2",-0.114495813230183
"1919",1,"n","all",4,"18.5.7",-0.0983782405070364
"1920",1,"y","all",4,"30.1.1",0.327447460225509
"1921",1,"n","all",4,"30.5.5",-0.106167322790791
"1922",1,"y","all",4,"32.1.3",0.212839487020847
"1923",2,"n","all",4,"6.1.9",-0.0723735153853397
"1924",2,"n","all",4,"7.5.3",-0.0494489502095087
"1925",2,"y","all",4,"13.1.10",0.200275985799822
"1926",2,"n","all",4,"18.3.8",-0.0887645250591066
"1927",2,"y","all",4,"21.4.3",0.100938336992676
"1928",2,"y","all",4,"25.5.9",0.270350888815334
"1929",1,"y","all",12,"2.1.4",-0.0878652679486947
"1930",1,"y","all",12,"9.5.7",-0.047275752061613
"1931",1,"n","all",12,"24.1.2",0.0214215555443587
"1932",1,"n","all",12,"27.3.4",-0.0696030444799576
"1933",1,"n","all",12,"28.1.8",0.00390375317603115
"1934",1,"y","all",12,"32.5.9",-0.178203028060661
"1935",2,"n","all",12,"4.6.5",-0.0435502054955538
"1936",2,"n","all",12,"11.5.10",-0.106599677220939
"1937",2,"y","all",12,"12.5.2",-0.109497049266215
"1938",2,"y","all",12,"15.2.10",-0.148631457876489
"1939",2,"y","all",12,"15.5.1",-0.144537121970272
"1940",2,"n","all",12,"19.1.4",-0.123137070224147
"1941",1,"y","all",10.67,"2.4.8",-0.0401283029529706
"1942",1,"n","all",10.67,"6.2.6",-0.02454276832068
"1943",1,"y","all",10.67,"12.6.4",-0.00325159295292776
"1944",1,"n","all",10.67,"20.5.8",-0.100281272914977
"1945",1,"n","all",10.67,"22.6.5",-0.133866789813838
"1946",1,"y","all",10.67,"25.1.2",0.00040022896357335
"1947",2,"y","all",10.67,"13.2.9",-0.095303076040388
"1948",2,"n","all",10.67,"15.6.10",-0.112565672800406
"1949",2,"n","all",10.67,"19.4.8",-0.150395625977771
"1950",2,"y","all",10.67,"21.3.8",-0.131778181963686
"1951",2,"y","all",10.67,"28.3.3",-0.110521289162257
"1952",2,"n","all",10.67,"32.4.6",-0.134887898824407
"1953",1,"n","all",6.67,"10.2.1",-0.0254989732343695
"1954",1,"y","all",6.67,"10.4.10",0.164141465632279
"1955",1,"y","all",6.67,"11.2.9",0.146270171646864
"1956",1,"n","all",6.67,"12.5.4",-0.0642179901016036
"1957",1,"y","all",6.67,"14.4.8",0.219506523737838
"1958",1,"n","all",6.67,"32.5.3",-0.0617962931095305
"1959",2,"y","all",6.67,"5.4.9",0.146158499491419
"1960",2,"n","all",6.67,"8.2.4",-0.0915085510283273
"1961",2,"n","all",6.67,"25.1.5",-0.0527996461033585
"1962",2,"y","all",6.67,"27.6.10",0.0445105513613666
"1963",2,"n","all",6.67,"31.3.3",-0.116880839748352
"1964",2,"y","all",6.67,"31.5.3",-0.0603974139022506
"1965",1,"y","all",5.33,"4.3.1",0.25461503386237
"1966",1,"y","all",5.33,"22.6.9",0.212831203108572
"1967",1,"n","all",5.33,"25.2.2",-0.054543056960147
"1968",1,"n","all",5.33,"25.2.6",-0.0231920222195778
"1969",1,"y","all",5.33,"25.4.10",0.132842187154518
"1970",1,"n","all",5.33,"28.3.4",-0.0283298279883447
"1971",2,"n","all",5.33,"5.3.1",-0.0990979152309922
"1972",2,"n","all",5.33,"20.6.9",-0.0998168754532534
"1973",2,"y","all",5.33,"26.6.9",0.172337621872379
"1974",2,"y","all",5.33,"29.1.3",0.143229469759594
"1975",2,"y","all",5.33,"31.5.10",0.134368368516369
"1976",2,"n","all",5.33,"32.4.5",-0.0859452783608595
