"trait","median","lo","hi","pNA","mic","method"
"mumax",1.56928171316667,1.49576231566667,1.64544944520333,0,"none","pooled"
"ks",56.8223437,47.0963646666667,67.3004174666667,0,"none","pooled"
"affinity",0.0275824624949625,0.0232251544064908,0.0320673483017289,0,"none","pooled"
"mumax",1.56038739992167,1.48381531753333,1.64081245366667,0,"1","pooled"
"ks",67.2042801666667,54.7199796,81.1790106666667,0,"1","pooled"
"affinity",0.0231856378912329,0.0193509489305137,0.0276513704486264,0,"1","pooled"
"mumax",1.57263414848333,1.49889752316667,1.646057864,0,"10","pooled"
"ks",49.482835,41.8124946666667,58.3511233333333,0,"10","pooled"
"affinity",0.0317904292037468,0.02711922063881,0.0368175648985978,0,"10","pooled"
"mumax",1.53161480116667,1.43724420733333,1.61014201525,0,"11","pooled"
"ks",87.3086633333333,68.3617106666667,106.415857,0,"11","pooled"
"affinity",0.0175251467943259,0.0141751072956178,0.0209805741073073,0,"11","pooled"
"mumax",1.56858165641667,1.49869804483333,1.64542959218,0,"12","pooled"
"ks",47.1750111666667,39.6613703333333,55.5057764333333,0,"12","pooled"
"affinity",0.0332621006114169,0.0282414790316181,0.0384130982264485,0,"12","pooled"
"mumax",1.568834035,1.49166759666667,1.64797828666667,0,"13","pooled"
"ks",73.1527193166667,60.5829069133333,88.1046963333333,0,"13","pooled"
"affinity",0.0214520887824171,0.0181043828198589,0.0254361865769741,0,"13","pooled"
"mumax",1.57333469635,1.50046442233333,1.653273391,0,"14","pooled"
"ks",50.0302581666667,42.0382055666667,59.184415,0,"14","pooled"
"affinity",0.0314588770639117,0.0266348847641106,0.0364261959635616,0,"14","pooled"
"mumax",1.547218019,1.46378420866667,1.61999355366667,0,"15","pooled"
"ks",50.6292951666667,41.8845813333333,60.4973902,0,"15","pooled"
"affinity",0.030473625805246,0.0255819603156339,0.0356613134506543,0,"15","pooled"
"mumax",1.58919183761667,1.514765037,1.67366486233333,0,"2","pooled"
"ks",57.1015499166667,47.4415185666667,68.1591840866667,0,"2","pooled"
"affinity",0.0278525252560732,0.0236814185968156,0.0327282302864463,0,"2","pooled"
"mumax",1.57202569075,1.49923167733333,1.65316896773333,0,"3","pooled"
"ks",54.8168872333333,44.7084306666667,65.0429474666667,0,"3","pooled"
"affinity",0.0287173441054859,0.0239852728045355,0.0336857241640316,0,"3","pooled"
"mumax",1.52739734813333,1.4350449223,1.60202942766667,0,"4","pooled"
"ks",56.9616343333333,45.5796626666667,69.3304611666667,0,"4","pooled"
"affinity",0.0267785310628261,0.0217502289923749,0.0318510658557964,0,"4","pooled"
"mumax",1.58715372911667,1.51567827566667,1.67644304866667,0,"5","pooled"
"ks",60.8662345,50.4369887,72.3220846666667,0,"5","pooled"
"affinity",0.0260653319762101,0.0219337721193198,0.0303923651797584,0,"5","pooled"
"mumax",1.5489566955,1.46347394333333,1.62335066766667,0,"6","pooled"
"ks",64.1642376333333,52.0506122,77.9534453333333,0,"6","pooled"
"affinity",0.0241011377101151,0.0199901575662816,0.0287747385957064,0,"6","pooled"
"mumax",1.5512098675,1.46781139766667,1.62429215833333,0,"7","pooled"
"ks",63.2746487,51.7796079333333,77.4857633333333,0,"7","pooled"
"affinity",0.0244446566925572,0.0200685509502174,0.0289161147239855,0,"7","pooled"
"mumax",1.57725653466667,1.50689465066667,1.66277094933333,0,"8","pooled"
"ks",57.8647456333333,48.144471,69.0798502033334,0,"8","pooled"
"affinity",0.0273111268040872,0.0229655689461486,0.0319403386793376,0,"8","pooled"
"mumax",1.52433781616667,1.43421919266667,1.59874786633333,0,"9","pooled"
"ks",58.9582677333333,48.1715676,71.3021404666667,0,"9","pooled"
"affinity",0.0258198305788731,0.0215150255543657,0.0307408564283259,0,"9","pooled"
"mumax",1.663832193,1.55426141483333,1.78737525866667,0,"all","pooled"
"ks",81.3034856666667,66.4650525333333,99.4563793333333,0,"all","pooled"
"affinity",0.0204485848839253,0.0170688333221358,0.0240112572384161,0,"all","pooled"
"mumax",1.54595077253333,1.45222834666667,1.63892112666667,0,"none","individual"
"ks",49.6242160666667,38.1358886666667,62.8721633333333,0,"none","individual"
"affinity",0.0311755026014172,0.0249020778302791,0.0383792009223739,0,"none","individual"
"mumax",1.56794680666667,1.430753805,1.71510659,0,"1","individual"
"ks",68.2150502,46.665801,90.9043146,0,"1","individual"
"affinity",0.0230060723276457,0.0172773220649393,0.0302364790008802,0,"1","individual"
"mumax",1.55890040916667,1.44999773633333,1.66202377766667,0,"10","individual"
"ks",43.0778173333333,31.1422566,57.419286,0,"10","individual"
"affinity",0.0361905085996127,0.0273457278764775,0.0469211620767786,0,"10","individual"
"mumax",1.50818916333333,1.34979569666667,1.67007035866667,0,"11","individual"
"ks",87.8490436283333,61.9890325,114.6515303,0,"11","individual"
"affinity",0.0171572289317828,0.0131045520867125,0.022070807006226,0,"11","individual"
"mumax",1.56027210283333,1.46178450666667,1.64990398,0,"12","individual"
"ks",43.4892261166667,33.12139,55.4871106666667,0,"12","individual"
"affinity",0.0358509765116907,0.028113373546969,0.04434354622542,0,"12","individual"
"mumax",1.58397668333333,1.46571483866667,1.69839490333333,0,"13","individual"
"ks",76.3865529333333,57.3739359666667,95.9744676666667,0,"13","individual"
"affinity",0.0207568672799228,0.016265687006985,0.0253813001938979,0,"13","individual"
"mumax",1.54389564,1.45905399666667,1.63057494466667,0,"14","individual"
"ks",40.571575,31.4076776666667,50.4765283666667,0,"14","individual"
"affinity",0.0380725013689645,0.0304315777028682,0.0463028919806074,0,"14","individual"
"mumax",1.50492840066667,1.39314024733333,1.60841504333333,0,"15","individual"
"ks",43.917157,31.1884726666667,59.7970434666667,0,"15","individual"
"affinity",0.034220129737524,0.0246738791759103,0.0439116503158639,0,"15","individual"
"mumax",1.605135774,1.51247108933333,1.700240808,0,"2","individual"
"ks",53.26989295,40.5304526333333,68.5271803333333,0,"2","individual"
"affinity",0.0301328156634631,0.023278802148618,0.0368003366659242,0,"2","individual"
"mumax",1.56713707013333,1.46537028966667,1.66432355,0,"3","individual"
"ks",50.08382165,37.2317869,66.7058269,0,"3","individual"
"affinity",0.0312636405945255,0.0232506877596979,0.039408679652502,0,"3","individual"
"mumax",1.45230895083333,1.333425545,1.573849997,0,"4","individual"
"ks",48.0957747333333,33.3026453333333,64.5166365466667,0,"4","individual"
"affinity",0.030237968367937,0.0225232740765884,0.0398708195857503,0,"4","individual"
"mumax",1.60741857166667,1.49395692333333,1.72616823666667,0,"5","individual"
"ks",59.5034105833333,44.8484668,76.0633043333333,0,"5","individual"
"affinity",0.0270107225791957,0.0214809546004228,0.0335888297078995,0,"5","individual"
"mumax",1.53889134766667,1.42830900333333,1.64457755183333,0,"6","individual"
"ks",63.40233045,46.6134845333333,84.3050313333333,0,"6","individual"
"affinity",0.0242319869214393,0.0184060657406595,0.0308610395082369,0,"6","individual"
"mumax",1.54201012406667,1.40246847051667,1.6871531,0,"7","individual"
"ks",64.6641537666667,44.1074893333333,86.1446531,0,"7","individual"
"affinity",0.0238488518470459,0.017793381282845,0.0313884197575167,0,"7","individual"
"mumax",1.57075544333333,1.47481646333333,1.66750195333333,0,"8","individual"
"ks",51.3476272166667,38.0158118666667,67.4196306666667,0,"8","individual"
"affinity",0.0305791877475337,0.0233561616700072,0.0386475488683251,0,"8","individual"
"mumax",1.43942181533333,1.35388589266667,1.52678557233333,0,"9","individual"
"ks",45.13431135,34.1583729666667,57.3121856666667,0,"9","individual"
"affinity",0.0318600377780015,0.025398863793353,0.0393170237674968,0,"9","individual"
"mumax",1.835175385,1.68634653866667,1.97875732066667,0,"all","individual"
"ks",99.2717405,76.0624584333333,122.764412333333,0,"all","individual"
"affinity",0.0184590025967402,0.0149907736293746,0.0222179864870344,0,"all","individual"
