"mic","trait","delta","lo","hi","excl0","pNA","method"
"1","mumax",-0.00751274160000004,-0.114787349,0.0967221636,FALSE,0,"pooled"
"1","ks",10.26640315,-5.50080584,26.6956483,FALSE,0,"pooled"
"1","affinity",-0.00437767617703595,-0.0102339742178305,0.00137414079771972,FALSE,0,"pooled"
"10","mumax",0.00288478349999999,-0.097142705,0.1089659491,FALSE,0,"pooled"
"10","ks",-7.265481565,-19.163323,4.8641317,FALSE,0,"pooled"
"10","affinity",0.00417558741030366,-0.00167501400103157,0.0103054371446056,FALSE,0,"pooled"
"11","mumax",-0.0368887791999999,-0.16185214,0.0602281680000001,FALSE,0,"pooled"
"11","ks",30.1865053,8.9961545,51.4562872,TRUE,0,"pooled"
"11","affinity",-0.0100004374948735,-0.0155510811787479,-0.00466196612629238,TRUE,0,"pooled"
"12","mumax",-0.000202772475000002,-0.100147172,0.1033027955,FALSE,0,"pooled"
"12","ks",-9.63794410000001,-22.488482,1.4064266,FALSE,0,"pooled"
"12","affinity",0.00572944334993176,-0.000530513746937897,0.0118069562788283,FALSE,0,"pooled"
"13","mumax",-0.000285511399999994,-0.105831352,0.105932875,FALSE,0,"pooled"
"13","ks",16.2652029,0.58128769999999,33.496924,TRUE,0,"pooled"
"13","affinity",-0.00614800919420221,-0.0118703625137731,-0.000694943670913422,TRUE,0,"pooled"
"14","mumax",0.0027337248999999,-0.097206476,0.108222872,FALSE,0,"pooled"
"14","ks",-6.7067989,-18.92009464,5.5565034,FALSE,0,"pooled"
"14","affinity",0.00378204852572274,-0.00212437650515564,0.0100382566077241,FALSE,0,"pooled"
"15","mumax",-0.02054291605,-0.133346376,0.0753226012699999,FALSE,0,"pooled"
"15","ks",-6.201036345,-19.8184162,5.93660869999999,FALSE,0,"pooled"
"15","affinity",0.00286941167092372,-0.003140311344482,0.00922383722414176,FALSE,0,"pooled"
"2","mumax",0.0180478437,-0.0789651419999999,0.1279517673,FALSE,0,"pooled"
"2","ks",0.186571149999999,-13.977113,13.583597,FALSE,0,"pooled"
"2","affinity",0.000330433230895428,-0.00560171966449124,0.00646947606171046,FALSE,0,"pooled"
"3","mumax",0.00134948550000014,-0.100113513,0.103634191,FALSE,0,"pooled"
"3","ks",-2.1213771,-15.3201578,11.0915771,FALSE,0,"pooled"
"3","affinity",0.00110652442530228,-0.00490219095885479,0.00722351001847011,FALSE,0,"pooled"
"4","mumax",-0.0413329025000001,-0.156233478,0.0564784120000001,FALSE,0,"pooled"
"4","ks",-0.015013549999999,-14.2935286,15.55916115,FALSE,0,"pooled"
"4","affinity",-0.000815521589367178,-0.00755013243032084,0.00535875447380279,FALSE,0,"pooled"
"5","mumax",0.01599278545,-0.082163363,0.126095331,FALSE,0,"pooled"
"5","ks",4.0438685,-9.8409394,18.9435142,FALSE,0,"pooled"
"5","affinity",-0.00149232269443162,-0.00726651336224471,0.00434084585983907,FALSE,0,"pooled"
"6","mumax",-0.0192855891,-0.134143085,0.07603491,FALSE,0,"pooled"
"6","ks",7.326621695,-8.4657693,23.3251688,FALSE,0,"pooled"
"6","affinity",-0.00354668109230207,-0.00952732569620607,0.00248573555871659,FALSE,0,"pooled"
"7","mumax",-0.0170734469,-0.124885527,0.0856637063900001,FALSE,0,"pooled"
"7","ks",6.42884655,-9.6635112,22.1239944,FALSE,0,"pooled"
"7","affinity",-0.00308102140676797,-0.00925182386826349,0.00294961028714539,FALSE,0,"pooled"
"8","mumax",0.00685443949999998,-0.0914047613000002,0.115533573,FALSE,0,"pooled"
"8","ks",0.990719600000002,-13.0714428,14.4966035,FALSE,0,"pooled"
"8","affinity",-0.000296217312498412,-0.00623045366637722,0.00563463199242904,FALSE,0,"pooled"
"9","mumax",-0.04372910565,-0.163144706,0.0503524449999999,FALSE,0,"pooled"
"9","ks",2.04891755,-12.1304911,17.3133845,FALSE,0,"pooled"
"9","affinity",-0.00175218307780351,-0.00775203665031339,0.00421503401501719,FALSE,0,"pooled"
"all","mumax",0.0902566992999999,-0.0162127715,0.2409683962,FALSE,0,"pooled"
"all","ks",24.26672115,6.4316314,44.15101,TRUE,0,"pooled"
"all","affinity",-0.00713000023457381,-0.012761920289753,-0.00194078627897813,TRUE,0,"pooled"
"1","mumax",0.0230285621666666,-0.1409793835,0.200051428666667,FALSE,0,"individual"
"1","ks",18.36327935,-5.32884542333334,45.6286093333333,FALSE,0,"individual"
"1","affinity",-0.0080431645802793,-0.0174389812225405,0.00174379919707275,FALSE,0,"individual"
"10","mumax",0.0127233628333334,-0.128400002333333,0.154084632333333,FALSE,0,"individual"
"10","ks",-6.38322666666667,-24.3192693333333,12.8554609,FALSE,0,"individual"
"10","affinity",0.00495771393448136,-0.00724906991206318,0.0168607442737217,FALSE,0,"individual"
"11","mumax",-0.0402786933333334,-0.223831661,0.143015913333334,FALSE,0,"individual"
"11","ks",38.0937320166667,9.10372557000001,67.3251145666667,TRUE,0,"individual"
"11","affinity",-0.0140083110638714,-0.0224533447443217,-0.00602553694297524,TRUE,0,"individual"
"12","mumax",0.0135630333333333,-0.118318186333333,0.14335982,FALSE,0,"individual"
"12","ks",-6.21160361666667,-23.0711307666667,10.7581563333333,FALSE,0,"individual"
"12","affinity",0.00467935782320006,-0.00600960817553822,0.0153045138387794,FALSE,0,"individual"
"13","mumax",0.0385502401666666,-0.112303026666666,0.17877419,FALSE,0,"individual"
"13","ks",26.6862637233333,4.47511166666667,50.9492449,TRUE,0,"individual"
"13","affinity",-0.0103848551750499,-0.0190797944242977,-0.00252987658165322,TRUE,0,"individual"
"14","mumax",-0.00279283016666676,-0.131594640666667,0.118342361666667,FALSE,0,"individual"
"14","ks",-9.12023600833333,-25.2384094,6.61749133333333,FALSE,0,"individual"
"14","affinity",0.00691592220704302,-0.00392527504132161,0.0174452203241328,FALSE,0,"individual"
"15","mumax",-0.0420906023333334,-0.183503916333333,0.0991505044666665,FALSE,0,"individual"
"15","ks",-5.48921508333333,-23.97565,14.416041,FALSE,0,"individual"
"15","affinity",0.00296360934448931,-0.00849771049874379,0.0148197164971182,FALSE,0,"individual"
"2","mumax",0.0596643698499998,-0.0808690760000002,0.186643977,FALSE,0,"individual"
"2","ks",3.63635296666667,-15.3936806666667,22.2805499,FALSE,0,"individual"
"2","affinity",-0.0010657102076777,-0.0105370418431786,0.0087370664510155,FALSE,0,"individual"
"3","mumax",0.0201003712,-0.120759025666666,0.151194815333333,FALSE,0,"individual"
"3","ks",0.372374319999995,-19.0230493333333,20.1192498666667,FALSE,0,"individual"
"3","affinity",0.00014208010852439,-0.0106773252141288,0.0107225209324019,FALSE,0,"individual"
"4","mumax",-0.0930629915849999,-0.247176257,0.0562652236666668,FALSE,0,"individual"
"4","ks",-1.5641045,-21.8297067666667,19.9072752333333,FALSE,0,"individual"
"4","affinity",-0.00088415968934321,-0.0114897216341863,0.0111139923388135,FALSE,0,"individual"
"5","mumax",0.0606331074999999,-0.0834150435000001,0.212816682666667,FALSE,0,"individual"
"5","ks",9.80926086666667,-9.81532453333332,30.8518276666667,FALSE,0,"individual"
"5","affinity",-0.00413104695923924,-0.0134351584823935,0.00518146988383658,FALSE,0,"individual"
"6","mumax",-0.00808900633333343,-0.143173226,0.143282329,FALSE,0,"individual"
"6","ks",13.73663415,-8.28160923333334,38.5576065,FALSE,0,"individual"
"6","affinity",-0.00690402374686454,-0.0162879515155565,0.00277791275173594,FALSE,0,"individual"
"7","mumax",-0.00600586083333321,-0.171862680333333,0.166049193333333,FALSE,0,"individual"
"7","ks",14.8384592833333,-10.4749953333333,39.2753869366667,FALSE,0,"individual"
"7","affinity",-0.00725032240868054,-0.0169848401470714,0.00274619385202759,FALSE,0,"individual"
"8","mumax",0.0228849749100002,-0.105377514333333,0.157146337333333,FALSE,0,"individual"
"8","ks",1.77156805,-17.2489284733333,22.142928,FALSE,0,"individual"
"8","affinity",-0.000583793352318831,-0.0107928570672355,0.01022633968446,FALSE,0,"individual"
"9","mumax",-0.1057185375,-0.239138660033333,0.0160440399999999,FALSE,0,"individual"
"9","ks",-4.45036668333334,-22.0479285,12.3400799,FALSE,0,"individual"
"9","affinity",0.000714584050776299,-0.00882316015941232,0.0109024620390028,FALSE,0,"individual"
"all","mumax",0.287569457333333,0.104422403333333,0.452927096666667,TRUE,0,"individual"
"all","ks",49.5123992,23.5499973,76.3363420933333,TRUE,0,"individual"
"all","affinity",-0.0126457706498538,-0.020309766687562,-0.00495888926021609,TRUE,0,"individual"
