"axis","trait","type","contrast","median","lo","hi","sig"
"nitrogen","affinity","microbe_vs_none","mic_1",-0.00804,-0.0174,0.00174,FALSE
"nitrogen","affinity","microbe_vs_none","mic_10",0.00496,-0.00725,0.0169,FALSE
"nitrogen","affinity","microbe_vs_none","mic_11",-0.014,-0.0225,-0.00603,TRUE
"nitrogen","affinity","microbe_vs_none","mic_12",0.00468,-0.00601,0.0153,FALSE
"nitrogen","affinity","microbe_vs_none","mic_13",-0.0104,-0.0191,-0.00253,TRUE
"nitrogen","affinity","microbe_vs_none","mic_14",0.00692,-0.00393,0.0174,FALSE
"nitrogen","affinity","microbe_vs_none","mic_15",0.00296,-0.0085,0.0148,FALSE
"nitrogen","affinity","microbe_vs_none","mic_2",-0.00107,-0.0105,0.00874,FALSE
"nitrogen","affinity","microbe_vs_none","mic_3",0.000142,-0.0107,0.0107,FALSE
"nitrogen","affinity","microbe_vs_none","mic_4",-0.000884,-0.0115,0.0111,FALSE
"nitrogen","affinity","microbe_vs_none","mic_5",-0.00413,-0.0134,0.00518,FALSE
"nitrogen","affinity","microbe_vs_none","mic_6",-0.0069,-0.0163,0.00278,FALSE
"nitrogen","affinity","microbe_vs_none","mic_7",-0.00725,-0.017,0.00275,FALSE
"nitrogen","affinity","microbe_vs_none","mic_8",-0.000584,-0.0108,0.0102,FALSE
"nitrogen","affinity","microbe_vs_none","mic_9",0.000715,-0.00882,0.0109,FALSE
"nitrogen","affinity","community_vs_none","all",-0.0126,-0.0203,-0.00496,TRUE
"nitrogen","affinity","emergent_mean","all - mean(15)",-0.0107,-0.0146,-0.00632,TRUE
"nitrogen","affinity","emergent_sum","all - sum(15)",0.0171,-0.0792,0.123,FALSE
"nitrogen","ks","microbe_vs_none","mic_1",18.4,-5.33,45.6,FALSE
"nitrogen","ks","microbe_vs_none","mic_10",-6.38,-24.3,12.9,FALSE
"nitrogen","ks","microbe_vs_none","mic_11",38.1,9.1,67.3,TRUE
"nitrogen","ks","microbe_vs_none","mic_12",-6.21,-23.1,10.8,FALSE
"nitrogen","ks","microbe_vs_none","mic_13",26.7,4.48,50.9,TRUE
"nitrogen","ks","microbe_vs_none","mic_14",-9.12,-25.2,6.62,FALSE
"nitrogen","ks","microbe_vs_none","mic_15",-5.49,-24,14.4,FALSE
"nitrogen","ks","microbe_vs_none","mic_2",3.64,-15.4,22.3,FALSE
"nitrogen","ks","microbe_vs_none","mic_3",0.372,-19,20.1,FALSE
"nitrogen","ks","microbe_vs_none","mic_4",-1.56,-21.8,19.9,FALSE
"nitrogen","ks","microbe_vs_none","mic_5",9.81,-9.82,30.9,FALSE
"nitrogen","ks","microbe_vs_none","mic_6",13.7,-8.28,38.6,FALSE
"nitrogen","ks","microbe_vs_none","mic_7",14.8,-10.5,39.3,FALSE
"nitrogen","ks","microbe_vs_none","mic_8",1.77,-17.2,22.1,FALSE
"nitrogen","ks","microbe_vs_none","mic_9",-4.45,-22,12.3,FALSE
"nitrogen","ks","community_vs_none","all",49.5,23.5,76.3,TRUE
"nitrogen","ks","emergent_mean","all - mean(15)",42.9,19.7,67.2,TRUE
"nitrogen","ks","emergent_sum","all - sum(15)",-52.2,-238,140,FALSE
"nitrogen","mumax","microbe_vs_none","mic_1",0.023,-0.141,0.2,FALSE
"nitrogen","mumax","microbe_vs_none","mic_10",0.0127,-0.128,0.154,FALSE
"nitrogen","mumax","microbe_vs_none","mic_11",-0.0403,-0.224,0.143,FALSE
"nitrogen","mumax","microbe_vs_none","mic_12",0.0136,-0.118,0.143,FALSE
"nitrogen","mumax","microbe_vs_none","mic_13",0.0386,-0.112,0.179,FALSE
"nitrogen","mumax","microbe_vs_none","mic_14",-0.00279,-0.132,0.118,FALSE
"nitrogen","mumax","microbe_vs_none","mic_15",-0.0421,-0.184,0.0992,FALSE
"nitrogen","mumax","microbe_vs_none","mic_2",0.0597,-0.0809,0.187,FALSE
"nitrogen","mumax","microbe_vs_none","mic_3",0.0201,-0.121,0.151,FALSE
"nitrogen","mumax","microbe_vs_none","mic_4",-0.0931,-0.247,0.0563,FALSE
"nitrogen","mumax","microbe_vs_none","mic_5",0.0606,-0.0834,0.213,FALSE
"nitrogen","mumax","microbe_vs_none","mic_6",-0.00809,-0.143,0.143,FALSE
"nitrogen","mumax","microbe_vs_none","mic_7",-0.00601,-0.172,0.166,FALSE
"nitrogen","mumax","microbe_vs_none","mic_8",0.0229,-0.105,0.157,FALSE
"nitrogen","mumax","microbe_vs_none","mic_9",-0.106,-0.239,0.016,FALSE
"nitrogen","mumax","community_vs_none","all",0.288,0.104,0.453,TRUE
"nitrogen","mumax","emergent_mean","all - mean(15)",0.291,0.143,0.441,TRUE
"nitrogen","mumax","emergent_sum","all - sum(15)",0.321,-0.985,1.77,FALSE
"salt","mu_max","microbe_vs_none","mic_1",-0.0102,-0.142,0.129,FALSE
"salt","mu_max","microbe_vs_none","mic_10",0.113,-0.0332,0.268,FALSE
"salt","mu_max","microbe_vs_none","mic_11",-0.153,-0.324,0.0486,FALSE
"salt","mu_max","microbe_vs_none","mic_12",0.0345,-0.143,0.207,FALSE
"salt","mu_max","microbe_vs_none","mic_13",-0.0339,-0.201,0.138,FALSE
"salt","mu_max","microbe_vs_none","mic_14",0.000778,-0.14,0.14,FALSE
"salt","mu_max","microbe_vs_none","mic_15",0.0405,-0.101,0.18,FALSE
"salt","mu_max","microbe_vs_none","mic_2",0.0402,-0.114,0.18,FALSE
"salt","mu_max","microbe_vs_none","mic_3",0.0506,-0.0784,0.184,FALSE
"salt","mu_max","microbe_vs_none","mic_4",-0.0445,-0.219,0.122,FALSE
"salt","mu_max","microbe_vs_none","mic_5",0.0941,-0.0604,0.243,FALSE
"salt","mu_max","microbe_vs_none","mic_6",0.0145,-0.113,0.138,FALSE
"salt","mu_max","microbe_vs_none","mic_7",-0.0111,-0.189,0.168,FALSE
"salt","mu_max","microbe_vs_none","mic_8",0.0165,-0.113,0.141,FALSE
"salt","mu_max","microbe_vs_none","mic_9",-0.115,-0.253,0.0222,FALSE
"salt","mu_max","community_vs_none","all",0.0964,-0.0581,0.25,FALSE
"salt","mu_max","emergent_mean","all - mean(15)",0.0943,-0.0264,0.214,FALSE
"salt","mu_max","emergent_sum","all - sum(15)",0.0484,-1.38,1.57,FALSE
"salt","s_lim","microbe_vs_none","mic_1",1.19,0.423,1.99,TRUE
"salt","s_lim","microbe_vs_none","mic_10",-0.229,-1.02,0.504,FALSE
"salt","s_lim","microbe_vs_none","mic_11",2.76,0.657,6.43,TRUE
"salt","s_lim","microbe_vs_none","mic_12",0.0642,-0.754,0.847,FALSE
"salt","s_lim","microbe_vs_none","mic_13",2.68,0.639,6.56,TRUE
"salt","s_lim","microbe_vs_none","mic_14",0.000247,-0.739,0.719,FALSE
"salt","s_lim","microbe_vs_none","mic_15",0.0279,-0.651,0.793,FALSE
"salt","s_lim","microbe_vs_none","mic_2",2.1,0.889,3.45,TRUE
"salt","s_lim","microbe_vs_none","mic_3",0.397,-0.317,1.13,FALSE
"salt","s_lim","microbe_vs_none","mic_4",1.99,0.129,4.94,TRUE
"salt","s_lim","microbe_vs_none","mic_5",-0.282,-1.01,0.464,FALSE
"salt","s_lim","microbe_vs_none","mic_6",-0.296,-0.988,0.461,FALSE
"salt","s_lim","microbe_vs_none","mic_7",0.682,-0.215,1.71,FALSE
"salt","s_lim","microbe_vs_none","mic_8",-0.115,-0.872,0.595,FALSE
"salt","s_lim","microbe_vs_none","mic_9",0.852,0.0261,1.67,TRUE
"salt","s_lim","community_vs_none","all",2.79,1.19,5.31,TRUE
"salt","s_lim","emergent_mean","all - mean(15)",1.93,0.406,4.47,TRUE
"salt","s_lim","emergent_sum","all - sum(15)",-9.5,-19.4,1.05,FALSE
"salt","salt_tol","microbe_vs_none","mic_1",0.452,0.18,0.727,TRUE
"salt","salt_tol","microbe_vs_none","mic_10",-0.0776,-0.31,0.175,FALSE
"salt","salt_tol","microbe_vs_none","mic_11",-0.0757,-0.394,0.254,FALSE
"salt","salt_tol","microbe_vs_none","mic_12",-0.0402,-0.306,0.232,FALSE
"salt","salt_tol","microbe_vs_none","mic_13",0.423,0.0607,0.779,TRUE
"salt","salt_tol","microbe_vs_none","mic_14",0.0312,-0.221,0.274,FALSE
"salt","salt_tol","microbe_vs_none","mic_15",0.051,-0.188,0.289,FALSE
"salt","salt_tol","microbe_vs_none","mic_2",0.627,0.274,1.01,TRUE
"salt","salt_tol","microbe_vs_none","mic_3",0.188,-0.0634,0.44,FALSE
"salt","salt_tol","microbe_vs_none","mic_4",0.317,-0.0156,0.68,FALSE
"salt","salt_tol","microbe_vs_none","mic_5",-0.102,-0.353,0.122,FALSE
"salt","salt_tol","microbe_vs_none","mic_6",0.0748,-0.155,0.322,FALSE
"salt","salt_tol","microbe_vs_none","mic_7",0.142,-0.158,0.467,FALSE
"salt","salt_tol","microbe_vs_none","mic_8",-0.0263,-0.257,0.204,FALSE
"salt","salt_tol","microbe_vs_none","mic_9",0.305,0.0239,0.599,TRUE
"salt","salt_tol","community_vs_none","all",0.0408,-0.23,0.301,FALSE
"salt","salt_tol","emergent_mean","all - mean(15)",-0.114,-0.314,0.0884,FALSE
"salt","salt_tol","emergent_sum","all - sum(15)",-2.28,-4.94,0.432,FALSE
"temperature","Tmax","microbe_vs_none","mic_1",0.272,-0.242,0.82,FALSE
"temperature","Tmax","microbe_vs_none","mic_10",0.0868,-0.457,0.633,FALSE
"temperature","Tmax","microbe_vs_none","mic_11",0.225,-0.323,0.738,FALSE
"temperature","Tmax","microbe_vs_none","mic_12",0.0467,-0.469,0.61,FALSE
"temperature","Tmax","microbe_vs_none","mic_13",0.229,-0.324,0.796,FALSE
"temperature","Tmax","microbe_vs_none","mic_14",0.198,-0.339,0.747,FALSE
"temperature","Tmax","microbe_vs_none","mic_15",0.111,-0.413,0.699,FALSE
"temperature","Tmax","microbe_vs_none","mic_2",0.272,-0.327,0.825,FALSE
"temperature","Tmax","microbe_vs_none","mic_3",0.237,-0.282,0.773,FALSE
"temperature","Tmax","microbe_vs_none","mic_4",0.183,-0.366,0.698,FALSE
"temperature","Tmax","microbe_vs_none","mic_5",0.0422,-0.511,0.593,FALSE
"temperature","Tmax","microbe_vs_none","mic_6",0.143,-0.355,0.68,FALSE
"temperature","Tmax","microbe_vs_none","mic_7",0.249,-0.28,0.8,FALSE
"temperature","Tmax","microbe_vs_none","mic_8",0.12,-0.477,0.651,FALSE
"temperature","Tmax","microbe_vs_none","mic_9",0.187,-0.29,0.707,FALSE
"temperature","Tmax","community_vs_none","all",0.205,-0.337,0.751,FALSE
"temperature","Tmax","emergent_mean","all - mean(15)",0.0292,-0.335,0.376,FALSE
"temperature","Tmax","emergent_sum","all - sum(15)",-2.41,-8.44,3.4,FALSE
"temperature","Tmin","microbe_vs_none","mic_1",-0.566,-2.72,1.56,FALSE
"temperature","Tmin","microbe_vs_none","mic_10",-1.07,-3.21,1.09,FALSE
"temperature","Tmin","microbe_vs_none","mic_11",-2.52,-9.67,1.76,FALSE
"temperature","Tmin","microbe_vs_none","mic_12",0.509,-1.95,2.71,FALSE
"temperature","Tmin","microbe_vs_none","mic_13",-0.258,-2.97,2.13,FALSE
"temperature","Tmin","microbe_vs_none","mic_14",-0.376,-2.64,1.9,FALSE
"temperature","Tmin","microbe_vs_none","mic_15",-1.28,-3.45,0.914,FALSE
"temperature","Tmin","microbe_vs_none","mic_2",-0.478,-3.24,2.29,FALSE
"temperature","Tmin","microbe_vs_none","mic_3",-0.94,-3.66,1.32,FALSE
"temperature","Tmin","microbe_vs_none","mic_4",-0.0116,-2.52,2.12,FALSE
"temperature","Tmin","microbe_vs_none","mic_5",-0.303,-2.36,1.73,FALSE
"temperature","Tmin","microbe_vs_none","mic_6",-0.788,-2.74,1.12,FALSE
"temperature","Tmin","microbe_vs_none","mic_7",-0.997,-3.48,1.25,FALSE
"temperature","Tmin","microbe_vs_none","mic_8",0.255,-1.89,2.21,FALSE
"temperature","Tmin","microbe_vs_none","mic_9",0.783,-1.45,2.81,FALSE
"temperature","Tmin","community_vs_none","all",-0.923,-4.29,2.14,FALSE
"temperature","Tmin","emergent_mean","all - mean(15)",-0.263,-3.42,2.42,FALSE
"temperature","Tmin","emergent_sum","all - sum(15)",8.45,-13.5,30,FALSE
"temperature","Topt","microbe_vs_none","mic_1",0.199,-0.467,0.901,FALSE
"temperature","Topt","microbe_vs_none","mic_10",-0.0629,-0.703,0.574,FALSE
"temperature","Topt","microbe_vs_none","mic_11",2.12,1.07,3.15,TRUE
"temperature","Topt","microbe_vs_none","mic_12",0.199,-0.445,0.865,FALSE
"temperature","Topt","microbe_vs_none","mic_13",0.13,-0.643,0.891,FALSE
"temperature","Topt","microbe_vs_none","mic_14",0.253,-0.442,1.02,FALSE
"temperature","Topt","microbe_vs_none","mic_15",-0.11,-0.761,0.513,FALSE
"temperature","Topt","microbe_vs_none","mic_2",0.447,-0.317,1.32,FALSE
"temperature","Topt","microbe_vs_none","mic_3",0.265,-0.384,1.06,FALSE
"temperature","Topt","microbe_vs_none","mic_4",0.205,-0.493,0.973,FALSE
"temperature","Topt","microbe_vs_none","mic_5",0.19,-0.477,0.858,FALSE
"temperature","Topt","microbe_vs_none","mic_6",0.0328,-0.57,0.657,FALSE
"temperature","Topt","microbe_vs_none","mic_7",0.169,-0.545,0.941,FALSE
"temperature","Topt","microbe_vs_none","mic_8",0.16,-0.496,0.757,FALSE
"temperature","Topt","microbe_vs_none","mic_9",0.305,-0.332,0.933,FALSE
"temperature","Topt","community_vs_none","all",0.979,0.0606,1.86,TRUE
"temperature","Topt","emergent_mean","all - mean(15)",0.673,-0.0753,1.48,FALSE
"temperature","Topt","emergent_sum","all - sum(15)",-3.77,-10.2,3.34,FALSE
"temperature","breadth","microbe_vs_none","mic_1",0.319,-0.789,1.32,FALSE
"temperature","breadth","microbe_vs_none","mic_10",0.496,-0.547,1.54,FALSE
"temperature","breadth","microbe_vs_none","mic_11",-2.52,-4.24,-0.976,TRUE
"temperature","breadth","microbe_vs_none","mic_12",-0.305,-1.44,0.831,FALSE
"temperature","breadth","microbe_vs_none","mic_13",0.254,-0.924,1.55,FALSE
"temperature","breadth","microbe_vs_none","mic_14",0.0603,-1.03,1.18,FALSE
"temperature","breadth","microbe_vs_none","mic_15",0.641,-0.389,1.77,FALSE
"temperature","breadth","microbe_vs_none","mic_2",-0.0162,-1.29,1.13,FALSE
"temperature","breadth","microbe_vs_none","mic_3",0.247,-0.822,1.33,FALSE
"temperature","breadth","microbe_vs_none","mic_4",0.0276,-1.09,1.08,FALSE
"temperature","breadth","microbe_vs_none","mic_5",-0.12,-1.15,0.902,FALSE
"temperature","breadth","microbe_vs_none","mic_6",0.388,-0.578,1.39,FALSE
"temperature","breadth","microbe_vs_none","mic_7",0.424,-0.698,1.5,FALSE
"temperature","breadth","microbe_vs_none","mic_8",-0.0744,-1.06,1.01,FALSE
"temperature","breadth","microbe_vs_none","mic_9",-0.295,-1.35,0.736,FALSE
"temperature","breadth","community_vs_none","all",-0.843,-2.12,0.429,FALSE
"temperature","breadth","emergent_mean","all - mean(15)",-0.81,-1.97,0.229,FALSE
"temperature","breadth","emergent_sum","all - sum(15)",-0.353,-10.9,10.6,FALSE
"temperature","r.max","microbe_vs_none","mic_1",0.0397,-0.0916,0.163,FALSE
"temperature","r.max","microbe_vs_none","mic_10",0.0219,-0.103,0.143,FALSE
"temperature","r.max","microbe_vs_none","mic_11",0.0726,-0.0869,0.236,FALSE
"temperature","r.max","microbe_vs_none","mic_12",0.0582,-0.0664,0.184,FALSE
"temperature","r.max","microbe_vs_none","mic_13",-0.0572,-0.205,0.0917,FALSE
"temperature","r.max","microbe_vs_none","mic_14",0.0274,-0.1,0.157,FALSE
"temperature","r.max","microbe_vs_none","mic_15",0.0144,-0.116,0.149,FALSE
"temperature","r.max","microbe_vs_none","mic_2",0.111,-0.0228,0.248,FALSE
"temperature","r.max","microbe_vs_none","mic_3",0.0526,-0.0709,0.168,FALSE
"temperature","r.max","microbe_vs_none","mic_4",-0.0165,-0.149,0.111,FALSE
"temperature","r.max","microbe_vs_none","mic_5",0.0941,-0.0269,0.212,FALSE
"temperature","r.max","microbe_vs_none","mic_6",0.0461,-0.0734,0.159,FALSE
"temperature","r.max","microbe_vs_none","mic_7",0.016,-0.117,0.144,FALSE
"temperature","r.max","microbe_vs_none","mic_8",0.0446,-0.0782,0.167,FALSE
"temperature","r.max","microbe_vs_none","mic_9",0.0233,-0.097,0.147,FALSE
"temperature","r.max","community_vs_none","all",0.198,0.0607,0.338,TRUE
"temperature","r.max","emergent_mean","all - mean(15)",0.161,0.0553,0.265,TRUE
"temperature","r.max","emergent_sum","all - sum(15)",-0.356,-1.73,0.945,FALSE
