"gradient","mic","species","dir","from","to","x_peak","pdir_max","med_peak"
"temperature","all","community","facilitation",28.9,28.9,28.9,0.976,0.121
"temperature","11","P. protegens","antagonism",10.3,11.6,11.6,0.976,-0.083
"temperature","all","community","facilitation",41,41.8,41,0.975,0.191
"temperature","11","P. protegens","antagonism",27.7,27.7,27.7,0.975,-0.141
"temperature","11","P. protegens","antagonism",27.8,29.3,27.8,0.973,-0.138
"temperature","11","P. protegens","facilitation",41.5,42.1,41.5,0.973,0.203
"temperature","all","community","facilitation",26.5,28.7,28.7,0.972,0.115
"temperature","2","E. meliloti","facilitation",37.4,41.6,37.9,0.972,0.149
"temperature","2","E. meliloti","facilitation",28.6,36.7,36.7,0.97,0.143
"temperature","11","P. protegens","facilitation",34,35.4,35.4,0.968,0.166
"temperature","5","N. halotolerans","facilitation",25.4,38.1,31.4,0.934,0.091
"temperature","15","P. putida","facilitation",8,18.7,13.2,0.928,0.061
"nitrogen","11","P. protegens","antagonism",443.4,449.4,443.4,0.979,-0.133
"nitrogen","all","community","facilitation",339.3,495.5,495.5,0.978,0.123
"nitrogen","13","R. qingshengii","antagonism",194.2,194.2,194.2,0.976,-0.094
"nitrogen","11","P. protegens","antagonism",460.5,461.5,460.5,0.975,-0.131
"nitrogen","11","P. protegens","antagonism",464.5,856.9,464.5,0.975,-0.13
"nitrogen","13","R. qingshengii","antagonism",196.2,196.2,196.2,0.975,-0.094
"nitrogen","13","R. qingshengii","antagonism",198.2,317.3,198.2,0.975,-0.093
"nitrogen","all","community","antagonism",108.1,140.1,108.1,0.971,-0.103
"nitrogen","9","C. braakii","antagonism",146.1,1000,565.6,0.964,-0.088
"nitrogen","1","E. meliloti","antagonism",1,185.2,54.1,0.956,-0.112
"nitrogen","6","P. macmurdoensis","antagonism",1,290.3,125.1,0.956,-0.088
"nitrogen","7","P. sulfinovorans","antagonism",1,225.2,99.1,0.947,-0.097
"nitrogen","4","P. psychrotolerans","antagonism",161.2,1000,307.3,0.935,-0.076
"nitrogen","14","R. phycosphaerae","facilitation",1,128.1,67.1,0.92,0.073
"salt","2","E. meliloti","facilitation",10.1,11.2,10.1,0.982,0.061
"salt","4","P. psychrotolerans","facilitation",9.5,9.5,9.5,0.981,0.072
"salt","4","P. psychrotolerans","facilitation",9.6,9.6,9.6,0.979,0.072
"salt","4","P. psychrotolerans","facilitation",9.6,12,9.6,0.979,0.072
"salt","3","S. cerevisiae","facilitation",4.2,4.3,4.2,0.978,0.062
"salt","11","P. protegens","antagonism",0,0.4,0.4,0.977,-0.143
"salt","9","C. braakii","facilitation",4.2,4.2,4.2,0.976,0.061
"salt","3","S. cerevisiae","facilitation",4.4,6.9,4.4,0.975,0.059
"salt","9","C. braakii","facilitation",2.6,4.2,4.2,0.975,0.061
"salt","11","P. protegens","antagonism",2.3,3.1,2.3,0.975,-0.078
"salt","13","R. qingshengii","facilitation",1.1,1.5,1.5,0.975,0.081
"salt","1","E. meliloti","facilitation",8.9,9.7,8.9,0.974,0.04
"salt","3","S. cerevisiae","facilitation",0.4,1,1,0.974,0.077
"salt","4","P. psychrotolerans","facilitation",2.3,2.4,2.4,0.974,0.076
"salt","all","community","facilitation",3.7,3.8,3.7,0.973,0.061
"salt","11","P. protegens","facilitation",5.8,6.2,6.2,0.973,0.041
"salt","13","R. qingshengii","facilitation",10.9,12,10.9,0.973,0.083
"salt","4","P. psychrotolerans","facilitation",2.3,2.3,2.3,0.972,0.075
"salt","9","C. braakii","facilitation",8,8,8,0.972,0.037
"salt","all","community","facilitation",0.1,3.7,3.7,0.971,0.061
"salt","1","E. meliloti","facilitation",0.7,1,1,0.971,0.078
"salt","4","P. psychrotolerans","facilitation",1.5,2.2,2.2,0.97,0.073
"salt","9","C. braakii","facilitation",8.1,9.3,8.1,0.969,0.037
"salt","2","E. meliloti","facilitation",0.3,0.5,0.5,0.968,0.102
"salt","6","P. macmurdoensis","antagonism",8,12,12,0.966,-0.046
"salt","9","C. braakii","antagonism",0,0.4,0,0.951,-0.115
"salt","10","R. rosettiformans","facilitation",0,1.2,0.4,0.936,0.087
"salt","7","P. sulfinovorans","facilitation",4.1,8.4,6.4,0.932,0.036
