"trait","median","lo","hi","pNA","mic","axis"
"Topt",31.190853659477,30.0354044310819,32.2727002140267,0,"1","temperature"
"peak",2418343.38889529,2167801.25563629,2673844.85660879,0,"1","temperature"
"Tbr",27.2916319598123,23.9949054426627,31.2365995589122,0.000125,"1","temperature"
"Topt",31.6814983415054,30.4779617521433,32.9074858296957,0,"10","temperature"
"peak",2942198.36174164,2642998.2747846,3258302.61127582,0,"10","temperature"
"Tbr",26.5868771489785,22.7614843690628,31.5534362037682,0.00025,"10","temperature"
"Topt",34.8831597510623,32.4895816845886,36.8043461058295,0,"11","temperature"
"peak",1850668.17537874,1493868.83664049,2192746.96964395,0,"11","temperature"
"Tbr",20.743643750603,16.2383409410301,25.4117895912948,0,"11","temperature"
"Topt",31.9034722899181,30.8823346302848,32.8615159109876,0,"12","temperature"
"peak",2928844.19621602,2641399.30637267,3223380.23853843,0,"12","temperature"
"Tbr",25.5837319137292,22.7579524423672,29.1064637994936,0,"12","temperature"
"Topt",31.5836530065687,29.9883735251193,33.2410844176469,0,"13","temperature"
"peak",2150285.22212287,1915976.15422773,2394339.45376435,0,"13","temperature"
"Tbr",27.3563929982049,22.7820885227697,32.8020431782601,0.002875,"13","temperature"
"Topt",31.9041770734572,30.9501506240648,32.8912945230855,0,"14","temperature"
"peak",2842300.00428166,2545410.95495838,3124672.52551991,0,"14","temperature"
"Tbr",25.17540132224,22.4557515329969,28.4636832381924,0,"14","temperature"
"Topt",31.9869352189122,31.0834423990938,32.8012647396634,0,"15","temperature"
"peak",2892266.30659688,2636769.28382635,3138065.9486997,0,"15","temperature"
"Tbr",25.0745086602408,22.7974496569193,27.7153901194992,0,"15","temperature"
"Topt",31.4361202362263,30.0839693185564,32.6672124838678,0,"2","temperature"
"peak",2577063.66578849,2331524.93013358,2812312.86248535,0,"2","temperature"
"Tbr",27.4804059105396,23.560170104996,32.6753110037958,0.0015,"2","temperature"
"Topt",31.3724776437754,30.1608830196009,32.4917578402985,0,"3","temperature"
"peak",2908794.50403842,2671871.87850963,3149546.04753888,0,"3","temperature"
"Tbr",27.4063072076922,23.4921412581969,32.5766853604515,0.00175,"3","temperature"
"Topt",31.7297738677954,30.7551736758103,32.6485949227002,0,"4","temperature"
"peak",2504649.20507206,2273084.0318222,2736904.38792395,0,"4","temperature"
"Tbr",25.9902332211056,23.7873840464895,28.7318341022169,0,"4","temperature"
"Topt",31.9141267114639,30.9065910215957,32.9724832451635,0,"5","temperature"
"peak",2885306.30337663,2577769.21051256,3188646.0313448,0,"5","temperature"
"Tbr",25.3978406885756,22.3025278379019,28.8748106654313,0,"5","temperature"
"Topt",31.5392515520768,30.3253663455294,32.6301290592097,0,"6","temperature"
"peak",2719920.6541746,2406323.18965424,3025487.04537112,0,"6","temperature"
"Tbr",26.8787784370102,23.4784724570112,31.1544122880456,0.000625,"6","temperature"
"Topt",31.8251308109134,30.6267122205743,33.0060596179425,0,"7","temperature"
"peak",2750936.77953932,2499371.11275474,3017893.06815625,0,"7","temperature"
"Tbr",25.4985304672658,21.7485611008072,30.2468190989076,0,"7","temperature"
"Topt",31.8122911042899,30.7931248996022,32.7600161709602,0,"8","temperature"
"peak",2784351.95998607,2495957.63216698,3060325.68308296,0,"8","temperature"
"Tbr",25.6707303283114,22.9713593949781,28.9908629416971,0,"8","temperature"
"Topt",31.5082100148719,30.020697711208,32.7901542792486,0,"9","temperature"
"peak",2623419.69503374,2317416.33463823,2928868.56889738,0,"9","temperature"
"Tbr",26.8022627306867,22.4478215864328,32.2586820038356,0.002375,"9","temperature"
"Topt",33.5342291184277,31.6129832612007,35.3606314199459,0,"all","temperature"
"peak",2132547.72117813,1852029.91259113,2399470.13644889,0,"all","temperature"
"Tbr",23.3882545462566,19.5295722138265,27.5814699053148,0,"all","temperature"
"Topt",32.0603087587572,31.2783937709972,32.8019294292027,0,"none","temperature"
"peak",2850694.25764145,2565899.45107675,3116876.62281159,0,"none","temperature"
"Tbr",24.1779648727182,22.2666564224768,26.5766881040851,0,"none","temperature"
"mumax",6196.80303333333,4816.12533333333,7896.14324,0,"1","nitrogen"
"ks",1026.3137165,674.891783333333,1448.79646333333,0,"1","nitrogen"
"affinity",6.04464226408077,5.14307285270058,7.05133142409593,0,"1","nitrogen"
"mumax",8910.58532166667,7303.28151666667,10785.5370736667,0,"10","nitrogen"
"ks",1245.8497,926.474392333333,1611.94742776667,0,"10","nitrogen"
"affinity",7.15491687521656,6.45931654306383,7.8944504997079,0,"10","nitrogen"
"mumax",2892.40054833333,2185.57261333333,3710.54495,0,"11","nitrogen"
"ks",806.234461666667,457.834074,1220.352548,0,"11","nitrogen"
"affinity",3.60564626905084,2.74499157132059,4.79921842764837,0,"11","nitrogen"
"mumax",8451.22161133333,6999.12378666667,10209.20874,0,"12","nitrogen"
"ks",1212.43409,925.799265666667,1556.68980666667,0,"12","nitrogen"
"affinity",6.96277437422833,6.3354606577146,7.65781322178903,0,"12","nitrogen"
"mumax",5191.04947,3950.57860333333,6701.09788333333,0,"13","nitrogen"
"ks",929.193221833333,590.161623333333,1330.07660866667,0,"13","nitrogen"
"affinity",5.59764710098611,4.7241732683997,6.57370680240934,0,"13","nitrogen"
"mumax",8718.757495,7095.07555333333,10452.3874266667,0,"14","nitrogen"
"ks",1284.70021266667,952.306723333333,1673.58827666667,0,"14","nitrogen"
"affinity",6.78392711474322,6.08707227398296,7.50546549981892,0,"14","nitrogen"
"mumax",7973.2822645,6385.61105556667,9726.57698333333,0,"15","nitrogen"
"ks",1181.37222066667,841.757859666667,1560.38479,0,"15","nitrogen"
"affinity",6.76388281241441,5.98701537707284,7.56561234164199,0,"15","nitrogen"
"mumax",6005.298945,4822.84819666667,7392.21209333333,0,"2","nitrogen"
"ks",886.469218666667,618.620817333333,1212.34248333333,0,"2","nitrogen"
"affinity",6.78216935860141,5.8957184974041,7.81894649335448,0,"2","nitrogen"
"mumax",8040.16460333333,6730.6679,9683.08039,0,"3","nitrogen"
"ks",1166.4461495,886.292906666667,1512.403875,0,"3","nitrogen"
"affinity",6.88892082262298,6.24070553479811,7.61668122375348,0,"3","nitrogen"
"mumax",6228.989045,4752.83053333333,7969.82124333333,0,"4","nitrogen"
"ks",1023.9789745,677.809733666667,1437.09720166667,0,"4","nitrogen"
"affinity",6.0992356462478,5.18369663717748,7.01376338624433,0,"4","nitrogen"
"mumax",8356.49297983333,6567.06244433333,10181.5442333333,0,"5","nitrogen"
"ks",1225.00441528833,867.955316666667,1625.73028333333,0,"5","nitrogen"
"affinity",6.8108807683671,6.08686408052704,7.69571824188543,0,"5","nitrogen"
"mumax",8837.52007333333,7030.14573666667,10844.0128533333,0,"6","nitrogen"
"ks",1297.349845,949.642916666667,1697.463773,0,"6","nitrogen"
"affinity",6.8208060634061,6.15533463411746,7.6052753614057,0,"6","nitrogen"
"mumax",7969.00430666667,6426.83327333333,9648.44938666667,0,"7","nitrogen"
"ks",1303.49757783333,964.441123333333,1716.40736566667,0,"7","nitrogen"
"affinity",6.10648007686995,5.48728874460585,6.7737799239363,0,"7","nitrogen"
"mumax",8297.42006083333,6862.27631666667,10120.9341733333,0,"8","nitrogen"
"ks",1177.40082716667,867.738861333333,1511.001821,0,"8","nitrogen"
"affinity",7.05586837058314,6.37853117632365,7.76141684365958,0,"8","nitrogen"
"mumax",8050.750245,6428.42903966667,9691.22722,0,"9","nitrogen"
"ks",1252.15915465,920.07013,1616.41974166667,0,"9","nitrogen"
"affinity",6.43320537958478,5.83184945761004,7.11548182070248,0,"9","nitrogen"
"mumax",4388.46240333333,3339.65553333333,5565.83291666667,0,"all","nitrogen"
"ks",984.045887333333,663.190545333333,1374.34351233333,0,"all","nitrogen"
"affinity",4.46992298700081,3.87711638528993,5.15541819870393,0,"all","nitrogen"
"mumax",8001.04311,6593.78882,9510.45611,0,"none","nitrogen"
"ks",1134.7567255,849.244012,1460.41015733333,0,"none","nitrogen"
"affinity",7.05982781882122,6.36479232033162,7.79215458593549,0,"none","nitrogen"
"abd_max",3295.43635150244,3017.25530834106,3591.89313106337,0,"1","salt"
"salt_tol",2.02907285799872,1.86329368369943,2.17859994958631,0,"1","salt"
"m",2.01303209433333,1.83432781333333,2.16662938866667,0,"1","salt"
"abd_max",5134.66160150449,4759.67693924086,5593.21385521746,0,"10","salt"
"salt_tol",2.1406008519774,2.01072021350716,2.26523652393031,0,"10","salt"
"m",2.13614939833333,2.00373241233333,2.26220613333333,0,"10","salt"
"abd_max",1569.96224960083,1113.95371678173,1941.65889701192,0,"11","salt"
"salt_tol",0.957882758283447,0.716494423296589,1.21959046791269,0,"11","salt"
"m",0.669625700166667,-0.944102123333333,1.29248758666667,0,"11","salt"
"abd_max",4788.19201621899,4267.67567891812,5429.37657245088,0,"12","salt"
"salt_tol",1.94962144517242,1.75646965196788,2.14082647736941,0,"12","salt"
"m",1.94227952666667,1.74068202866667,2.13647343666667,0,"12","salt"
"abd_max",5505.85453031976,4387.08499267807,6516.91865360874,0,"13","salt"
"salt_tol",2.22564447330451,1.95948759413655,2.48121415926738,0,"13","salt"
"m",2.21060294,1.92550111,2.469742845,0,"13","salt"
"abd_max",5170.79881341985,4753.69642822769,5625.15270326948,0,"14","salt"
"salt_tol",2.13414233085421,1.99976108610049,2.26909235162037,0,"14","salt"
"m",2.12933562166667,1.99177406166667,2.264650944,0,"14","salt"
"abd_max",4387.07665396512,4066.30076914006,4767.43273961965,0,"15","salt"
"salt_tol",2.38139639823762,2.25764659780604,2.50874906064951,0,"15","salt"
"m",2.37561258816667,2.23848961,2.49288562,0,"15","salt"
"abd_max",3530.85768912294,3191.10678277012,3877.68866885325,0,"2","salt"
"salt_tol",2.53898236444147,2.32631262579438,2.75238434326665,0,"2","salt"
"m",2.5230155695,2.29976687333333,2.73867928,0,"2","salt"
"abd_max",4598.9401902634,4293.59330903032,4938.06953545017,0,"3","salt"
"salt_tol",2.19341747963256,2.06893020989705,2.30048851720824,0,"3","salt"
"m",2.18814807766667,2.06442741333333,2.298575106,0,"3","salt"
"abd_max",4598.85534948969,4136.54777408743,5030.44431355855,0,"4","salt"
"salt_tol",2.21716451301046,2.07710950933788,2.34888495097028,0,"4","salt"
"m",2.20721763083333,2.05768703,2.33484844666667,0,"4","salt"
"abd_max",4810.06534728774,4581.14340538563,5084.40255274548,0,"5","salt"
"salt_tol",2.22266514761328,2.11715822678778,2.31384535114054,0,"5","salt"
"m",2.218216705,2.112458246,2.31178092266667,0,"5","salt"
"abd_max",4974.89436443612,4582.28276987887,5459.42916212929,0,"6","salt"
"salt_tol",2.16324675449784,2.00107625063862,2.297920601363,0,"6","salt"
"m",2.15704070383333,1.98898705766667,2.29362348633333,0,"6","salt"
"abd_max",4811.19006382234,4396.26008604769,5243.68923917794,0,"7","salt"
"salt_tol",2.15517974087264,2.01797862347411,2.29000555480073,0,"7","salt"
"m",2.14994198033333,2.01084398333333,2.286242648,0,"7","salt"
"abd_max",5088.29929526819,4556.80790572495,5705.87710281135,0,"8","salt"
"salt_tol",2.21041838755002,2.03274416034266,2.37030399404463,0,"8","salt"
"m",2.20232688383333,2.01981057666667,2.36937709,0,"8","salt"
"abd_max",5235.06696140899,4858.69669489845,5712.57736041519,0,"9","salt"
"salt_tol",2.17350249985976,2.03143561868931,2.2969309055862,0,"9","salt"
"m",2.16847991473333,2.02428661333333,2.29469066133333,0,"9","salt"
"abd_max",1784.94514978763,1618.77967431694,1935.82874740444,0,"all","salt"
"salt_tol",0.982229604896745,0.884974317851779,1.08067738128875,0,"all","salt"
"m",-0.70506715,-1.43923046333333,0.0180799666666667,0,"all","salt"
"abd_max",4851.89609168272,4585.0035936155,5174.99856251727,0,"none","salt"
"salt_tol",2.20909923198635,2.09915715463608,2.30747721583926,0,"none","salt"
"m",2.204743683,2.09352766333333,2.30447260033333,0,"none","salt"
