"mic","trait","delta","lo","hi","excl0","pNA","axis"
"1","Topt",-0.873823001605755,-2.33533904481272,0.405637478302506,FALSE,0,"temperature"
"1","peak",-432800.777442596,-805685.167635495,-57312.5589673338,TRUE,0,"temperature"
"1","Tbr",3.1126296373982,-1.07942221525154,7.70105498228646,FALSE,0.000125,"temperature"
"10","Topt",-0.371591869677664,-1.78964154134041,1.10716216538465,FALSE,0,"temperature"
"10","peak",91834.3262843383,-319875.324383894,513799.042569561,FALSE,0,"temperature"
"10","Tbr",2.38479725627771,-2.24011577580097,7.75269716050544,FALSE,0.00025,"temperature"
"11","Topt",2.81839374700307,0.344811112967299,4.92375837019868,TRUE,0,"temperature"
"11","peak",-998230.570924336,-1426825.81056111,-534559.88073982,TRUE,0,"temperature"
"11","Tbr",-3.50849798864435,-8.50117579315765,1.712265869601,FALSE,0,"temperature"
"12","Topt",-0.167582189595713,-1.46687629366052,1.03789873975881,FALSE,0,"temperature"
"12","peak",81435.71804306,-307440.210975789,482874.863824797,FALSE,0,"temperature"
"12","Tbr",1.39327093763323,-2.56432176834523,5.30635621604229,FALSE,0,"temperature"
"13","Topt",-0.466693502521615,-2.27999525786263,1.28072281595979,FALSE,0,"temperature"
"13","peak",-699717.142593618,-1076158.74293918,-341035.65223869,TRUE,0,"temperature"
"13","Tbr",3.12538005191964,-1.99740133410493,9.31999945587694,FALSE,0.002875,"temperature"
"14","Topt",-0.152578064208255,-1.40295880722447,1.06854092799442,FALSE,0,"temperature"
"14","peak",-7919.92688264744,-402702.07306925,382434.101706109,FALSE,0,"temperature"
"14","Tbr",0.947781147455871,-2.59415171166266,5.02469952555559,FALSE,0,"temperature"
"15","Topt",-0.0670211056078589,-1.20403174990427,1.11708348454199,FALSE,0,"temperature"
"15","peak",40296.2952398041,-322055.940653564,419104.66284999,FALSE,0,"temperature"
"15","Tbr",0.881987411170099,-2.68012017079161,4.04388652570487,FALSE,0,"temperature"
"2","Topt",-0.628792807022238,-2.19700147554015,0.808171007150285,FALSE,0,"temperature"
"2","peak",-273818.595838697,-614734.02109202,108214.811980224,FALSE,0,"temperature"
"2","Tbr",3.29870931154525,-1.38521284508653,9.06092245203862,FALSE,0.0015,"temperature"
"3","Topt",-0.692645480266529,-2.03150568190151,0.702964600781762,FALSE,0,"temperature"
"3","peak",56506.6580533455,-294697.4405215,425893.402240347,FALSE,0,"temperature"
"3","Tbr",3.20658316907257,-1.50586386886379,8.75039401865208,FALSE,0.00175,"temperature"
"4","Topt",-0.335534093434152,-1.57173547437737,0.861655295516165,FALSE,0,"temperature"
"4","peak",-345049.410558623,-698195.663312211,14569.6782678384,FALSE,0,"temperature"
"4","Tbr",1.78171753904934,-1.45815022997769,5.35522435329824,FALSE,0,"temperature"
"5","Topt",-0.141352923237543,-1.37649864950122,1.16173392350269,FALSE,0,"temperature"
"5","peak",34115.6764797037,-368172.983778381,438206.25194778,FALSE,0,"temperature"
"5","Tbr",1.16625737616823,-2.68044298652246,5.33499406881129,FALSE,0,"temperature"
"6","Topt",-0.524179399984378,-1.99868967266671,0.743504327839108,FALSE,0,"temperature"
"6","peak",-133241.984270861,-536823.162618842,296684.301084324,FALSE,0,"temperature"
"6","Tbr",2.66019209688733,-1.82201201496979,7.35379397122345,FALSE,0.000625,"temperature"
"7","Topt",-0.242928158061369,-1.69583297195467,1.14772943298397,FALSE,0,"temperature"
"7","peak",-101438.175776881,-474557.846405033,277972.53646508,FALSE,0,"temperature"
"7","Tbr",1.30791519684515,-3.16311220610275,6.62159118508107,FALSE,0,"temperature"
"8","Topt",-0.254677636058435,-1.48641991905864,1.0203430318132,FALSE,0,"temperature"
"8","peak",-65884.9842162747,-467251.622176805,322209.972850279,FALSE,0,"temperature"
"8","Tbr",1.45958284594974,-2.09123187736907,5.59851461876389,FALSE,0,"temperature"
"9","Topt",-0.565331349959783,-2.27211027561217,0.911191455497281,FALSE,0,"temperature"
"9","peak",-228005.2599084,-637110.874215292,195554.64021561,FALSE,0,"temperature"
"9","Tbr",2.59296762431216,-2.2056050714364,8.74974642345931,FALSE,0.002375,"temperature"
"all","Topt",1.48210610153816,-0.641300776645298,3.42934337826931,FALSE,0,"temperature"
"all","peak",-716861.785444003,-1118646.76216952,-340770.78015242,TRUE,0,"temperature"
"all","Tbr",-0.86236159757985,-5.12607249455428,4.12973717792606,FALSE,0,"temperature"
"1","mumax",-1793.52405333333,-3900.300015,442.331613333335,FALSE,0,"nitrogen"
"1","ks",-101.548717,-628.681094,391.643484,FALSE,0,"nitrogen"
"1","affinity",-1.01314802966641,-2.19071064164582,0.190602067140174,FALSE,0,"nitrogen"
"10","mumax",909.052795666666,-1457.92012666667,3151.21292666667,FALSE,0,"nitrogen"
"10","ks",112.812879666667,-352.291473666667,585.268070333333,FALSE,0,"nitrogen"
"10","affinity",0.0911980037349682,-0.931792817930712,1.08768995803824,FALSE,0,"nitrogen"
"11","mumax",-5083.85587383333,-6829.39561666667,-3446.007544,TRUE,0,"nitrogen"
"11","ks",-325.557267166667,-823.916946666667,190.163306666667,FALSE,0,"nitrogen"
"11","affinity",-3.43510588090948,-4.60397120072514,-2.00305304805699,TRUE,0,"nitrogen"
"12","mumax",462.1173735,-1774.80194,2643.21504666667,FALSE,0,"nitrogen"
"12","ks",81.2860223333334,-362.682442666667,548.72937,FALSE,0,"nitrogen"
"12","affinity",-0.0905877677564595,-1.06236098972496,0.947530908242824,FALSE,0,"nitrogen"
"13","mumax",-2787.659735,-4824.0116304,-696.433320333334,TRUE,0,"nitrogen"
"13","ks",-203.75157225,-678.76829,314.142932666667,FALSE,0,"nitrogen"
"13","affinity",-1.45940998767404,-2.61895308450216,-0.248606511435214,TRUE,0,"nitrogen"
"14","mumax",704.049287666667,-1605.23907,2924.80981466667,FALSE,0,"nitrogen"
"14","ks",148.742464283333,-326.494208666667,636.075110333333,FALSE,0,"nitrogen"
"14","affinity",-0.263834199237393,-1.27405207866062,0.760907174376172,FALSE,0,"nitrogen"
"15","mumax",-5.32379850000052,-2232.96891,2196.921862,FALSE,0,"nitrogen"
"15","ks",45.6478856666668,-416.556115066667,541.002162,FALSE,0,"nitrogen"
"15","affinity",-0.290702091142481,-1.42395375440343,0.754064833864658,FALSE,0,"nitrogen"
"2","mumax",-1979.76585,-3934.40274296667,-23.0511066666668,TRUE,0,"nitrogen"
"2","ks",-243.547221716667,-691.348943333333,178.2524318,FALSE,0,"nitrogen"
"2","affinity",-0.276332603376308,-1.44659189293857,0.974649012815439,FALSE,0,"nitrogen"
"3","mumax",53.3309983333338,-2150.998009,2111.08430266667,FALSE,0,"nitrogen"
"3","ks",34.973607,-432.113886666667,470.791656666667,FALSE,0,"nitrogen"
"3","affinity",-0.167398271978279,-1.16651951936696,0.841479161658875,FALSE,0,"nitrogen"
"4","mumax",-1760.74803566667,-4023.61384333333,407.52897,FALSE,0,"nitrogen"
"4","ks",-109.652696166667,-610.889228666667,393.844083,FALSE,0,"nitrogen"
"4","affinity",-0.961370814106087,-2.10805942750725,0.227962063892833,FALSE,0,"nitrogen"
"5","mumax",342.414495,-2019.748122,2782.636189,FALSE,0,"nitrogen"
"5","ks",90.7891257666666,-382.441256666667,624.164518333333,FALSE,0,"nitrogen"
"5","affinity",-0.246948687110731,-1.3025244701039,0.865279462332952,FALSE,0,"nitrogen"
"6","mumax",813.873111666668,-1618.99482,3260.00001333333,FALSE,0,"nitrogen"
"6","ks",158.1080245,-335.077587,645.453568666666,FALSE,0,"nitrogen"
"6","affinity",-0.239337289717646,-1.28032396655188,0.780965869001357,FALSE,0,"nitrogen"
"7","mumax",-29.3557624999999,-2209.02595,2207.79578333333,FALSE,0,"nitrogen"
"7","ks",169.231542333333,-326.979240333333,659.932549666667,FALSE,0,"nitrogen"
"7","affinity",-0.947438331526091,-1.8991128379977,0.0344785004573271,FALSE,0,"nitrogen"
"8","mumax",307.8373955,-2016.55838666667,2472.81602903333,FALSE,0,"nitrogen"
"8","ks",46.9435863333334,-428.643894333333,487.443543333333,FALSE,0,"nitrogen"
"8","affinity",-0.00249580355131185,-1.03836878746342,0.994207492721747,FALSE,0,"nitrogen"
"9","mumax",62.0812725000005,-2137.64940666667,2284.11541,FALSE,0,"nitrogen"
"9","ks",117.992037916667,-360.112813333333,592.756361333333,FALSE,0,"nitrogen"
"9","affinity",-0.620748742235686,-1.60081669976228,0.387231270746691,FALSE,0,"nitrogen"
"all","mumax",-3597.07499633333,-5532.15153666667,-1754.60538,TRUE,0,"nitrogen"
"all","ks",-149.34977,-630.737980633333,351.647323,FALSE,0,"nitrogen"
"all","affinity",-2.58655925636802,-3.57035639336653,-1.6113904405864,TRUE,0,"nitrogen"
"1","abd_max",-1556.69806711589,-1958.79138843657,-1136.94109678599,TRUE,0,"salt"
"1","salt_tol",-0.177140776869298,-0.359352274926862,0.013891709656761,FALSE,0,"salt"
"1","m",-0.1891825752,-0.384591096333333,0.0050945863333336,FALSE,0,"salt"
"10","abd_max",280.034759186968,-225.864484418069,785.079938177849,FALSE,0,"salt"
"10","salt_tol",-0.0681322248208429,-0.23674452195545,0.0918427871085652,FALSE,0,"salt"
"10","m",-0.0679637487116667,-0.2390161654,0.093692399333333,FALSE,0,"salt"
"11","abd_max",-3285.05745267347,-3800.49071670462,-2814.67527684652,TRUE,0,"salt"
"11","salt_tol",-1.24661122627914,-1.50637397477864,-0.95752948146549,TRUE,0,"salt"
"11","m",-1.53248243266667,-3.14344922366667,-0.888560019666667,TRUE,0,"salt"
"12","abd_max",-64.1853330786498,-678.249104532356,642.50466968717,FALSE,0,"salt"
"12","salt_tol",-0.256509646523613,-0.479982004799663,-0.0384224524617172,TRUE,0,"salt"
"12","m",-0.260005250166666,-0.476888963033333,-0.026051331133333,TRUE,0,"salt"
"13","abd_max",642.750816046544,-470.989764857176,1724.55105619027,FALSE,0,"salt"
"13","salt_tol",0.0177515751463138,-0.273782091726762,0.292903891772271,FALSE,0,"salt"
"13","m",0.00680234766666676,-0.2829930563,0.306945891333333,FALSE,0,"salt"
"14","abd_max",315.522578213011,-187.529649576049,867.195722607303,FALSE,0,"salt"
"14","salt_tol",-0.0737445074874024,-0.243946147861671,0.0972457885729132,FALSE,0,"salt"
"14","m",-0.0741347104666665,-0.248415300933333,0.096982691,FALSE,0,"salt"
"15","abd_max",-467.881402741238,-912.872835029007,-9.17908682819598,TRUE,0,"salt"
"15","salt_tol",0.172561155757471,0.0130352894473416,0.337404720086059,TRUE,0,"salt"
"15","m",0.171266334088333,0.00900945453333302,0.337153766,TRUE,0,"salt"
"2","abd_max",-1323.06141476341,-1752.98214972894,-853.87042513352,TRUE,0,"salt"
"2","salt_tol",0.331051705575732,0.0897927713649476,0.556555916255104,TRUE,0,"salt"
"2","m",0.319314775506667,0.0800423993333328,0.557279721733333,TRUE,0,"salt"
"3","abd_max",-256.11808025859,-674.643097079931,191.569012094646,FALSE,0,"salt"
"3","salt_tol",-0.0160387155975541,-0.170060845528256,0.141791313169952,FALSE,0,"salt"
"3","m",-0.0169182446666669,-0.174690266,0.141779385333334,FALSE,0,"salt"
"4","abd_max",-260.843997332867,-783.584714954332,268.423650097102,FALSE,0,"salt"
"4","salt_tol",0.00990996931739518,-0.162019307964703,0.176162952306554,FALSE,0,"salt"
"4","m",0.00413660433333329,-0.176578192666667,0.167602034666666,FALSE,0,"salt"
"5","abd_max",-38.3729159175323,-451.996516242912,328.237383565688,FALSE,0,"salt"
"5","salt_tol",0.0129442846239283,-0.130969049092289,0.162282636917699,FALSE,0,"salt"
"5","m",0.0128434488333335,-0.132326065333333,0.164774816666666,FALSE,0,"salt"
"6","abd_max",123.91546357205,-366.663029248175,706.819035342461,FALSE,0,"salt"
"6","salt_tol",-0.0469082487183248,-0.235656560125437,0.132071986306981,FALSE,0,"salt"
"6","m",-0.0487187639666666,-0.243397414333333,0.133298923,FALSE,0,"salt"
"7","abd_max",-39.3579470283294,-558.870078463695,493.286605157437,FALSE,0,"salt"
"7","salt_tol",-0.0518700178131275,-0.231981680030389,0.114377079081972,FALSE,0,"salt"
"7","m",-0.0525265651666669,-0.2352918999,0.115952333343333,FALSE,0,"salt"
"8","abd_max",233.658950199935,-397.46990020352,904.440402964861,FALSE,0,"salt"
"8","salt_tol",0.00370566839341757,-0.208339952061132,0.193640279322988,FALSE,0,"salt"
"8","m",-0.000734884666666824,-0.213069775,0.200506605666667,FALSE,0,"salt"
"9","abd_max",383.970697588239,-125.478178931989,920.325516195493,FALSE,0,"salt"
"9","salt_tol",-0.035250271947411,-0.217509738976369,0.129480978614332,FALSE,0,"salt"
"9","m",-0.0359337921499996,-0.222869314999999,0.129749219666667,FALSE,0,"salt"
"all","abd_max",-3069.7917240301,-3423.68454172462,-2759.90432890401,TRUE,0,"salt"
"all","salt_tol",-1.22230601084334,-1.36872052182847,-1.08363173946286,TRUE,0,"salt"
"all","m",-2.90573557166667,-3.63280783066667,-2.17121572433333,TRUE,0,"salt"
